solid OpenSCAD_Model
  facet normal 0.321437 -0.946931 0
    outer loop
      vertex 70.7765 -2.39778 0
      vertex 71.1481 -2.27164 20.1
      vertex 70.7765 -2.39778 20.1
    endloop
  endfacet
  facet normal 0.321437 -0.946931 0
    outer loop
      vertex 71.1481 -2.27164 20.1
      vertex 70.7765 -2.39778 0
      vertex 71.1481 -2.27164 0
    endloop
  endfacet
  facet normal 0 -1 0
    outer loop
      vertex 33 -2.5 13.45
      vertex 0.5 -2.5 20.1
      vertex 27 -2.5 13.45
    endloop
  endfacet
  facet normal 0 -1 0
    outer loop
      vertex 0.5 -2.5 20.1
      vertex 26.6737 -2.5 13.4286
      vertex 27 -2.5 13.45
    endloop
  endfacet
  facet normal 0 -1 0
    outer loop
      vertex 0.5 -2.5 20.1
      vertex 26.353 -2.5 13.3648
      vertex 26.6737 -2.5 13.4286
    endloop
  endfacet
  facet normal 0 -1 0
    outer loop
      vertex 0.5 -2.5 20.1
      vertex 26.0433 -2.5 13.2597
      vertex 26.353 -2.5 13.3648
    endloop
  endfacet
  facet normal 0 -1 0
    outer loop
      vertex 0.5 -2.5 20.1
      vertex 25.75 -2.5 13.1151
      vertex 26.0433 -2.5 13.2597
    endloop
  endfacet
  facet normal 0 -1 0
    outer loop
      vertex 0.5 -2.5 20.1
      vertex 25.4781 -2.5 12.9334
      vertex 25.75 -2.5 13.1151
    endloop
  endfacet
  facet normal 0 -1 0
    outer loop
      vertex 0.5 -2.5 20.1
      vertex 25.2322 -2.5 12.7178
      vertex 25.4781 -2.5 12.9334
    endloop
  endfacet
  facet normal 0 -1 0
    outer loop
      vertex 0.5 -2.5 20.1
      vertex 25.0166 -2.5 12.4719
      vertex 25.2322 -2.5 12.7178
    endloop
  endfacet
  facet normal 0 -1 0
    outer loop
      vertex 0.5 -2.5 20.1
      vertex 24.8349 -2.5 12.2
      vertex 25.0166 -2.5 12.4719
    endloop
  endfacet
  facet normal 0 -1 0
    outer loop
      vertex 0.5 -2.5 20.1
      vertex 24.6903 -2.5 11.9067
      vertex 24.8349 -2.5 12.2
    endloop
  endfacet
  facet normal 0 -1 0
    outer loop
      vertex 0.5 -2.5 20.1
      vertex 24.5852 -2.5 11.597
      vertex 24.6903 -2.5 11.9067
    endloop
  endfacet
  facet normal 0 -1 0
    outer loop
      vertex 0.5 -2.5 20.1
      vertex 24.5214 -2.5 11.2763
      vertex 24.5852 -2.5 11.597
    endloop
  endfacet
  facet normal 0 -1 0
    outer loop
      vertex 0.5 -2.5 20.1
      vertex 24.5 -2.5 10.95
      vertex 24.5214 -2.5 11.2763
    endloop
  endfacet
  facet normal 0 -1 0
    outer loop
      vertex 0.5 -2.5 20.1
      vertex 24.5 -2.5 9.45
      vertex 24.5 -2.5 10.95
    endloop
  endfacet
  facet normal 0 -1 0
    outer loop
      vertex 0.5 -2.5 0
      vertex 24.5 -2.5 9.45
      vertex 0.5 -2.5 20.1
    endloop
  endfacet
  facet normal 0 -1 -0
    outer loop
      vertex 24.5 -2.5 9.45
      vertex 0.5 -2.5 0
      vertex 24.5214 -2.5 9.12369
    endloop
  endfacet
  facet normal 0 -1 -0
    outer loop
      vertex 24.5214 -2.5 9.12369
      vertex 0.5 -2.5 0
      vertex 24.5852 -2.5 8.80295
    endloop
  endfacet
  facet normal 0 -1 -0
    outer loop
      vertex 24.5852 -2.5 8.80295
      vertex 0.5 -2.5 0
      vertex 24.6903 -2.5 8.49329
    endloop
  endfacet
  facet normal 0 -1 -0
    outer loop
      vertex 24.6903 -2.5 8.49329
      vertex 0.5 -2.5 0
      vertex 24.8349 -2.5 8.2
    endloop
  endfacet
  facet normal 0 -1 -0
    outer loop
      vertex 24.8349 -2.5 8.2
      vertex 0.5 -2.5 0
      vertex 25.0166 -2.5 7.9281
    endloop
  endfacet
  facet normal 0 -1 -0
    outer loop
      vertex 25.0166 -2.5 7.9281
      vertex 0.5 -2.5 0
      vertex 25.2322 -2.5 7.68224
    endloop
  endfacet
  facet normal 0 -1 -0
    outer loop
      vertex 25.2322 -2.5 7.68224
      vertex 0.5 -2.5 0
      vertex 25.4781 -2.5 7.46662
    endloop
  endfacet
  facet normal 0 -1 -0
    outer loop
      vertex 27 -2.5 6.95
      vertex 0.5 -2.5 0
      vertex 33 -2.5 6.95
    endloop
  endfacet
  facet normal 0 -1 -0
    outer loop
      vertex 26.6737 -2.5 6.97139
      vertex 0.5 -2.5 0
      vertex 27 -2.5 6.95
    endloop
  endfacet
  facet normal 0 -1 -0
    outer loop
      vertex 26.353 -2.5 7.03519
      vertex 0.5 -2.5 0
      vertex 26.6737 -2.5 6.97139
    endloop
  endfacet
  facet normal 0 -1 -0
    outer loop
      vertex 26.0433 -2.5 7.14031
      vertex 0.5 -2.5 0
      vertex 26.353 -2.5 7.03519
    endloop
  endfacet
  facet normal 0 -1 -0
    outer loop
      vertex 25.75 -2.5 7.28493
      vertex 0.5 -2.5 0
      vertex 26.0433 -2.5 7.14031
    endloop
  endfacet
  facet normal 0 -1 -0
    outer loop
      vertex 25.4781 -2.5 7.46662
      vertex 0.5 -2.5 0
      vertex 25.75 -2.5 7.28493
    endloop
  endfacet
  facet normal 0 -1 0
    outer loop
      vertex 0.5 -2.5 20.1
      vertex 33 -2.5 13.45
      vertex 70 -2.5 20.1
    endloop
  endfacet
  facet normal 0 -1 0
    outer loop
      vertex 33.3263 -2.5 13.4286
      vertex 70 -2.5 20.1
      vertex 33 -2.5 13.45
    endloop
  endfacet
  facet normal 0 -1 0
    outer loop
      vertex 33.647 -2.5 13.3648
      vertex 70 -2.5 20.1
      vertex 33.3263 -2.5 13.4286
    endloop
  endfacet
  facet normal 0 -1 0
    outer loop
      vertex 33.9567 -2.5 13.2597
      vertex 70 -2.5 20.1
      vertex 33.647 -2.5 13.3648
    endloop
  endfacet
  facet normal 0 -1 0
    outer loop
      vertex 34.25 -2.5 13.1151
      vertex 70 -2.5 20.1
      vertex 33.9567 -2.5 13.2597
    endloop
  endfacet
  facet normal 0 -1 0
    outer loop
      vertex 34.5219 -2.5 12.9334
      vertex 70 -2.5 20.1
      vertex 34.25 -2.5 13.1151
    endloop
  endfacet
  facet normal 0 -1 0
    outer loop
      vertex 34.7678 -2.5 12.7178
      vertex 70 -2.5 20.1
      vertex 34.5219 -2.5 12.9334
    endloop
  endfacet
  facet normal 0 -1 0
    outer loop
      vertex 34.9834 -2.5 12.4719
      vertex 70 -2.5 20.1
      vertex 34.7678 -2.5 12.7178
    endloop
  endfacet
  facet normal 0 -1 0
    outer loop
      vertex 35.1651 -2.5 12.2
      vertex 70 -2.5 20.1
      vertex 34.9834 -2.5 12.4719
    endloop
  endfacet
  facet normal 0 -1 0
    outer loop
      vertex 35.3097 -2.5 11.9067
      vertex 70 -2.5 20.1
      vertex 35.1651 -2.5 12.2
    endloop
  endfacet
  facet normal 0 -1 0
    outer loop
      vertex 35.4148 -2.5 11.597
      vertex 70 -2.5 20.1
      vertex 35.3097 -2.5 11.9067
    endloop
  endfacet
  facet normal 0 -1 0
    outer loop
      vertex 35.4786 -2.5 11.2763
      vertex 70 -2.5 20.1
      vertex 35.4148 -2.5 11.597
    endloop
  endfacet
  facet normal 0 -1 0
    outer loop
      vertex 35.5 -2.5 10.95
      vertex 70 -2.5 20.1
      vertex 35.4786 -2.5 11.2763
    endloop
  endfacet
  facet normal 0 -1 0
    outer loop
      vertex 35.5 -2.5 9.45
      vertex 70 -2.5 20.1
      vertex 35.5 -2.5 10.95
    endloop
  endfacet
  facet normal 0 -1 0
    outer loop
      vertex 70 -2.5 0
      vertex 35.5 -2.5 9.45
      vertex 35.4786 -2.5 9.12369
    endloop
  endfacet
  facet normal 0 -1 0
    outer loop
      vertex 70 -2.5 0
      vertex 35.4786 -2.5 9.12369
      vertex 35.4148 -2.5 8.80295
    endloop
  endfacet
  facet normal 0 -1 0
    outer loop
      vertex 70 -2.5 0
      vertex 35.4148 -2.5 8.80295
      vertex 35.3097 -2.5 8.49329
    endloop
  endfacet
  facet normal 0 -1 0
    outer loop
      vertex 70 -2.5 0
      vertex 35.3097 -2.5 8.49329
      vertex 35.1651 -2.5 8.2
    endloop
  endfacet
  facet normal 0 -1 0
    outer loop
      vertex 70 -2.5 0
      vertex 35.1651 -2.5 8.2
      vertex 34.9834 -2.5 7.9281
    endloop
  endfacet
  facet normal 0 -1 0
    outer loop
      vertex 70 -2.5 0
      vertex 34.9834 -2.5 7.9281
      vertex 34.7678 -2.5 7.68224
    endloop
  endfacet
  facet normal 0 -1 0
    outer loop
      vertex 70 -2.5 0
      vertex 34.7678 -2.5 7.68224
      vertex 34.5219 -2.5 7.46662
    endloop
  endfacet
  facet normal 0 -1 0
    outer loop
      vertex 70 -2.5 0
      vertex 34.5219 -2.5 7.46662
      vertex 34.25 -2.5 7.28493
    endloop
  endfacet
  facet normal 0 -1 0
    outer loop
      vertex 70 -2.5 0
      vertex 34.25 -2.5 7.28493
      vertex 33.9567 -2.5 7.14031
    endloop
  endfacet
  facet normal 0 -1 0
    outer loop
      vertex 70 -2.5 0
      vertex 33 -2.5 6.95
      vertex 0.5 -2.5 0
    endloop
  endfacet
  facet normal 0 -1 0
    outer loop
      vertex 33 -2.5 6.95
      vertex 70 -2.5 0
      vertex 33.3263 -2.5 6.97139
    endloop
  endfacet
  facet normal 0 -1 0
    outer loop
      vertex 35.5 -2.5 9.45
      vertex 70 -2.5 0
      vertex 70 -2.5 20.1
    endloop
  endfacet
  facet normal 0 -1 0
    outer loop
      vertex 33.647 -2.5 7.03519
      vertex 70 -2.5 0
      vertex 33.9567 -2.5 7.14031
    endloop
  endfacet
  facet normal 0 -1 0
    outer loop
      vertex 33.3263 -2.5 6.97139
      vertex 70 -2.5 0
      vertex 33.647 -2.5 7.03519
    endloop
  endfacet
  facet normal 0.195062 -0.980791 0
    outer loop
      vertex 70.3916 -2.47433 0
      vertex 70.7765 -2.39778 20.1
      vertex 70.3916 -2.47433 20.1
    endloop
  endfacet
  facet normal 0.195062 -0.980791 0
    outer loop
      vertex 70.7765 -2.39778 20.1
      vertex 70.3916 -2.47433 0
      vertex 70.7765 -2.39778 0
    endloop
  endfacet
  facet normal 0.751724 0.659478 0
    outer loop
      vertex 72.3801 39.3263 20.1
      vertex 72.1213 39.6213 0
      vertex 72.1213 39.6213 20.1
    endloop
  endfacet
  facet normal 0.751724 0.659478 0
    outer loop
      vertex 72.1213 39.6213 0
      vertex 72.3801 39.3263 20.1
      vertex 72.3801 39.3263 0
    endloop
  endfacet
  facet normal 0.0654873 0.997853 -0
    outer loop
      vertex 70.3916 40.4743 0
      vertex 70 40.5 20.1
      vertex 70.3916 40.4743 20.1
    endloop
  endfacet
  facet normal 0.0654873 0.997853 0
    outer loop
      vertex 70 40.5 20.1
      vertex 70.3916 40.4743 0
      vertex 70 40.5 0
    endloop
  endfacet
  facet normal 0.0654112 -0.997858 0
    outer loop
      vertex 70 -2.5 0
      vertex 70.3916 -2.47433 20.1
      vertex 70 -2.5 20.1
    endloop
  endfacet
  facet normal 0.0654112 -0.997858 0
    outer loop
      vertex 70.3916 -2.47433 20.1
      vertex 70 -2.5 0
      vertex 70.3916 -2.47433 0
    endloop
  endfacet
  facet normal -0.896872 -0.44229 0
    outer loop
      vertex -2.09808 -1 0
      vertex -2.27164 -0.648056 20.1
      vertex -2.27164 -0.648056 0
    endloop
  endfacet
  facet normal -0.896872 -0.44229 0
    outer loop
      vertex -2.27164 -0.648056 20.1
      vertex -2.09808 -1 0
      vertex -2.09808 -1 20.1
    endloop
  endfacet
  facet normal -0.065416 -0.997858 0
    outer loop
      vertex 0.108429 -2.47433 0
      vertex 0.5 -2.5 20.1
      vertex 0.108429 -2.47433 20.1
    endloop
  endfacet
  facet normal -0.065416 -0.997858 -0
    outer loop
      vertex 0.5 -2.5 20.1
      vertex 0.108429 -2.47433 0
      vertex 0.5 -2.5 0
    endloop
  endfacet
  facet normal -0.321439 -0.94693 0
    outer loop
      vertex -0.648056 -2.27164 0
      vertex -0.276459 -2.39778 20.1
      vertex -0.648056 -2.27164 20.1
    endloop
  endfacet
  facet normal -0.321439 -0.94693 -0
    outer loop
      vertex -0.276459 -2.39778 20.1
      vertex -0.648056 -2.27164 0
      vertex -0.276459 -2.39778 0
    endloop
  endfacet
  facet normal -0.659428 0.751768 0
    outer loop
      vertex -1.32628 39.8801 0
      vertex -1.62132 39.6213 20.1
      vertex -1.32628 39.8801 20.1
    endloop
  endfacet
  facet normal -0.659428 0.751768 0
    outer loop
      vertex -1.62132 39.6213 20.1
      vertex -1.32628 39.8801 0
      vertex -1.62132 39.6213 0
    endloop
  endfacet
  facet normal -0.89685 0.442334 0
    outer loop
      vertex -2.27164 38.6481 0
      vertex -2.09808 39 20.1
      vertex -2.09808 39 0
    endloop
  endfacet
  facet normal -0.89685 0.442334 0
    outer loop
      vertex -2.09808 39 20.1
      vertex -2.27164 38.6481 0
      vertex -2.27164 38.6481 20.1
    endloop
  endfacet
  facet normal -0.442167 0.896933 0
    outer loop
      vertex -0.648056 40.2716 0
      vertex -1 40.0981 20.1
      vertex -0.648056 40.2716 20.1
    endloop
  endfacet
  facet normal -0.442167 0.896933 0
    outer loop
      vertex -1 40.0981 20.1
      vertex -0.648056 40.2716 0
      vertex -1 40.0981 0
    endloop
  endfacet
  facet normal 1 -0 0
    outer loop
      vertex 73 0.5 20.1
      vertex 73 37.5 0
      vertex 73 37.5 20.1
    endloop
  endfacet
  facet normal 1 0 0
    outer loop
      vertex 73 37.5 0
      vertex 73 0.5 20.1
      vertex 73 0.5 0
    endloop
  endfacet
  facet normal -1 0 0
    outer loop
      vertex -2.5 37.5 0
      vertex -2.5 36.54 8.4
      vertex -2.5 37.5 20.1
    endloop
  endfacet
  facet normal -1 0 0
    outer loop
      vertex -2.5 37.5 0
      vertex -2.5 25.38 8.4
      vertex -2.5 36.54 8.4
    endloop
  endfacet
  facet normal -1 0 0
    outer loop
      vertex -2.5 25.38 8.4
      vertex -2.5 19.04 8.4
      vertex -2.5 25.38 16.6
    endloop
  endfacet
  facet normal -1 0 0
    outer loop
      vertex -2.5 37.5 0
      vertex -2.5 19.04 8.4
      vertex -2.5 25.38 8.4
    endloop
  endfacet
  facet normal -1 0 0
    outer loop
      vertex -2.5 0.5 0
      vertex -2.5 19.04 8.4
      vertex -2.5 37.5 0
    endloop
  endfacet
  facet normal -1 0 0
    outer loop
      vertex -2.5 0.5 20.1
      vertex -2.5 7.88 8.4
      vertex -2.5 0.5 0
    endloop
  endfacet
  facet normal -1 -0 0
    outer loop
      vertex -2.5 19.04 8.4
      vertex -2.5 0.5 0
      vertex -2.5 7.88 8.4
    endloop
  endfacet
  facet normal -1 0 0
    outer loop
      vertex -2.5 36.54 16.6
      vertex -2.5 37.5 20.1
      vertex -2.5 36.54 8.4
    endloop
  endfacet
  facet normal -1 0 0
    outer loop
      vertex -2.5 25.38 16.6
      vertex -2.5 37.5 20.1
      vertex -2.5 36.54 16.6
    endloop
  endfacet
  facet normal -1 0 0
    outer loop
      vertex -2.5 19.04 16.6
      vertex -2.5 25.38 16.6
      vertex -2.5 19.04 8.4
    endloop
  endfacet
  facet normal -1 0 0
    outer loop
      vertex -2.5 19.04 16.6
      vertex -2.5 37.5 20.1
      vertex -2.5 25.38 16.6
    endloop
  endfacet
  facet normal -1 0 0
    outer loop
      vertex -2.5 0.5 20.1
      vertex -2.5 19.04 16.6
      vertex -2.5 7.88 16.6
    endloop
  endfacet
  facet normal -1 0 0
    outer loop
      vertex -2.5 19.04 16.6
      vertex -2.5 0.5 20.1
      vertex -2.5 37.5 20.1
    endloop
  endfacet
  facet normal -1 0 0
    outer loop
      vertex -2.5 7.88 8.4
      vertex -2.5 0.5 20.1
      vertex -2.5 7.88 16.6
    endloop
  endfacet
  facet normal -0.0654921 0.997853 0
    outer loop
      vertex 0.5 40.5 0
      vertex 0.108429 40.4743 20.1
      vertex 0.5 40.5 20.1
    endloop
  endfacet
  facet normal -0.0654921 0.997853 0
    outer loop
      vertex 0.108429 40.4743 20.1
      vertex 0.5 40.5 0
      vertex 0.108429 40.4743 0
    endloop
  endfacet
  facet normal 0.321574 0.946885 -0
    outer loop
      vertex 71.1481 40.2716 0
      vertex 70.7765 40.3978 20.1
      vertex 71.1481 40.2716 20.1
    endloop
  endfacet
  facet normal 0.321574 0.946885 0
    outer loop
      vertex 70.7765 40.3978 20.1
      vertex 71.1481 40.2716 0
      vertex 70.7765 40.3978 0
    endloop
  endfacet
  facet normal -0.659356 -0.751831 0
    outer loop
      vertex -1.62132 -1.62132 0
      vertex -1.32628 -1.88007 20.1
      vertex -1.62132 -1.62132 20.1
    endloop
  endfacet
  facet normal -0.659356 -0.751831 -0
    outer loop
      vertex -1.32628 -1.88007 20.1
      vertex -1.62132 -1.62132 0
      vertex -1.32628 -1.88007 0
    endloop
  endfacet
  facet normal -0.946931 0.321437 0
    outer loop
      vertex -2.39778 38.2765 0
      vertex -2.27164 38.6481 20.1
      vertex -2.27164 38.6481 0
    endloop
  endfacet
  facet normal -0.946931 0.321437 0
    outer loop
      vertex -2.27164 38.6481 20.1
      vertex -2.39778 38.2765 0
      vertex -2.39778 38.2765 20.1
    endloop
  endfacet
  facet normal -0.195068 -0.98079 0
    outer loop
      vertex -0.276459 -2.39778 0
      vertex 0.108429 -2.47433 20.1
      vertex -0.276459 -2.39778 20.1
    endloop
  endfacet
  facet normal -0.195068 -0.98079 -0
    outer loop
      vertex 0.108429 -2.47433 20.1
      vertex -0.276459 -2.39778 0
      vertex 0.108429 -2.47433 0
    endloop
  endfacet
  facet normal -0.751787 0.659406 0
    outer loop
      vertex -1.88007 39.3263 0
      vertex -1.62132 39.6213 20.1
      vertex -1.62132 39.6213 0
    endloop
  endfacet
  facet normal -0.751787 0.659406 0
    outer loop
      vertex -1.62132 39.6213 20.1
      vertex -1.88007 39.3263 0
      vertex -1.88007 39.3263 20.1
    endloop
  endfacet
  facet normal 0.980814 -0.194946 0
    outer loop
      vertex 72.8978 -0.276459 20.1
      vertex 72.9743 0.108429 0
      vertex 72.9743 0.108429 20.1
    endloop
  endfacet
  facet normal 0.980814 -0.194946 0
    outer loop
      vertex 72.9743 0.108429 0
      vertex 72.8978 -0.276459 20.1
      vertex 72.8978 -0.276459 0
    endloop
  endfacet
  facet normal -0.44229 -0.896872 0
    outer loop
      vertex -1 -2.09808 0
      vertex -0.648056 -2.27164 20.1
      vertex -1 -2.09808 20.1
    endloop
  endfacet
  facet normal -0.44229 -0.896872 -0
    outer loop
      vertex -0.648056 -2.27164 20.1
      vertex -1 -2.09808 0
      vertex -0.648056 -2.27164 0
    endloop
  endfacet
  facet normal 0 1 -0
    outer loop
      vertex 70 40.5 0
      vertex 0.5 40.5 20.1
      vertex 70 40.5 20.1
    endloop
  endfacet
  facet normal 0 1 0
    outer loop
      vertex 0.5 40.5 20.1
      vertex 70 40.5 0
      vertex 0.5 40.5 0
    endloop
  endfacet
  facet normal 0.831501 0.555523 0
    outer loop
      vertex 72.5981 39 20.1
      vertex 72.3801 39.3263 0
      vertex 72.3801 39.3263 20.1
    endloop
  endfacet
  facet normal 0.831501 0.555523 0
    outer loop
      vertex 72.3801 39.3263 0
      vertex 72.5981 39 20.1
      vertex 72.5981 39 0
    endloop
  endfacet
  facet normal -0.321576 0.946884 0
    outer loop
      vertex -0.276459 40.3978 0
      vertex -0.648056 40.2716 20.1
      vertex -0.276459 40.3978 20.1
    endloop
  endfacet
  facet normal -0.321576 0.946884 0
    outer loop
      vertex -0.648056 40.2716 20.1
      vertex -0.276459 40.3978 0
      vertex -0.648056 40.2716 0
    endloop
  endfacet
  facet normal -0.831489 0.555541 0
    outer loop
      vertex -2.09808 39 0
      vertex -1.88007 39.3263 20.1
      vertex -1.88007 39.3263 0
    endloop
  endfacet
  facet normal -0.831489 0.555541 0
    outer loop
      vertex -1.88007 39.3263 20.1
      vertex -2.09808 39 0
      vertex -2.09808 39 20.1
    endloop
  endfacet
  facet normal -0.997858 0.0654112 0
    outer loop
      vertex -2.5 37.5 0
      vertex -2.47433 37.8916 20.1
      vertex -2.47433 37.8916 0
    endloop
  endfacet
  facet normal -0.997858 0.0654112 0
    outer loop
      vertex -2.47433 37.8916 20.1
      vertex -2.5 37.5 0
      vertex -2.5 37.5 20.1
    endloop
  endfacet
  facet normal -0.555564 -0.831474 0
    outer loop
      vertex -1.32628 -1.88007 0
      vertex -1 -2.09808 20.1
      vertex -1.32628 -1.88007 20.1
    endloop
  endfacet
  facet normal -0.555564 -0.831474 -0
    outer loop
      vertex -1 -2.09808 20.1
      vertex -1.32628 -1.88007 0
      vertex -1 -2.09808 0
    endloop
  endfacet
  facet normal -0.194946 0.980814 0
    outer loop
      vertex 0.108429 40.4743 0
      vertex -0.276459 40.3978 20.1
      vertex 0.108429 40.4743 20.1
    endloop
  endfacet
  facet normal -0.194946 0.980814 0
    outer loop
      vertex -0.276459 40.3978 20.1
      vertex 0.108429 40.4743 0
      vertex -0.276459 40.3978 0
    endloop
  endfacet
  facet normal 0.896933 -0.442167 0
    outer loop
      vertex 72.5981 -1 20.1
      vertex 72.7716 -0.648056 0
      vertex 72.7716 -0.648056 20.1
    endloop
  endfacet
  facet normal 0.896933 -0.442167 0
    outer loop
      vertex 72.7716 -0.648056 0
      vertex 72.5981 -1 20.1
      vertex 72.5981 -1 0
    endloop
  endfacet
  facet normal 0.659406 -0.751787 0
    outer loop
      vertex 71.8263 -1.88007 0
      vertex 72.1213 -1.62132 20.1
      vertex 71.8263 -1.88007 20.1
    endloop
  endfacet
  facet normal 0.659406 -0.751787 0
    outer loop
      vertex 72.1213 -1.62132 20.1
      vertex 71.8263 -1.88007 0
      vertex 72.1213 -1.62132 0
    endloop
  endfacet
  facet normal 0.555523 0.831501 -0
    outer loop
      vertex 71.8263 39.8801 0
      vertex 71.5 40.0981 20.1
      vertex 71.8263 39.8801 20.1
    endloop
  endfacet
  facet normal 0.555523 0.831501 0
    outer loop
      vertex 71.5 40.0981 20.1
      vertex 71.8263 39.8801 0
      vertex 71.5 40.0981 0
    endloop
  endfacet
  facet normal 0.442211 0.896911 -0
    outer loop
      vertex 71.5 40.0981 0
      vertex 71.1481 40.2716 20.1
      vertex 71.5 40.0981 20.1
    endloop
  endfacet
  facet normal 0.442211 0.896911 0
    outer loop
      vertex 71.1481 40.2716 20.1
      vertex 71.5 40.0981 0
      vertex 71.1481 40.2716 0
    endloop
  endfacet
  facet normal 0.946885 0.321574 0
    outer loop
      vertex 72.8978 38.2765 20.1
      vertex 72.7716 38.6481 0
      vertex 72.7716 38.6481 20.1
    endloop
  endfacet
  facet normal 0.946885 0.321574 0
    outer loop
      vertex 72.7716 38.6481 0
      vertex 72.8978 38.2765 20.1
      vertex 72.8978 38.2765 0
    endloop
  endfacet
  facet normal 0.19494 0.980815 -0
    outer loop
      vertex 70.7765 40.3978 0
      vertex 70.3916 40.4743 20.1
      vertex 70.7765 40.3978 20.1
    endloop
  endfacet
  facet normal 0.19494 0.980815 0
    outer loop
      vertex 70.3916 40.4743 20.1
      vertex 70.7765 40.3978 0
      vertex 70.3916 40.4743 0
    endloop
  endfacet
  facet normal 0.997853 0.0654873 0
    outer loop
      vertex 73 37.5 20.1
      vertex 72.9743 37.8916 0
      vertex 72.9743 37.8916 20.1
    endloop
  endfacet
  facet normal 0.997853 0.0654873 0
    outer loop
      vertex 72.9743 37.8916 0
      vertex 73 37.5 20.1
      vertex 73 37.5 0
    endloop
  endfacet
  facet normal -0.555547 0.831485 0
    outer loop
      vertex -1 40.0981 0
      vertex -1.32628 39.8801 20.1
      vertex -1 40.0981 20.1
    endloop
  endfacet
  facet normal -0.555547 0.831485 0
    outer loop
      vertex -1.32628 39.8801 20.1
      vertex -1 40.0981 0
      vertex -1.32628 39.8801 0
    endloop
  endfacet
  facet normal 0.831485 -0.555547 0
    outer loop
      vertex 72.3801 -1.32628 20.1
      vertex 72.5981 -1 0
      vertex 72.5981 -1 20.1
    endloop
  endfacet
  facet normal 0.831485 -0.555547 0
    outer loop
      vertex 72.5981 -1 0
      vertex 72.3801 -1.32628 20.1
      vertex 72.3801 -1.32628 0
    endloop
  endfacet
  facet normal 0.751768 -0.659428 0
    outer loop
      vertex 72.1213 -1.62132 20.1
      vertex 72.3801 -1.32628 0
      vertex 72.3801 -1.32628 20.1
    endloop
  endfacet
  facet normal 0.751768 -0.659428 0
    outer loop
      vertex 72.3801 -1.32628 0
      vertex 72.1213 -1.62132 20.1
      vertex 72.1213 -1.62132 0
    endloop
  endfacet
  facet normal -0.997858 -0.065416 0
    outer loop
      vertex -2.47433 0.108429 0
      vertex -2.5 0.5 20.1
      vertex -2.5 0.5 0
    endloop
  endfacet
  facet normal -0.997858 -0.065416 0
    outer loop
      vertex -2.5 0.5 20.1
      vertex -2.47433 0.108429 0
      vertex -2.47433 0.108429 20.1
    endloop
  endfacet
  facet normal -0.980791 0.195062 0
    outer loop
      vertex -2.47433 37.8916 0
      vertex -2.39778 38.2765 20.1
      vertex -2.39778 38.2765 0
    endloop
  endfacet
  facet normal -0.980791 0.195062 0
    outer loop
      vertex -2.39778 38.2765 20.1
      vertex -2.47433 37.8916 0
      vertex -2.47433 37.8916 20.1
    endloop
  endfacet
  facet normal 0.946884 -0.321576 0
    outer loop
      vertex 72.7716 -0.648056 20.1
      vertex 72.8978 -0.276459 0
      vertex 72.8978 -0.276459 20.1
    endloop
  endfacet
  facet normal 0.946884 -0.321576 0
    outer loop
      vertex 72.8978 -0.276459 0
      vertex 72.7716 -0.648056 20.1
      vertex 72.7716 -0.648056 0
    endloop
  endfacet
  facet normal 0.659478 0.751724 -0
    outer loop
      vertex 72.1213 39.6213 0
      vertex 71.8263 39.8801 20.1
      vertex 72.1213 39.6213 20.1
    endloop
  endfacet
  facet normal 0.659478 0.751724 0
    outer loop
      vertex 71.8263 39.8801 20.1
      vertex 72.1213 39.6213 0
      vertex 71.8263 39.8801 0
    endloop
  endfacet
  facet normal 0.896911 0.442211 0
    outer loop
      vertex 72.7716 38.6481 20.1
      vertex 72.5981 39 0
      vertex 72.5981 39 20.1
    endloop
  endfacet
  facet normal 0.896911 0.442211 0
    outer loop
      vertex 72.5981 39 0
      vertex 72.7716 38.6481 20.1
      vertex 72.7716 38.6481 0
    endloop
  endfacet
  facet normal 0.980815 0.19494 0
    outer loop
      vertex 72.9743 37.8916 20.1
      vertex 72.8978 38.2765 0
      vertex 72.8978 38.2765 20.1
    endloop
  endfacet
  facet normal 0.980815 0.19494 0
    outer loop
      vertex 72.8978 38.2765 0
      vertex 72.9743 37.8916 20.1
      vertex 72.9743 37.8916 0
    endloop
  endfacet
  facet normal -0.98079 -0.195068 0
    outer loop
      vertex -2.39778 -0.276459 0
      vertex -2.47433 0.108429 20.1
      vertex -2.47433 0.108429 0
    endloop
  endfacet
  facet normal -0.98079 -0.195068 0
    outer loop
      vertex -2.47433 0.108429 20.1
      vertex -2.39778 -0.276459 0
      vertex -2.39778 -0.276459 20.1
    endloop
  endfacet
  facet normal -0.94693 -0.321439 0
    outer loop
      vertex -2.27164 -0.648056 0
      vertex -2.39778 -0.276459 20.1
      vertex -2.39778 -0.276459 0
    endloop
  endfacet
  facet normal -0.94693 -0.321439 0
    outer loop
      vertex -2.39778 -0.276459 20.1
      vertex -2.27164 -0.648056 0
      vertex -2.27164 -0.648056 20.1
    endloop
  endfacet
  facet normal -0.831474 -0.555564 0
    outer loop
      vertex -1.88007 -1.32628 0
      vertex -2.09808 -1 20.1
      vertex -2.09808 -1 0
    endloop
  endfacet
  facet normal -0.831474 -0.555564 0
    outer loop
      vertex -2.09808 -1 20.1
      vertex -1.88007 -1.32628 0
      vertex -1.88007 -1.32628 20.1
    endloop
  endfacet
  facet normal -0.751831 -0.659356 0
    outer loop
      vertex -1.62132 -1.62132 0
      vertex -1.88007 -1.32628 20.1
      vertex -1.88007 -1.32628 0
    endloop
  endfacet
  facet normal -0.751831 -0.659356 0
    outer loop
      vertex -1.88007 -1.32628 20.1
      vertex -1.62132 -1.62132 0
      vertex -1.62132 -1.62132 20.1
    endloop
  endfacet
  facet normal 0 0 -1
    outer loop
      vertex 23.5705 33.3056 0
      vertex 24.6875 33.7028 0
      vertex 24.6778 33.5932 0
    endloop
  endfacet
  facet normal 0 0 -1
    outer loop
      vertex 23.5705 33.3056 0
      vertex 24.6778 33.5932 0
      vertex 24.6616 33.4922 0
    endloop
  endfacet
  facet normal 0 0 -1
    outer loop
      vertex 23.5705 33.3056 0
      vertex 24.6616 33.4922 0
      vertex 24.6389 33.3998 0
    endloop
  endfacet
  facet normal 0 0 -1
    outer loop
      vertex 23.5705 33.3056 0
      vertex 24.6389 33.3998 0
      vertex 24.6098 33.316 0
    endloop
  endfacet
  facet normal 0 0 -1
    outer loop
      vertex 23.5705 33.3056 0
      vertex 24.6098 33.316 0
      vertex 24.5742 33.2407 0
    endloop
  endfacet
  facet normal 0 0 -1
    outer loop
      vertex 24.1614 32.9602 0
      vertex 24.5742 33.2407 0
      vertex 24.5321 33.174 0
    endloop
  endfacet
  facet normal 0 0 -1
    outer loop
      vertex 24.1614 32.9602 0
      vertex 24.5321 33.174 0
      vertex 24.484 33.1161 0
    endloop
  endfacet
  facet normal 0 0 -1
    outer loop
      vertex 24.2369 32.9735 0
      vertex 24.484 33.1161 0
      vertex 24.4304 33.0671 0
    endloop
  endfacet
  facet normal 0 0 -1
    outer loop
      vertex 24.2369 32.9735 0
      vertex 24.4304 33.0671 0
      vertex 24.3714 33.027 0
    endloop
  endfacet
  facet normal 0 0 -1
    outer loop
      vertex 24.2369 32.9735 0
      vertex 24.3714 33.027 0
      vertex 24.3069 32.9958 0
    endloop
  endfacet
  facet normal 0 0 -1
    outer loop
      vertex 24.484 33.1161 0
      vertex 24.2369 32.9735 0
      vertex 24.1614 32.9602 0
    endloop
  endfacet
  facet normal -0 0 -1
    outer loop
      vertex 24.5742 33.2407 0
      vertex 24.1614 32.9602 0
      vertex 23.5705 33.3056 0
    endloop
  endfacet
  facet normal 0 0 -1
    outer loop
      vertex 23.5705 33.3056 0
      vertex 24.1614 32.9602 0
      vertex 24.0804 32.9557 0
    endloop
  endfacet
  facet normal 0 0 -1
    outer loop
      vertex 23.5705 33.3056 0
      vertex 24.0804 32.9557 0
      vertex 23.971 32.9629 0
    endloop
  endfacet
  facet normal 0 0 -1
    outer loop
      vertex 23.5705 33.3056 0
      vertex 23.971 32.9629 0
      vertex 23.8738 32.9843 0
    endloop
  endfacet
  facet normal 0 0 -1
    outer loop
      vertex 23.6068 33.2128 0
      vertex 23.8738 32.9843 0
      vertex 23.7888 33.02 0
    endloop
  endfacet
  facet normal 0 0 -1
    outer loop
      vertex 23.6068 33.2128 0
      vertex 23.7888 33.02 0
      vertex 23.716 33.07 0
    endloop
  endfacet
  facet normal 0 0 -1
    outer loop
      vertex 23.6068 33.2128 0
      vertex 23.716 33.07 0
      vertex 23.6553 33.1342 0
    endloop
  endfacet
  facet normal 0 0 -1
    outer loop
      vertex 23.8738 32.9843 0
      vertex 23.6068 33.2128 0
      vertex 23.5705 33.3056 0
    endloop
  endfacet
  facet normal -0 0 -1
    outer loop
      vertex 24.6875 33.7028 0
      vertex 23.5705 33.3056 0
      vertex 24.6907 33.821 0
    endloop
  endfacet
  facet normal 0 0 -1
    outer loop
      vertex 22.8083 33.821 0
      vertex 23.5705 33.3056 0
      vertex 22.8517 33.2432 0
    endloop
  endfacet
  facet normal 0 0 -1
    outer loop
      vertex 23.5705 33.3056 0
      vertex 22.8083 33.821 0
      vertex 24.6907 33.821 0
    endloop
  endfacet
  facet normal -0 0 -1
    outer loop
      vertex 22.9 17.6929 0
      vertex 22.875 17.6806 0
      vertex 22.9 22 0
    endloop
  endfacet
  facet normal -0 0 -1
    outer loop
      vertex 26.6691 33.9403 0
      vertex 25.4837 33.7737 0
      vertex 25.4909 33.981 0
    endloop
  endfacet
  facet normal 0 0 -1
    outer loop
      vertex 26.6691 32.5 0
      vertex 25.4619 33.581 0
      vertex 25.4837 33.7737 0
    endloop
  endfacet
  facet normal 0 0 -1
    outer loop
      vertex 26.6691 32.5 0
      vertex 25.4257 33.403 0
      vertex 25.4619 33.581 0
    endloop
  endfacet
  facet normal 0 0 -1
    outer loop
      vertex 26.6691 32.5 0
      vertex 25.3749 33.2397 0
      vertex 25.4257 33.403 0
    endloop
  endfacet
  facet normal 0 0 -1
    outer loop
      vertex 26.6691 32.5 0
      vertex 25.3096 33.091 0
      vertex 25.3749 33.2397 0
    endloop
  endfacet
  facet normal 0 0 -1
    outer loop
      vertex 24.6294 32.5177 0
      vertex 26.6691 32.5 0
      vertex 25.2741 24.082 0
    endloop
  endfacet
  facet normal 0 0 -1
    outer loop
      vertex 26.6691 32.5 0
      vertex 25.2299 32.957 0
      vertex 25.3096 33.091 0
    endloop
  endfacet
  facet normal 0 0 -1
    outer loop
      vertex 26.6691 32.5 0
      vertex 25.1356 32.8377 0
      vertex 25.2299 32.957 0
    endloop
  endfacet
  facet normal 0 0 -1
    outer loop
      vertex 26.6691 32.5 0
      vertex 25.0278 32.7337 0
      vertex 25.1356 32.8377 0
    endloop
  endfacet
  facet normal 0 0 -1
    outer loop
      vertex 24.4716 32.4778 0
      vertex 25.2741 24.082 0
      vertex 25 24.1 0
    endloop
  endfacet
  facet normal 0 0 -1
    outer loop
      vertex 26.6691 32.5 0
      vertex 24.9075 32.6457 0
      vertex 25.0278 32.7337 0
    endloop
  endfacet
  facet normal 0 0 -1
    outer loop
      vertex 26.6691 32.5 0
      vertex 24.7747 32.5737 0
      vertex 24.9075 32.6457 0
    endloop
  endfacet
  facet normal 0 0 -1
    outer loop
      vertex 24.3013 32.4538 0
      vertex 25 24.1 0
      vertex 24.7259 24.082 0
    endloop
  endfacet
  facet normal 0 0 -1
    outer loop
      vertex 26.6691 32.5 0
      vertex 24.6294 32.5177 0
      vertex 24.7747 32.5737 0
    endloop
  endfacet
  facet normal 0 0 -1
    outer loop
      vertex 25.2741 24.082 0
      vertex 24.4716 32.4778 0
      vertex 24.6294 32.5177 0
    endloop
  endfacet
  facet normal 0 0 -1
    outer loop
      vertex 24.1184 32.4458 0
      vertex 24.7259 24.082 0
      vertex 24.4565 24.0284 0
    endloop
  endfacet
  facet normal 0 0 -1
    outer loop
      vertex 25 24.1 0
      vertex 24.3013 32.4538 0
      vertex 24.4716 32.4778 0
    endloop
  endfacet
  facet normal 0 0 -1
    outer loop
      vertex 23.8587 32.462 0
      vertex 24.4565 24.0284 0
      vertex 24.1964 23.9401 0
    endloop
  endfacet
  facet normal 0 0 -1
    outer loop
      vertex 24.7259 24.082 0
      vertex 24.1184 32.4458 0
      vertex 24.3013 32.4538 0
    endloop
  endfacet
  facet normal 0 0 -1
    outer loop
      vertex 21.6192 32.5 0
      vertex 24.1964 23.9401 0
      vertex 23.95 23.8187 0
    endloop
  endfacet
  facet normal 0 0 -1
    outer loop
      vertex 24.4565 24.0284 0
      vertex 23.8587 32.462 0
      vertex 24.1184 32.4458 0
    endloop
  endfacet
  facet normal 0 0 -1
    outer loop
      vertex 21.6192 32.5 0
      vertex 23.95 23.8187 0
      vertex 23.7216 23.666 0
    endloop
  endfacet
  facet normal 0 0 -1
    outer loop
      vertex 24.1964 23.9401 0
      vertex 23.6253 32.5108 0
      vertex 23.8587 32.462 0
    endloop
  endfacet
  facet normal 0 0 -1
    outer loop
      vertex 20.7078 32.5 0
      vertex 23.7216 23.666 0
      vertex 23.5151 23.4849 0
    endloop
  endfacet
  facet normal 0 0 -1
    outer loop
      vertex 24.1964 23.9401 0
      vertex 21.6192 32.5 0
      vertex 23.6253 32.5108 0
    endloop
  endfacet
  facet normal 0 0 -1
    outer loop
      vertex 18.229 32.5 0
      vertex 23.5151 23.4849 0
      vertex 23.334 23.2784 0
    endloop
  endfacet
  facet normal -0 0 -1
    outer loop
      vertex 23.6253 32.5108 0
      vertex 21.6192 32.5 0
      vertex 23.4181 32.5922 0
    endloop
  endfacet
  facet normal 0 0 -1
    outer loop
      vertex 18.229 32.5 0
      vertex 23.334 23.2784 0
      vertex 23.1813 23.05 0
    endloop
  endfacet
  facet normal -0 0 -1
    outer loop
      vertex 23.4181 32.5922 0
      vertex 21.6192 32.5 0
      vertex 23.2371 32.7062 0
    endloop
  endfacet
  facet normal 0 0 -1
    outer loop
      vertex 17.4288 32.5 0
      vertex 23.1813 23.05 0
      vertex 23.0599 22.8036 0
    endloop
  endfacet
  facet normal 0 0 -1
    outer loop
      vertex 15.294 32.5 0
      vertex 23.0599 22.8036 0
      vertex 22.9716 22.5435 0
    endloop
  endfacet
  facet normal -0 0 -1
    outer loop
      vertex 23.2371 32.7062 0
      vertex 21.6192 32.5 0
      vertex 23.0824 32.8526 0
    endloop
  endfacet
  facet normal 0 0 -1
    outer loop
      vertex 14.502 32.5 0
      vertex 22.9716 22.5435 0
      vertex 22.918 22.2741 0
    endloop
  endfacet
  facet normal 0 0 -1
    outer loop
      vertex 14.502 32.5 0
      vertex 22.918 22.2741 0
      vertex 22.9 22 0
    endloop
  endfacet
  facet normal 0 0 -1
    outer loop
      vertex 22.4128 17.3717 0
      vertex 22.9 22 0
      vertex 22.875 17.6806 0
    endloop
  endfacet
  facet normal -0 0 -1
    outer loop
      vertex 23.0824 32.8526 0
      vertex 21.6192 32.5 0
      vertex 22.9539 33.0317 0
    endloop
  endfacet
  facet normal -0 0 -1
    outer loop
      vertex 22.9539 33.0317 0
      vertex 21.6192 32.5 0
      vertex 22.8517 33.2432 0
    endloop
  endfacet
  facet normal 0 0 -1
    outer loop
      vertex 21.6192 32.5 0
      vertex 22.8083 33.8427 0
      vertex 22.8083 33.821 0
    endloop
  endfacet
  facet normal -0 0 -1
    outer loop
      vertex 22.8517 33.2432 0
      vertex 21.6192 32.5 0
      vertex 22.8083 33.821 0
    endloop
  endfacet
  facet normal 0 0 -1
    outer loop
      vertex 21.9948 17.0052 0
      vertex 22.9 22 0
      vertex 22.4128 17.3717 0
    endloop
  endfacet
  facet normal 0 0 -1
    outer loop
      vertex 21.6283 16.5872 0
      vertex 22.9 22 0
      vertex 21.9948 17.0052 0
    endloop
  endfacet
  facet normal 0 0 -1
    outer loop
      vertex 21.3194 16.125 0
      vertex 22.9 22 0
      vertex 21.6283 16.5872 0
    endloop
  endfacet
  facet normal -0 0 -1
    outer loop
      vertex 22.8083 33.8427 0
      vertex 21.6192 32.5 0
      vertex 22.6689 35.4349 0
    endloop
  endfacet
  facet normal -0 0 -1
    outer loop
      vertex 22.9 22 0
      vertex 21.3194 16.125 0
      vertex 14.502 32.5 0
    endloop
  endfacet
  facet normal 0 0 -1
    outer loop
      vertex 14.502 32.5 0
      vertex 21.3194 16.125 0
      vertex 21.0735 15.6264 0
    endloop
  endfacet
  facet normal 0 0 -1
    outer loop
      vertex 14.502 32.5 0
      vertex 21.0735 15.6264 0
      vertex 20.8948 15.1 0
    endloop
  endfacet
  facet normal 0 0 -1
    outer loop
      vertex 14.502 32.5 0
      vertex 20.8948 15.1 0
      vertex 20.7864 14.5547 0
    endloop
  endfacet
  facet normal 0 0 -1
    outer loop
      vertex -2.5 0.5 0
      vertex 20.7864 14.5547 0
      vertex 20.75 14 0
    endloop
  endfacet
  facet normal 0 0 -1
    outer loop
      vertex 23.7216 23.666 0
      vertex 20.7078 32.5 0
      vertex 21.6192 32.5 0
    endloop
  endfacet
  facet normal 0 0 -1
    outer loop
      vertex 31.3708 36.3219 0
      vertex 27.4508 35.3985 0
      vertex 27.4531 35.4349 0
    endloop
  endfacet
  facet normal 0 0 -1
    outer loop
      vertex 29.3202 32.5 0
      vertex 27.4485 35.3606 0
      vertex 27.4508 35.3985 0
    endloop
  endfacet
  facet normal 0 0 -1
    outer loop
      vertex 29.3202 32.5 0
      vertex 27.4464 35.3212 0
      vertex 27.4485 35.3606 0
    endloop
  endfacet
  facet normal 0 0 -1
    outer loop
      vertex 29.3202 32.5 0
      vertex 27.4442 35.2804 0
      vertex 27.4464 35.3212 0
    endloop
  endfacet
  facet normal 0 0 -1
    outer loop
      vertex 29.3202 32.5 0
      vertex 27.4422 35.238 0
      vertex 27.4442 35.2804 0
    endloop
  endfacet
  facet normal 0 0 -1
    outer loop
      vertex 29.3202 32.5 0
      vertex 27.4401 35.1941 0
      vertex 27.4422 35.238 0
    endloop
  endfacet
  facet normal 0 0 -1
    outer loop
      vertex 29.3202 32.5 0
      vertex 27.4382 35.1488 0
      vertex 27.4401 35.1941 0
    endloop
  endfacet
  facet normal 0 0 -1
    outer loop
      vertex 29.3202 32.5 0
      vertex 27.4364 35.101 0
      vertex 27.4382 35.1488 0
    endloop
  endfacet
  facet normal 0 0 -1
    outer loop
      vertex 29.3202 32.5 0
      vertex 27.4349 35.05 0
      vertex 27.4364 35.101 0
    endloop
  endfacet
  facet normal 0 0 -1
    outer loop
      vertex 29.3202 32.5 0
      vertex 27.4336 34.9957 0
      vertex 27.4349 35.05 0
    endloop
  endfacet
  facet normal 0 0 -1
    outer loop
      vertex 29.3202 32.5 0
      vertex 27.4326 34.9382 0
      vertex 27.4336 34.9957 0
    endloop
  endfacet
  facet normal 0 0 -1
    outer loop
      vertex 29.3202 32.5 0
      vertex 27.4319 34.8774 0
      vertex 27.4326 34.9382 0
    endloop
  endfacet
  facet normal 0 0 -1
    outer loop
      vertex 29.3202 32.5 0
      vertex 27.4315 34.8133 0
      vertex 27.4319 34.8774 0
    endloop
  endfacet
  facet normal 0 0 -1
    outer loop
      vertex 27.4314 34.746 0
      vertex 29.3202 32.5 0
      vertex 27.4314 32.5 0
    endloop
  endfacet
  facet normal 0 0 -1
    outer loop
      vertex 27.1 22 0
      vertex 27.5872 17.3717 0
      vertex 27.125 17.6806 0
    endloop
  endfacet
  facet normal 0 0 -1
    outer loop
      vertex 27.1 22 0
      vertex 27.125 17.6806 0
      vertex 27.1 17.6929 0
    endloop
  endfacet
  facet normal -0 0 -1
    outer loop
      vertex 33.4633 32.5 0
      vertex 26.9401 22.8036 0
      vertex 32.5628 32.5 0
    endloop
  endfacet
  facet normal 0 0 -1
    outer loop
      vertex 26.8187 23.05 0
      vertex 32.5628 32.5 0
      vertex 26.9401 22.8036 0
    endloop
  endfacet
  facet normal -0 0 -1
    outer loop
      vertex 32.5628 32.5 0
      vertex 26.8187 23.05 0
      vertex 32.171 32.5 0
    endloop
  endfacet
  facet normal 0 0 -1
    outer loop
      vertex 26.666 23.2784 0
      vertex 32.171 32.5 0
      vertex 26.8187 23.05 0
    endloop
  endfacet
  facet normal -0 0 -1
    outer loop
      vertex 32.171 32.5 0
      vertex 26.666 23.2784 0
      vertex 29.3202 32.5 0
    endloop
  endfacet
  facet normal 0 0 -1
    outer loop
      vertex 26.4849 23.4849 0
      vertex 29.3202 32.5 0
      vertex 26.666 23.2784 0
    endloop
  endfacet
  facet normal 0 0 -1
    outer loop
      vertex 26.2784 23.666 0
      vertex 29.3202 32.5 0
      vertex 26.4849 23.4849 0
    endloop
  endfacet
  facet normal 0 0 -1
    outer loop
      vertex 26.05 23.8187 0
      vertex 29.3202 32.5 0
      vertex 26.2784 23.666 0
    endloop
  endfacet
  facet normal -0 0 -1
    outer loop
      vertex 29.3202 32.5 0
      vertex 26.05 23.8187 0
      vertex 27.4314 32.5 0
    endloop
  endfacet
  facet normal 0 0 -1
    outer loop
      vertex 25.8036 23.9401 0
      vertex 27.4314 32.5 0
      vertex 26.05 23.8187 0
    endloop
  endfacet
  facet normal -0 0 -1
    outer loop
      vertex 27.4314 32.5 0
      vertex 25.8036 23.9401 0
      vertex 26.6691 32.5 0
    endloop
  endfacet
  facet normal 0 0 -1
    outer loop
      vertex 25.5435 24.0284 0
      vertex 26.6691 32.5 0
      vertex 25.8036 23.9401 0
    endloop
  endfacet
  facet normal 0 0 -1
    outer loop
      vertex 25.2741 24.082 0
      vertex 26.6691 32.5 0
      vertex 25.5435 24.0284 0
    endloop
  endfacet
  facet normal 0 0 -1
    outer loop
      vertex 25.4837 33.7737 0
      vertex 26.6691 33.9403 0
      vertex 26.6691 32.5 0
    endloop
  endfacet
  facet normal 0 0 -1
    outer loop
      vertex 26.6691 33.9403 0
      vertex 25.4909 33.981 0
      vertex 26.6659 34.0652 0
    endloop
  endfacet
  facet normal 0 0 -1
    outer loop
      vertex 25.4836 34.1819 0
      vertex 26.6562 34.181 0
      vertex 25.4909 33.981 0
    endloop
  endfacet
  facet normal 0 0 -1
    outer loop
      vertex 26.6562 34.181 0
      vertex 25.4836 34.1819 0
      vertex 26.64 34.2877 0
    endloop
  endfacet
  facet normal -0 0 -1
    outer loop
      vertex 26.6173 34.3854 0
      vertex 25.4836 34.1819 0
      vertex 26.5882 34.474 0
    endloop
  endfacet
  facet normal 0 -0 -1
    outer loop
      vertex 26.0258 34.8536 0
      vertex 26.5526 34.5535 0
      vertex 25.4836 34.1819 0
    endloop
  endfacet
  facet normal 0 -0 -1
    outer loop
      vertex 26.067 34.8544 0
      vertex 26.5526 34.5535 0
      vertex 26.0258 34.8536 0
    endloop
  endfacet
  facet normal 0 0 -1
    outer loop
      vertex 26.5105 34.6239 0
      vertex 26.067 34.8544 0
      vertex 26.4626 34.685 0
    endloop
  endfacet
  facet normal -0 -0 -1
    outer loop
      vertex 26.1458 34.8497 0
      vertex 26.4626 34.685 0
      vertex 26.067 34.8544 0
    endloop
  endfacet
  facet normal 0 0 -1
    outer loop
      vertex 26.4626 34.685 0
      vertex 26.1458 34.8497 0
      vertex 26.4095 34.7368 0
    endloop
  endfacet
  facet normal 0 0 -1
    outer loop
      vertex 26.3513 34.7791 0
      vertex 26.1458 34.8497 0
      vertex 26.2879 34.8121 0
    endloop
  endfacet
  facet normal -0 0 -1
    outer loop
      vertex 26.5882 34.474 0
      vertex 25.4836 34.1819 0
      vertex 26.5526 34.5535 0
    endloop
  endfacet
  facet normal 0 0 -1
    outer loop
      vertex 26.2879 34.8121 0
      vertex 26.1458 34.8497 0
      vertex 26.2194 34.8356 0
    endloop
  endfacet
  facet normal 0 0 -1
    outer loop
      vertex 26.4095 34.7368 0
      vertex 26.1458 34.8497 0
      vertex 26.3513 34.7791 0
    endloop
  endfacet
  facet normal 0 0 -1
    outer loop
      vertex 26.5526 34.5535 0
      vertex 26.067 34.8544 0
      vertex 26.5105 34.6239 0
    endloop
  endfacet
  facet normal 0 0 -1
    outer loop
      vertex 26.0258 34.8536 0
      vertex 25.4836 34.1819 0
      vertex 25.9828 34.8511 0
    endloop
  endfacet
  facet normal 0 0 -1
    outer loop
      vertex 25.9828 34.8511 0
      vertex 25.4836 34.1819 0
      vertex 25.9381 34.847 0
    endloop
  endfacet
  facet normal -0 0 -1
    outer loop
      vertex 26.64 34.2877 0
      vertex 25.4836 34.1819 0
      vertex 26.6173 34.3854 0
    endloop
  endfacet
  facet normal 0 0 -1
    outer loop
      vertex 25.9381 34.847 0
      vertex 25.4836 34.1819 0
      vertex 25.8916 34.8412 0
    endloop
  endfacet
  facet normal 0 0 -1
    outer loop
      vertex 25.4615 34.369 0
      vertex 25.8916 34.8412 0
      vertex 25.4836 34.1819 0
    endloop
  endfacet
  facet normal 0 0 -1
    outer loop
      vertex 25.8916 34.8412 0
      vertex 25.4615 34.369 0
      vertex 25.8434 34.8337 0
    endloop
  endfacet
  facet normal -0 0 -1
    outer loop
      vertex 26.6659 34.0652 0
      vertex 25.4909 33.981 0
      vertex 26.6562 34.181 0
    endloop
  endfacet
  facet normal 0 0 -1
    outer loop
      vertex 29.3202 32.5 0
      vertex 27.4314 34.746 0
      vertex 27.4315 34.8133 0
    endloop
  endfacet
  facet normal 0 0 -1
    outer loop
      vertex 31.3708 33.1184 0
      vertex 29.3202 33.1184 0
      vertex 31.3708 36.3219 0
    endloop
  endfacet
  facet normal 0 0 -1
    outer loop
      vertex 32.171 36.3219 0
      vertex 32.7712 34.9622 0
      vertex 32.171 32.5 0
    endloop
  endfacet
  facet normal -0 0 -1
    outer loop
      vertex 32.7945 34.8587 0
      vertex 32.171 32.5 0
      vertex 32.7712 34.9622 0
    endloop
  endfacet
  facet normal -0 0 -1
    outer loop
      vertex 32.827 34.7597 0
      vertex 32.171 32.5 0
      vertex 32.7945 34.8587 0
    endloop
  endfacet
  facet normal -0 0 -1
    outer loop
      vertex 32.8689 34.6652 0
      vertex 32.171 32.5 0
      vertex 32.827 34.7597 0
    endloop
  endfacet
  facet normal -0 0 -1
    outer loop
      vertex 32.9201 34.5751 0
      vertex 32.171 32.5 0
      vertex 32.8689 34.6652 0
    endloop
  endfacet
  facet normal -0 0 -1
    outer loop
      vertex 32.9805 34.4896 0
      vertex 32.171 32.5 0
      vertex 32.9201 34.5751 0
    endloop
  endfacet
  facet normal -0 0 -1
    outer loop
      vertex 33.0489 34.4104 0
      vertex 32.171 32.5 0
      vertex 32.9805 34.4896 0
    endloop
  endfacet
  facet normal -0 0 -1
    outer loop
      vertex 33.1238 34.3393 0
      vertex 32.171 32.5 0
      vertex 33.0489 34.4104 0
    endloop
  endfacet
  facet normal 0 0 -1
    outer loop
      vertex 32.171 32.5 0
      vertex 33.1238 34.3393 0
      vertex 32.5628 32.5 0
    endloop
  endfacet
  facet normal -0 0 -1
    outer loop
      vertex 33.2052 34.2763 0
      vertex 32.5628 32.5 0
      vertex 33.1238 34.3393 0
    endloop
  endfacet
  facet normal -0 0 -1
    outer loop
      vertex 33.2932 34.2215 0
      vertex 32.5628 32.5 0
      vertex 33.2052 34.2763 0
    endloop
  endfacet
  facet normal -0 0 -1
    outer loop
      vertex 33.3876 34.1748 0
      vertex 32.5628 32.5 0
      vertex 33.2932 34.2215 0
    endloop
  endfacet
  facet normal -0 0 -1
    outer loop
      vertex 33.4887 34.1362 0
      vertex 32.5628 32.5 0
      vertex 33.3876 34.1748 0
    endloop
  endfacet
  facet normal 0 0 -1
    outer loop
      vertex 32.5628 32.5 0
      vertex 33.4887 34.1362 0
      vertex 33.5962 34.1058 0
    endloop
  endfacet
  facet normal 0 0 -1
    outer loop
      vertex 40.5299 33.802 0
      vertex 42.6592 34.4286 0
      vertex 42.6533 34.2466 0
    endloop
  endfacet
  facet normal 0 0 -1
    outer loop
      vertex 42.6592 34.4286 0
      vertex 40.5869 35.123 0
      vertex 42.6534 34.6075 0
    endloop
  endfacet
  facet normal 0 0 -1
    outer loop
      vertex 40.5299 33.802 0
      vertex 42.6533 34.2466 0
      vertex 42.6356 34.0774 0
    endloop
  endfacet
  facet normal 0 0 -1
    outer loop
      vertex 42.6534 34.6075 0
      vertex 40.5869 35.123 0
      vertex 42.6362 34.7736 0
    endloop
  endfacet
  facet normal 0 0 -1
    outer loop
      vertex 40.5299 33.802 0
      vertex 42.6356 34.0774 0
      vertex 42.6061 33.9209 0
    endloop
  endfacet
  facet normal 0 0 -1
    outer loop
      vertex 42.6362 34.7736 0
      vertex 40.5869 35.123 0
      vertex 42.6076 34.927 0
    endloop
  endfacet
  facet normal 0 0 -1
    outer loop
      vertex 40.5299 33.802 0
      vertex 42.6061 33.9209 0
      vertex 42.5648 33.7771 0
    endloop
  endfacet
  facet normal 0 -0 -1
    outer loop
      vertex 41.5552 35.7496 0
      vertex 42.6076 34.927 0
      vertex 40.5869 35.123 0
    endloop
  endfacet
  facet normal 0 0 -1
    outer loop
      vertex 41.6868 33.0821 0
      vertex 42.5648 33.7771 0
      vertex 42.5118 33.6461 0
    endloop
  endfacet
  facet normal -0 -0 -1
    outer loop
      vertex 41.7049 35.7427 0
      vertex 42.6076 34.927 0
      vertex 41.5552 35.7496 0
    endloop
  endfacet
  facet normal 0 0 -1
    outer loop
      vertex 41.8268 33.1034 0
      vertex 42.5118 33.6461 0
      vertex 42.4469 33.5278 0
    endloop
  endfacet
  facet normal 0 0 -1
    outer loop
      vertex 42.6076 34.927 0
      vertex 41.7049 35.7427 0
      vertex 42.5675 35.0676 0
    endloop
  endfacet
  facet normal 0 0 -1
    outer loop
      vertex 41.8268 33.1034 0
      vertex 42.4469 33.5278 0
      vertex 42.3703 33.4222 0
    endloop
  endfacet
  facet normal -0 -0 -1
    outer loop
      vertex 41.8438 35.7221 0
      vertex 42.5159 35.1955 0
      vertex 41.7049 35.7427 0
    endloop
  endfacet
  facet normal 0 0 -1
    outer loop
      vertex 41.8268 33.1034 0
      vertex 42.3703 33.4222 0
      vertex 42.2825 33.3301 0
    endloop
  endfacet
  facet normal 0 0 -1
    outer loop
      vertex 42.5159 35.1955 0
      vertex 41.8438 35.7221 0
      vertex 42.4529 35.3107 0
    endloop
  endfacet
  facet normal 0 0 -1
    outer loop
      vertex 41.8268 33.1034 0
      vertex 42.2825 33.3301 0
      vertex 42.1843 33.2522 0
    endloop
  endfacet
  facet normal 0 0 -1
    outer loop
      vertex 42.4529 35.3107 0
      vertex 41.8438 35.7221 0
      vertex 42.3784 35.4132 0
    endloop
  endfacet
  facet normal 0 0 -1
    outer loop
      vertex 41.8268 33.1034 0
      vertex 42.1843 33.2522 0
      vertex 42.0756 33.1884 0
    endloop
  endfacet
  facet normal 0 0 -1
    outer loop
      vertex 42.2929 35.5024 0
      vertex 41.8438 35.7221 0
      vertex 42.1967 35.5779 0
    endloop
  endfacet
  facet normal 0 0 -1
    outer loop
      vertex 41.8268 33.1034 0
      vertex 42.0756 33.1884 0
      vertex 41.9564 33.1388 0
    endloop
  endfacet
  facet normal 0 0 -1
    outer loop
      vertex 42.1967 35.5779 0
      vertex 41.8438 35.7221 0
      vertex 42.0897 35.6397 0
    endloop
  endfacet
  facet normal 0 0 -1
    outer loop
      vertex 42.5118 33.6461 0
      vertex 41.8268 33.1034 0
      vertex 41.6868 33.0821 0
    endloop
  endfacet
  facet normal 0 0 -1
    outer loop
      vertex 42.0897 35.6397 0
      vertex 41.8438 35.7221 0
      vertex 41.9721 35.6878 0
    endloop
  endfacet
  facet normal -0 0 -1
    outer loop
      vertex 42.5648 33.7771 0
      vertex 41.6868 33.0821 0
      vertex 40.5299 33.802 0
    endloop
  endfacet
  facet normal 0 0 -1
    outer loop
      vertex 42.3784 35.4132 0
      vertex 41.8438 35.7221 0
      vertex 42.2929 35.5024 0
    endloop
  endfacet
  facet normal 0 0 -1
    outer loop
      vertex 40.5299 33.802 0
      vertex 41.6868 33.0821 0
      vertex 41.5362 33.075 0
    endloop
  endfacet
  facet normal 0 0 -1
    outer loop
      vertex 42.5675 35.0676 0
      vertex 41.7049 35.7427 0
      vertex 42.5159 35.1955 0
    endloop
  endfacet
  facet normal 0 0 -1
    outer loop
      vertex 41.5552 35.7496 0
      vertex 40.5869 35.123 0
      vertex 41.4556 35.7461 0
    endloop
  endfacet
  facet normal 0 0 -1
    outer loop
      vertex 40.6195 33.6091 0
      vertex 41.5362 33.075 0
      vertex 41.3383 33.0899 0
    endloop
  endfacet
  facet normal 0 0 -1
    outer loop
      vertex 41.4556 35.7461 0
      vertex 40.5869 35.123 0
      vertex 41.3598 35.7357 0
    endloop
  endfacet
  facet normal 0 0 -1
    outer loop
      vertex 41.3598 35.7357 0
      vertex 40.5869 35.123 0
      vertex 41.2678 35.7184 0
    endloop
  endfacet
  facet normal 0 0 -1
    outer loop
      vertex 40.7272 33.4459 0
      vertex 41.3383 33.0899 0
      vertex 41.1584 33.1344 0
    endloop
  endfacet
  facet normal 0 0 -1
    outer loop
      vertex 41.2678 35.7184 0
      vertex 40.5869 35.123 0
      vertex 41.1796 35.6942 0
    endloop
  endfacet
  facet normal 0 0 -1
    outer loop
      vertex 41.1796 35.6942 0
      vertex 40.5869 35.123 0
      vertex 41.0953 35.6631 0
    endloop
  endfacet
  facet normal 0 0 -1
    outer loop
      vertex 40.7272 33.4459 0
      vertex 41.1584 33.1344 0
      vertex 40.9966 33.2086 0
    endloop
  endfacet
  facet normal 0 0 -1
    outer loop
      vertex 41.0953 35.6631 0
      vertex 40.5869 35.123 0
      vertex 41.0148 35.625 0
    endloop
  endfacet
  facet normal 0 0 -1
    outer loop
      vertex 41.0148 35.625 0
      vertex 40.5869 35.123 0
      vertex 40.9381 35.58 0
    endloop
  endfacet
  facet normal 0 0 -1
    outer loop
      vertex 40.7272 33.4459 0
      vertex 40.9966 33.2086 0
      vertex 40.8529 33.3124 0
    endloop
  endfacet
  facet normal 0 0 -1
    outer loop
      vertex 40.9381 35.58 0
      vertex 40.5869 35.123 0
      vertex 40.8668 35.5292 0
    endloop
  endfacet
  facet normal 0 0 -1
    outer loop
      vertex 40.8668 35.5292 0
      vertex 40.5869 35.123 0
      vertex 40.8026 35.4735 0
    endloop
  endfacet
  facet normal 0 0 -1
    outer loop
      vertex 41.3383 33.0899 0
      vertex 40.7272 33.4459 0
      vertex 40.6195 33.6091 0
    endloop
  endfacet
  facet normal 0 0 -1
    outer loop
      vertex 40.8026 35.4735 0
      vertex 40.5869 35.123 0
      vertex 40.7454 35.4131 0
    endloop
  endfacet
  facet normal 0 0 -1
    outer loop
      vertex 40.7454 35.4131 0
      vertex 40.5869 35.123 0
      vertex 40.6952 35.3478 0
    endloop
  endfacet
  facet normal 0 0 -1
    outer loop
      vertex 41.5362 33.075 0
      vertex 40.6195 33.6091 0
      vertex 40.5299 33.802 0
    endloop
  endfacet
  facet normal 0 0 -1
    outer loop
      vertex 40.6952 35.3478 0
      vertex 40.5869 35.123 0
      vertex 40.652 35.2777 0
    endloop
  endfacet
  facet normal 0 0 -1
    outer loop
      vertex 40.652 35.2777 0
      vertex 40.5869 35.123 0
      vertex 40.6159 35.2027 0
    endloop
  endfacet
  facet normal -0 0 -1
    outer loop
      vertex 42.6592 34.4286 0
      vertex 40.5299 33.802 0
      vertex 40.5869 35.123 0
    endloop
  endfacet
  facet normal 0 0 -1
    outer loop
      vertex 40.5299 33.802 0
      vertex 39.8816 35.3156 0
      vertex 40.5869 35.123 0
    endloop
  endfacet
  facet normal 0 -0 -1
    outer loop
      vertex 39.8816 35.3156 0
      vertex 40.5299 33.802 0
      vertex 39.8328 33.5389 0
    endloop
  endfacet
  facet normal -0 0 -1
    outer loop
      vertex 42.9 17.6929 0
      vertex 42.875 17.6806 0
      vertex 42.9 22 0
    endloop
  endfacet
  facet normal -0 0 -1
    outer loop
      vertex 45.3442 34.2736 0
      vertex 43.4545 34.1689 0
      vertex 43.4648 34.4286 0
    endloop
  endfacet
  facet normal 0 0 -1
    outer loop
      vertex 43.7216 23.666 0
      vertex 43.4237 33.9263 0
      vertex 43.4545 34.1689 0
    endloop
  endfacet
  facet normal 0 0 -1
    outer loop
      vertex 43.7216 23.666 0
      vertex 43.3724 33.7006 0
      vertex 43.4237 33.9263 0
    endloop
  endfacet
  facet normal 0 0 -1
    outer loop
      vertex 38.4781 32.5 0
      vertex 43.5151 23.4849 0
      vertex 43.334 23.2784 0
    endloop
  endfacet
  facet normal 0 0 -1
    outer loop
      vertex 43.7216 23.666 0
      vertex 43.3005 33.492 0
      vertex 43.3724 33.7006 0
    endloop
  endfacet
  facet normal 0 0 -1
    outer loop
      vertex 43.7216 23.666 0
      vertex 43.2081 33.3003 0
      vertex 43.3005 33.492 0
    endloop
  endfacet
  facet normal 0 0 -1
    outer loop
      vertex 38.4781 32.5 0
      vertex 43.334 23.2784 0
      vertex 43.1813 23.05 0
    endloop
  endfacet
  facet normal 0 0 -1
    outer loop
      vertex 43.7216 23.666 0
      vertex 43.0951 33.1256 0
      vertex 43.2081 33.3003 0
    endloop
  endfacet
  facet normal 0 0 -1
    outer loop
      vertex 37.6779 32.5 0
      vertex 43.1813 23.05 0
      vertex 43.0599 22.8036 0
    endloop
  endfacet
  facet normal 0 0 -1
    outer loop
      vertex 36.089 32.5 0
      vertex 43.0599 22.8036 0
      vertex 42.9716 22.5435 0
    endloop
  endfacet
  facet normal 0 0 -1
    outer loop
      vertex 43.7216 23.666 0
      vertex 42.9617 32.9679 0
      vertex 43.0951 33.1256 0
    endloop
  endfacet
  facet normal 0 0 -1
    outer loop
      vertex 27.082 22.2741 0
      vertex 42.918 22.2741 0
      vertex 27.1 22 0
    endloop
  endfacet
  facet normal 0 0 -1
    outer loop
      vertex 28.3717 16.5872 0
      vertex 27.1 22 0
      vertex 42.9 22 0
    endloop
  endfacet
  facet normal 0 0 -1
    outer loop
      vertex 42.4128 17.3717 0
      vertex 42.9 22 0
      vertex 42.875 17.6806 0
    endloop
  endfacet
  facet normal 0 0 -1
    outer loop
      vertex 43.7216 23.666 0
      vertex 42.8093 32.8294 0
      vertex 42.9617 32.9679 0
    endloop
  endfacet
  facet normal 0 0 -1
    outer loop
      vertex 43.7216 23.666 0
      vertex 42.6399 32.7122 0
      vertex 42.8093 32.8294 0
    endloop
  endfacet
  facet normal 0 0 -1
    outer loop
      vertex 43.7216 23.666 0
      vertex 42.4534 32.6163 0
      vertex 42.6399 32.7122 0
    endloop
  endfacet
  facet normal 0 0 -1
    outer loop
      vertex 41.9948 17.0052 0
      vertex 42.9 22 0
      vertex 42.4128 17.3717 0
    endloop
  endfacet
  facet normal 0 0 -1
    outer loop
      vertex 43.7216 23.666 0
      vertex 42.2497 32.5417 0
      vertex 42.4534 32.6163 0
    endloop
  endfacet
  facet normal 0 0 -1
    outer loop
      vertex 43.7216 23.666 0
      vertex 42.029 32.4884 0
      vertex 42.2497 32.5417 0
    endloop
  endfacet
  facet normal 0 0 -1
    outer loop
      vertex 41.6283 16.5872 0
      vertex 42.9 22 0
      vertex 41.9948 17.0052 0
    endloop
  endfacet
  facet normal 0 0 -1
    outer loop
      vertex 43.7216 23.666 0
      vertex 41.7912 32.4564 0
      vertex 42.029 32.4884 0
    endloop
  endfacet
  facet normal 0 0 -1
    outer loop
      vertex 28.3717 16.5872 0
      vertex 42.9 22 0
      vertex 41.6283 16.5872 0
    endloop
  endfacet
  facet normal 0 0 -1
    outer loop
      vertex 43.7216 23.666 0
      vertex 41.5362 32.4458 0
      vertex 41.7912 32.4564 0
    endloop
  endfacet
  facet normal 0 0 -1
    outer loop
      vertex 43.7216 23.666 0
      vertex 41.3661 32.4513 0
      vertex 41.5362 32.4458 0
    endloop
  endfacet
  facet normal 0 0 -1
    outer loop
      vertex 28.3717 16.5872 0
      vertex 41.6283 16.5872 0
      vertex 41.3194 16.125 0
    endloop
  endfacet
  facet normal 0 0 -1
    outer loop
      vertex 43.7216 23.666 0
      vertex 41.2031 32.4678 0
      vertex 41.3661 32.4513 0
    endloop
  endfacet
  facet normal 0 0 -1
    outer loop
      vertex 28.6806 16.125 0
      vertex 41.3194 16.125 0
      vertex 41.0735 15.6264 0
    endloop
  endfacet
  facet normal 0 0 -1
    outer loop
      vertex 43.5151 23.4849 0
      vertex 38.4781 32.5 0
      vertex 41.047 32.4953 0
    endloop
  endfacet
  facet normal 0 0 -1
    outer loop
      vertex 43.5151 23.4849 0
      vertex 41.047 32.4953 0
      vertex 41.2031 32.4678 0
    endloop
  endfacet
  facet normal 0 0 -1
    outer loop
      vertex 28.9265 15.6264 0
      vertex 41.0735 15.6264 0
      vertex 40.8948 15.1 0
    endloop
  endfacet
  facet normal 0 0 -1
    outer loop
      vertex 29.1052 15.1 0
      vertex 40.8948 15.1 0
      vertex 40.7864 14.5547 0
    endloop
  endfacet
  facet normal 0 0 -1
    outer loop
      vertex 41.047 32.4953 0
      vertex 38.4781 32.5 0
      vertex 40.8981 32.5339 0
    endloop
  endfacet
  facet normal 0 0 -1
    outer loop
      vertex 29.2136 14.5547 0
      vertex 40.7864 14.5547 0
      vertex 40.75 14 0
    endloop
  endfacet
  facet normal -0 0 -1
    outer loop
      vertex 40.8981 32.5339 0
      vertex 38.4781 32.5 0
      vertex 40.7561 32.5835 0
    endloop
  endfacet
  facet normal 0 0 -1
    outer loop
      vertex 39.8816 35.3156 0
      vertex 38.4781 35.7035 0
      vertex 39.7122 35.7035 0
    endloop
  endfacet
  facet normal 0 0 -1
    outer loop
      vertex 46.9401 22.8036 0
      vertex 52.8283 32.5 0
      vertex 47.0284 22.5435 0
    endloop
  endfacet
  facet normal 0 0 -1
    outer loop
      vertex 47.1 22 0
      vertex 48.6806 16.125 0
      vertex 48.3717 16.5872 0
    endloop
  endfacet
  facet normal 0 0 -1
    outer loop
      vertex 47.1 22 0
      vertex 48.3717 16.5872 0
      vertex 48.0052 17.0052 0
    endloop
  endfacet
  facet normal 0 0 -1
    outer loop
      vertex 47.1 22 0
      vertex 48.0052 17.0052 0
      vertex 47.5872 17.3717 0
    endloop
  endfacet
  facet normal 0 0 -1
    outer loop
      vertex 48.6806 16.125 0
      vertex 47.1 22 0
      vertex 47.082 22.2741 0
    endloop
  endfacet
  facet normal 0 0 -1
    outer loop
      vertex 47.1 22 0
      vertex 47.5872 17.3717 0
      vertex 47.125 17.6806 0
    endloop
  endfacet
  facet normal 0 0 -1
    outer loop
      vertex 47.1 22 0
      vertex 47.125 17.6806 0
      vertex 47.1 17.6929 0
    endloop
  endfacet
  facet normal 0 0 -1
    outer loop
      vertex 46.8187 23.05 0
      vertex 52.8283 32.5 0
      vertex 46.9401 22.8036 0
    endloop
  endfacet
  facet normal -0 0 -1
    outer loop
      vertex 52.8283 32.5 0
      vertex 46.8187 23.05 0
      vertex 52.3651 32.5 0
    endloop
  endfacet
  facet normal 0 0 -1
    outer loop
      vertex 46.666 23.2784 0
      vertex 52.3651 32.5 0
      vertex 46.8187 23.05 0
    endloop
  endfacet
  facet normal -0 0 -1
    outer loop
      vertex 52.3651 32.5 0
      vertex 46.666 23.2784 0
      vertex 49.2484 32.5 0
    endloop
  endfacet
  facet normal 0 0 -1
    outer loop
      vertex 46.4849 23.4849 0
      vertex 49.2484 32.5 0
      vertex 46.666 23.2784 0
    endloop
  endfacet
  facet normal 0 0 -1
    outer loop
      vertex 46.2784 23.666 0
      vertex 49.2484 32.5 0
      vertex 46.4849 23.4849 0
    endloop
  endfacet
  facet normal -0 0 -1
    outer loop
      vertex 49.2484 32.5 0
      vertex 46.2784 23.666 0
      vertex 48.7464 32.5 0
    endloop
  endfacet
  facet normal 0 0 -1
    outer loop
      vertex 46.05 23.8187 0
      vertex 48.7464 32.5 0
      vertex 46.2784 23.666 0
    endloop
  endfacet
  facet normal -0 0 -1
    outer loop
      vertex 48.7464 32.5 0
      vertex 46.05 23.8187 0
      vertex 47.2003 32.5 0
    endloop
  endfacet
  facet normal 0 0 -1
    outer loop
      vertex 45.8036 23.9401 0
      vertex 47.2003 32.5 0
      vertex 46.05 23.8187 0
    endloop
  endfacet
  facet normal 0 0 -1
    outer loop
      vertex 45.5435 24.0284 0
      vertex 47.2003 32.5 0
      vertex 45.8036 23.9401 0
    endloop
  endfacet
  facet normal -0 0 -1
    outer loop
      vertex 47.2003 32.5 0
      vertex 45.5435 24.0284 0
      vertex 47.0462 32.5048 0
    endloop
  endfacet
  facet normal -0 0 -1
    outer loop
      vertex 47.0462 32.5048 0
      vertex 45.5435 24.0284 0
      vertex 46.8972 32.519 0
    endloop
  endfacet
  facet normal 0 0 -1
    outer loop
      vertex 45.2741 24.082 0
      vertex 46.8972 32.519 0
      vertex 45.5435 24.0284 0
    endloop
  endfacet
  facet normal -0 0 -1
    outer loop
      vertex 46.8972 32.519 0
      vertex 45.2741 24.082 0
      vertex 46.7533 32.5428 0
    endloop
  endfacet
  facet normal -0 0 -1
    outer loop
      vertex 46.7533 32.5428 0
      vertex 45.2741 24.082 0
      vertex 46.6144 32.5762 0
    endloop
  endfacet
  facet normal 0 0 -1
    outer loop
      vertex 45 24.1 0
      vertex 46.6144 32.5762 0
      vertex 45.2741 24.082 0
    endloop
  endfacet
  facet normal -0 0 -1
    outer loop
      vertex 46.6144 32.5762 0
      vertex 45 24.1 0
      vertex 46.4805 32.619 0
    endloop
  endfacet
  facet normal -0 0 -1
    outer loop
      vertex 46.4805 32.619 0
      vertex 45 24.1 0
      vertex 46.3516 32.6714 0
    endloop
  endfacet
  facet normal 0 0 -1
    outer loop
      vertex 44.7259 24.082 0
      vertex 46.3516 32.6714 0
      vertex 45 24.1 0
    endloop
  endfacet
  facet normal -0 0 -1
    outer loop
      vertex 46.3516 32.6714 0
      vertex 44.7259 24.082 0
      vertex 46.2278 32.7333 0
    endloop
  endfacet
  facet normal -0 0 -1
    outer loop
      vertex 46.2278 32.7333 0
      vertex 44.7259 24.082 0
      vertex 46.1105 32.8042 0
    endloop
  endfacet
  facet normal 0 0 -1
    outer loop
      vertex 44.4565 24.0284 0
      vertex 46.1105 32.8042 0
      vertex 44.7259 24.082 0
    endloop
  endfacet
  facet normal -0 0 -1
    outer loop
      vertex 46.1105 32.8042 0
      vertex 44.4565 24.0284 0
      vertex 46.001 32.8835 0
    endloop
  endfacet
  facet normal 0 0 -1
    outer loop
      vertex 44.1964 23.9401 0
      vertex 46.001 32.8835 0
      vertex 44.4565 24.0284 0
    endloop
  endfacet
  facet normal -0 0 -1
    outer loop
      vertex 46.001 32.8835 0
      vertex 44.1964 23.9401 0
      vertex 45.8993 32.9713 0
    endloop
  endfacet
  facet normal 0 0 -1
    outer loop
      vertex 43.4545 34.1689 0
      vertex 45.8993 32.9713 0
      vertex 44.1964 23.9401 0
    endloop
  endfacet
  facet normal 0 0 -1
    outer loop
      vertex 43.4545 34.1689 0
      vertex 45.8056 33.0676 0
      vertex 45.8993 32.9713 0
    endloop
  endfacet
  facet normal 0 0 -1
    outer loop
      vertex 43.4545 34.1689 0
      vertex 45.7197 33.1724 0
      vertex 45.8056 33.0676 0
    endloop
  endfacet
  facet normal 0 0 -1
    outer loop
      vertex 43.4545 34.1689 0
      vertex 45.6416 33.2856 0
      vertex 45.7197 33.1724 0
    endloop
  endfacet
  facet normal 0 0 -1
    outer loop
      vertex 43.4545 34.1689 0
      vertex 45.5714 33.4073 0
      vertex 45.6416 33.2856 0
    endloop
  endfacet
  facet normal 0 0 -1
    outer loop
      vertex 43.4545 34.1689 0
      vertex 45.4578 33.6715 0
      vertex 45.5099 33.5363 0
    endloop
  endfacet
  facet normal 0 0 -1
    outer loop
      vertex 43.4545 34.1689 0
      vertex 45.4152 33.8128 0
      vertex 45.4578 33.6715 0
    endloop
  endfacet
  facet normal 0 0 -1
    outer loop
      vertex 51.5649 33.1184 0
      vertex 49.5251 34.1248 0
      vertex 51.5649 34.1248 0
    endloop
  endfacet
  facet normal 0 0 -1
    outer loop
      vertex 48.7464 36.3219 0
      vertex 49.5251 34.7432 0
      vertex 49.5251 34.1248 0
    endloop
  endfacet
  facet normal 0 0 -1
    outer loop
      vertex 49.5251 34.7432 0
      vertex 48.7464 36.3219 0
      vertex 49.3596 35.7035 0
    endloop
  endfacet
  facet normal 0 0 -1
    outer loop
      vertex 48.7464 36.3219 0
      vertex 49.5251 34.1248 0
      vertex 49.2484 33.1184 0
    endloop
  endfacet
  facet normal 0 0 -1
    outer loop
      vertex 49.2484 33.1184 0
      vertex 49.5251 34.1248 0
      vertex 51.5649 33.1184 0
    endloop
  endfacet
  facet normal 0 0 -1
    outer loop
      vertex 49.5251 34.7432 0
      vertex 51.5649 35.7035 0
      vertex 51.5649 34.7432 0
    endloop
  endfacet
  facet normal -0 0 -1
    outer loop
      vertex 51.5649 35.7035 0
      vertex 49.5251 34.7432 0
      vertex 49.3596 35.7035 0
    endloop
  endfacet
  facet normal 0 0 -1
    outer loop
      vertex 48.9265 15.6264 0
      vertex 55.6791 32.5 0
      vertex 49.1052 15.1 0
    endloop
  endfacet
  facet normal 0 0 -1
    outer loop
      vertex 47.082 22.2741 0
      vertex 55.6791 32.5 0
      vertex 48.6806 16.125 0
    endloop
  endfacet
  facet normal 0 0 -1
    outer loop
      vertex 48.6806 16.125 0
      vertex 55.6791 32.5 0
      vertex 48.9265 15.6264 0
    endloop
  endfacet
  facet normal 0 0 -1
    outer loop
      vertex 54.8789 33.1184 0
      vertex 52.8283 33.1184 0
      vertex 54.8789 36.3219 0
    endloop
  endfacet
  facet normal 0 0 -1
    outer loop
      vertex 70 -2.5 0
      vertex 73 0.5 0
      vertex 72.9743 0.108429 0
    endloop
  endfacet
  facet normal 0 0 -1
    outer loop
      vertex 73 0.5 0
      vertex 55.6791 32.5 0
      vertex 73 37.5 0
    endloop
  endfacet
  facet normal 0 0 -1
    outer loop
      vertex 70 -2.5 0
      vertex 72.9743 0.108429 0
      vertex 72.8978 -0.276459 0
    endloop
  endfacet
  facet normal 0 -0 -1
    outer loop
      vertex 70 40.5 0
      vertex 73 37.5 0
      vertex 55.6791 32.5 0
    endloop
  endfacet
  facet normal 0 0 -1
    outer loop
      vertex 70 -2.5 0
      vertex 72.8978 -0.276459 0
      vertex 72.7716 -0.648056 0
    endloop
  endfacet
  facet normal 0 0 -1
    outer loop
      vertex 73 37.5 0
      vertex 70 40.5 0
      vertex 72.9743 37.8916 0
    endloop
  endfacet
  facet normal 0 0 -1
    outer loop
      vertex 70 -2.5 0
      vertex 72.7716 -0.648056 0
      vertex 72.5981 -1 0
    endloop
  endfacet
  facet normal 0 0 -1
    outer loop
      vertex 72.9743 37.8916 0
      vertex 70 40.5 0
      vertex 72.8978 38.2765 0
    endloop
  endfacet
  facet normal 0 0 -1
    outer loop
      vertex 70 -2.5 0
      vertex 72.5981 -1 0
      vertex 72.3801 -1.32628 0
    endloop
  endfacet
  facet normal 0 0 -1
    outer loop
      vertex 72.8978 38.2765 0
      vertex 70 40.5 0
      vertex 72.7716 38.6481 0
    endloop
  endfacet
  facet normal 0 0 -1
    outer loop
      vertex 70 -2.5 0
      vertex 72.3801 -1.32628 0
      vertex 72.1213 -1.62132 0
    endloop
  endfacet
  facet normal 0 0 -1
    outer loop
      vertex 72.7716 38.6481 0
      vertex 70 40.5 0
      vertex 72.5981 39 0
    endloop
  endfacet
  facet normal 0 0 -1
    outer loop
      vertex 70 -2.5 0
      vertex 72.1213 -1.62132 0
      vertex 71.8263 -1.88007 0
    endloop
  endfacet
  facet normal 0 0 -1
    outer loop
      vertex 72.5981 39 0
      vertex 70 40.5 0
      vertex 72.3801 39.3263 0
    endloop
  endfacet
  facet normal 0 0 -1
    outer loop
      vertex 70 -2.5 0
      vertex 71.8263 -1.88007 0
      vertex 71.5 -2.09808 0
    endloop
  endfacet
  facet normal 0 0 -1
    outer loop
      vertex 72.3801 39.3263 0
      vertex 70 40.5 0
      vertex 72.1213 39.6213 0
    endloop
  endfacet
  facet normal 0 0 -1
    outer loop
      vertex 70 -2.5 0
      vertex 71.5 -2.09808 0
      vertex 71.1481 -2.27164 0
    endloop
  endfacet
  facet normal 0 0 -1
    outer loop
      vertex 72.1213 39.6213 0
      vertex 70 40.5 0
      vertex 71.8263 39.8801 0
    endloop
  endfacet
  facet normal 0 0 -1
    outer loop
      vertex 70 -2.5 0
      vertex 71.1481 -2.27164 0
      vertex 70.7765 -2.39778 0
    endloop
  endfacet
  facet normal 0 0 -1
    outer loop
      vertex 71.8263 39.8801 0
      vertex 70 40.5 0
      vertex 71.5 40.0981 0
    endloop
  endfacet
  facet normal 0 0 -1
    outer loop
      vertex 70 -2.5 0
      vertex 70.7765 -2.39778 0
      vertex 70.3916 -2.47433 0
    endloop
  endfacet
  facet normal 0 0 -1
    outer loop
      vertex 71.5 40.0981 0
      vertex 70 40.5 0
      vertex 71.1481 40.2716 0
    endloop
  endfacet
  facet normal -0 0 -1
    outer loop
      vertex 73 0.5 0
      vertex 70 -2.5 0
      vertex 49.1052 12.9 0
    endloop
  endfacet
  facet normal 0 0 -1
    outer loop
      vertex 71.1481 40.2716 0
      vertex 70 40.5 0
      vertex 70.7765 40.3978 0
    endloop
  endfacet
  facet normal 0 0 -1
    outer loop
      vertex 70.7765 40.3978 0
      vertex 70 40.5 0
      vertex 70.3916 40.4743 0
    endloop
  endfacet
  facet normal 0 0 -1
    outer loop
      vertex 49.2136 14.5547 0
      vertex 73 0.5 0
      vertex 49.25 14 0
    endloop
  endfacet
  facet normal 0 0 -1
    outer loop
      vertex 52.8283 32.5 0
      vertex 52.3651 32.5 0
      vertex 52.8283 33.1184 0
    endloop
  endfacet
  facet normal 0 0 -1
    outer loop
      vertex 73 0.5 0
      vertex 49.2136 14.5547 0
      vertex 55.6791 32.5 0
    endloop
  endfacet
  facet normal 0 0 -1
    outer loop
      vertex 49.1052 15.1 0
      vertex 55.6791 32.5 0
      vertex 49.2136 14.5547 0
    endloop
  endfacet
  facet normal 0 0 -1
    outer loop
      vertex 73 0.5 0
      vertex 49.2136 13.4453 0
      vertex 49.25 14 0
    endloop
  endfacet
  facet normal 0 0 -1
    outer loop
      vertex 73 0.5 0
      vertex 49.1052 12.9 0
      vertex 49.2136 13.4453 0
    endloop
  endfacet
  facet normal 0 0 -1
    outer loop
      vertex 70 -2.5 0
      vertex 48.9265 12.3736 0
      vertex 49.1052 12.9 0
    endloop
  endfacet
  facet normal 0 0 -1
    outer loop
      vertex 70 -2.5 0
      vertex 48.6806 11.875 0
      vertex 48.9265 12.3736 0
    endloop
  endfacet
  facet normal 0 0 -1
    outer loop
      vertex 70 -2.5 0
      vertex 48.3717 11.4128 0
      vertex 48.6806 11.875 0
    endloop
  endfacet
  facet normal 0 0 -1
    outer loop
      vertex 70 -2.5 0
      vertex 48.0052 10.9948 0
      vertex 48.3717 11.4128 0
    endloop
  endfacet
  facet normal 0 0 -1
    outer loop
      vertex 70 -2.5 0
      vertex 47.5872 10.6282 0
      vertex 48.0052 10.9948 0
    endloop
  endfacet
  facet normal 0 0 -1
    outer loop
      vertex 70 -2.5 0
      vertex 47.125 10.3194 0
      vertex 47.5872 10.6282 0
    endloop
  endfacet
  facet normal 0 0 -1
    outer loop
      vertex 70 -2.5 0
      vertex 46.6264 10.0735 0
      vertex 47.125 10.3194 0
    endloop
  endfacet
  facet normal 0 0 -1
    outer loop
      vertex 70 -2.5 0
      vertex 46.1 9.89482 0
      vertex 46.6264 10.0735 0
    endloop
  endfacet
  facet normal 0 0 -1
    outer loop
      vertex 70 -2.5 0
      vertex 45.5547 9.78636 0
      vertex 46.1 9.89482 0
    endloop
  endfacet
  facet normal 0 0 -1
    outer loop
      vertex 70 -2.5 0
      vertex 45 9.75 0
      vertex 45.5547 9.78636 0
    endloop
  endfacet
  facet normal 0 0 -1
    outer loop
      vertex 70 -2.5 0
      vertex 44.4453 9.78636 0
      vertex 45 9.75 0
    endloop
  endfacet
  facet normal 0 0 -1
    outer loop
      vertex 25.5547 9.78636 0
      vertex 44.4453 9.78636 0
      vertex 70 -2.5 0
    endloop
  endfacet
  facet normal 0 0 -1
    outer loop
      vertex 44.4453 9.78636 0
      vertex 25.5547 9.78636 0
      vertex 43.9 9.89482 0
    endloop
  endfacet
  facet normal -0 0 -1
    outer loop
      vertex 40.7561 32.5835 0
      vertex 38.4781 32.5 0
      vertex 40.6212 32.644 0
    endloop
  endfacet
  facet normal -0 0 -1
    outer loop
      vertex 40.6212 32.644 0
      vertex 38.4781 32.5 0
      vertex 40.4933 32.7156 0
    endloop
  endfacet
  facet normal -0 0 -1
    outer loop
      vertex 40.4933 32.7156 0
      vertex 38.4781 32.5 0
      vertex 40.3732 32.7985 0
    endloop
  endfacet
  facet normal -0 0 -1
    outer loop
      vertex 40.3732 32.7985 0
      vertex 38.4781 32.5 0
      vertex 40.2616 32.893 0
    endloop
  endfacet
  facet normal -0 0 -1
    outer loop
      vertex 40.2616 32.893 0
      vertex 38.4781 32.5 0
      vertex 40.1587 32.999 0
    endloop
  endfacet
  facet normal -0 0 -1
    outer loop
      vertex 40.1587 32.999 0
      vertex 38.4781 32.5 0
      vertex 40.0643 33.1166 0
    endloop
  endfacet
  facet normal -0 0 -1
    outer loop
      vertex 40.0643 33.1166 0
      vertex 38.4781 32.5 0
      vertex 39.9786 33.2458 0
    endloop
  endfacet
  facet normal -0 0 -1
    outer loop
      vertex 39.9786 33.2458 0
      vertex 38.4781 32.5 0
      vertex 39.9014 33.3866 0
    endloop
  endfacet
  facet normal -0 0 -1
    outer loop
      vertex 39.9014 33.3866 0
      vertex 38.4781 32.5 0
      vertex 39.8328 33.5389 0
    endloop
  endfacet
  facet normal 0 0 -1
    outer loop
      vertex 38.4781 35.7035 0
      vertex 39.8328 33.5389 0
      vertex 38.4781 32.5 0
    endloop
  endfacet
  facet normal 0 0 -1
    outer loop
      vertex 29.25 14 0
      vertex 40.75 14 0
      vertex 40.7864 13.4453 0
    endloop
  endfacet
  facet normal 0 0 -1
    outer loop
      vertex 43.1813 23.05 0
      vertex 37.6779 32.5 0
      vertex 38.4781 32.5 0
    endloop
  endfacet
  facet normal 0 0 -1
    outer loop
      vertex 37.6779 32.5 0
      vertex 36.441 35.7035 0
      vertex 37.6779 35.7035 0
    endloop
  endfacet
  facet normal 0 0 -1
    outer loop
      vertex 43.0599 22.8036 0
      vertex 36.089 32.5 0
      vertex 37.6779 32.5 0
    endloop
  endfacet
  facet normal 0 0 -1
    outer loop
      vertex 36.089 36.3219 0
      vertex 36.441 35.7035 0
      vertex 36.089 32.5 0
    endloop
  endfacet
  facet normal 0 0 -1
    outer loop
      vertex 37.6779 32.5 0
      vertex 36.089 32.5 0
      vertex 36.441 35.7035 0
    endloop
  endfacet
  facet normal 0 0 -1
    outer loop
      vertex 29.2136 13.4453 0
      vertex 40.7864 13.4453 0
      vertex 40.8948 12.9 0
    endloop
  endfacet
  facet normal 0 0 -1
    outer loop
      vertex 27.1 22 0
      vertex 28.3717 16.5872 0
      vertex 28.0052 17.0052 0
    endloop
  endfacet
  facet normal 0 0 -1
    outer loop
      vertex 35.2888 32.5 0
      vertex 34.3503 33.9512 0
      vertex 35.2888 33.9512 0
    endloop
  endfacet
  facet normal 0 0 -1
    outer loop
      vertex 42.9716 22.5435 0
      vertex 35.2888 32.5 0
      vertex 36.089 32.5 0
    endloop
  endfacet
  facet normal 0 0 -1
    outer loop
      vertex 35.2888 32.5 0
      vertex 33.4633 32.5 0
      vertex 34.3503 33.9512 0
    endloop
  endfacet
  facet normal 0 0 -1
    outer loop
      vertex 29.1052 12.9 0
      vertex 40.8948 12.9 0
      vertex 41.0735 12.3736 0
    endloop
  endfacet
  facet normal 0 0 -1
    outer loop
      vertex 42.9 22 0
      vertex 27.1 22 0
      vertex 42.918 22.2741 0
    endloop
  endfacet
  facet normal 0 0 -1
    outer loop
      vertex 42.918 22.2741 0
      vertex 27.082 22.2741 0
      vertex 42.9716 22.5435 0
    endloop
  endfacet
  facet normal 0 0 -1
    outer loop
      vertex 27.1 22 0
      vertex 28.0052 17.0052 0
      vertex 27.5872 17.3717 0
    endloop
  endfacet
  facet normal 0 0 -1
    outer loop
      vertex 28.9265 12.3736 0
      vertex 41.0735 12.3736 0
      vertex 41.3194 11.875 0
    endloop
  endfacet
  facet normal 0 0 -1
    outer loop
      vertex 40.7864 14.5547 0
      vertex 29.2136 14.5547 0
      vertex 29.1052 15.1 0
    endloop
  endfacet
  facet normal 0 0 -1
    outer loop
      vertex 40.75 14 0
      vertex 29.25 14 0
      vertex 29.2136 14.5547 0
    endloop
  endfacet
  facet normal 0 0 -1
    outer loop
      vertex 28.6806 11.875 0
      vertex 41.3194 11.875 0
      vertex 41.6283 11.4128 0
    endloop
  endfacet
  facet normal 0 0 -1
    outer loop
      vertex 28.3717 11.4128 0
      vertex 41.6283 11.4128 0
      vertex 41.9948 10.9948 0
    endloop
  endfacet
  facet normal 0 0 -1
    outer loop
      vertex 28.0052 10.9948 0
      vertex 41.9948 10.9948 0
      vertex 42.4128 10.6282 0
    endloop
  endfacet
  facet normal 0 0 -1
    outer loop
      vertex 27.5872 10.6282 0
      vertex 42.4128 10.6282 0
      vertex 42.875 10.3194 0
    endloop
  endfacet
  facet normal 0 0 -1
    outer loop
      vertex 27.125 10.3194 0
      vertex 42.875 10.3194 0
      vertex 43.3736 10.0735 0
    endloop
  endfacet
  facet normal 0 -0 -1
    outer loop
      vertex 26.1 9.89482 0
      vertex 43.9 9.89482 0
      vertex 25.5547 9.78636 0
    endloop
  endfacet
  facet normal 0 0 -1
    outer loop
      vertex 40.7864 13.4453 0
      vertex 29.2136 13.4453 0
      vertex 29.25 14 0
    endloop
  endfacet
  facet normal 0 0 -1
    outer loop
      vertex 40.8948 12.9 0
      vertex 29.1052 12.9 0
      vertex 29.2136 13.4453 0
    endloop
  endfacet
  facet normal 0 0 -1
    outer loop
      vertex 41.0735 12.3736 0
      vertex 28.9265 12.3736 0
      vertex 29.1052 12.9 0
    endloop
  endfacet
  facet normal 0 0 -1
    outer loop
      vertex 41.3194 11.875 0
      vertex 28.6806 11.875 0
      vertex 28.9265 12.3736 0
    endloop
  endfacet
  facet normal 0 0 -1
    outer loop
      vertex 41.6283 11.4128 0
      vertex 28.3717 11.4128 0
      vertex 28.6806 11.875 0
    endloop
  endfacet
  facet normal 0 0 -1
    outer loop
      vertex 41.9948 10.9948 0
      vertex 28.0052 10.9948 0
      vertex 28.3717 11.4128 0
    endloop
  endfacet
  facet normal 0 0 -1
    outer loop
      vertex 42.4128 10.6282 0
      vertex 27.5872 10.6282 0
      vertex 28.0052 10.9948 0
    endloop
  endfacet
  facet normal 0 0 -1
    outer loop
      vertex 42.875 10.3194 0
      vertex 27.125 10.3194 0
      vertex 27.5872 10.6282 0
    endloop
  endfacet
  facet normal 0 0 -1
    outer loop
      vertex 43.3736 10.0735 0
      vertex 26.6264 10.0735 0
      vertex 27.125 10.3194 0
    endloop
  endfacet
  facet normal -0 0 -1
    outer loop
      vertex 43.3736 10.0735 0
      vertex 26.1 9.89482 0
      vertex 26.6264 10.0735 0
    endloop
  endfacet
  facet normal 0 0 -1
    outer loop
      vertex 43.9 9.89482 0
      vertex 26.1 9.89482 0
      vertex 43.3736 10.0735 0
    endloop
  endfacet
  facet normal 0 0 -1
    outer loop
      vertex 0.5 -2.5 0
      vertex 25.5547 9.78636 0
      vertex 70 -2.5 0
    endloop
  endfacet
  facet normal 0 0 -1
    outer loop
      vertex 25.5547 9.78636 0
      vertex 0.5 -2.5 0
      vertex 25 9.75 0
    endloop
  endfacet
  facet normal -0 0 -1
    outer loop
      vertex 25 9.75 0
      vertex 0.5 -2.5 0
      vertex 24.4453 9.78636 0
    endloop
  endfacet
  facet normal 0 0 -1
    outer loop
      vertex 23.5151 23.4849 0
      vertex 18.229 32.5 0
      vertex 20.7078 32.5 0
    endloop
  endfacet
  facet normal 0 0 -1
    outer loop
      vertex 20.7078 32.5 0
      vertex 18.229 32.5 0
      vertex 19.6255 35.4349 0
    endloop
  endfacet
  facet normal 0 0 -1
    outer loop
      vertex -2.5 0.5 0
      vertex 20.75 14 0
      vertex 20.7864 13.4453 0
    endloop
  endfacet
  facet normal 0 0 -1
    outer loop
      vertex 23.1813 23.05 0
      vertex 17.4288 32.5 0
      vertex 18.229 32.5 0
    endloop
  endfacet
  facet normal 0 0 -1
    outer loop
      vertex 23.0599 22.8036 0
      vertex 15.294 32.5 0
      vertex 17.4288 32.5 0
    endloop
  endfacet
  facet normal 0 0 -1
    outer loop
      vertex 17.4288 32.5 0
      vertex 15.294 32.5 0
      vertex 17.0897 33.4765 0
    endloop
  endfacet
  facet normal 0 0 -1
    outer loop
      vertex -2.5 0.5 0
      vertex 20.7864 13.4453 0
      vertex 20.8948 12.9 0
    endloop
  endfacet
  facet normal -0 0 -1
    outer loop
      vertex 17.0897 33.4765 0
      vertex 15.294 32.5 0
      vertex 15.6331 33.4765 0
    endloop
  endfacet
  facet normal 0 0 -1
    outer loop
      vertex 22.9716 22.5435 0
      vertex 14.502 32.5 0
      vertex 15.294 32.5 0
    endloop
  endfacet
  facet normal 0 0 -1
    outer loop
      vertex -2.5 0.5 0
      vertex 20.8948 12.9 0
      vertex 0.5 -2.5 0
    endloop
  endfacet
  facet normal -0 0 -1
    outer loop
      vertex 21.0735 12.3736 0
      vertex 0.5 -2.5 0
      vertex 20.8948 12.9 0
    endloop
  endfacet
  facet normal -0 0 -1
    outer loop
      vertex 21.3194 11.875 0
      vertex 0.5 -2.5 0
      vertex 21.0735 12.3736 0
    endloop
  endfacet
  facet normal -0 0 -1
    outer loop
      vertex 21.6283 11.4128 0
      vertex 0.5 -2.5 0
      vertex 21.3194 11.875 0
    endloop
  endfacet
  facet normal -0 0 -1
    outer loop
      vertex 21.9948 10.9948 0
      vertex 0.5 -2.5 0
      vertex 21.6283 11.4128 0
    endloop
  endfacet
  facet normal -0 0 -1
    outer loop
      vertex 22.4128 10.6282 0
      vertex 0.5 -2.5 0
      vertex 21.9948 10.9948 0
    endloop
  endfacet
  facet normal -0 0 -1
    outer loop
      vertex 22.875 10.3194 0
      vertex 0.5 -2.5 0
      vertex 22.4128 10.6282 0
    endloop
  endfacet
  facet normal -0 0 -1
    outer loop
      vertex 23.3736 10.0735 0
      vertex 0.5 -2.5 0
      vertex 22.875 10.3194 0
    endloop
  endfacet
  facet normal -0 0 -1
    outer loop
      vertex 23.9 9.89482 0
      vertex 0.5 -2.5 0
      vertex 23.3736 10.0735 0
    endloop
  endfacet
  facet normal -0 0 -1
    outer loop
      vertex 24.4453 9.78636 0
      vertex 0.5 -2.5 0
      vertex 23.9 9.89482 0
    endloop
  endfacet
  facet normal 0 0 -1
    outer loop
      vertex 55.6791 36.3219 0
      vertex 70 40.5 0
      vertex 55.6791 32.5 0
    endloop
  endfacet
  facet normal 0 0 -1
    outer loop
      vertex 54.8789 36.3219 0
      vertex 70 40.5 0
      vertex 55.6791 36.3219 0
    endloop
  endfacet
  facet normal 0 0 -1
    outer loop
      vertex 52.3651 36.3219 0
      vertex 52.8283 33.1184 0
      vertex 52.3651 32.5 0
    endloop
  endfacet
  facet normal 0 0 -1
    outer loop
      vertex 52.8283 33.1184 0
      vertex 52.3651 36.3219 0
      vertex 54.8789 36.3219 0
    endloop
  endfacet
  facet normal 0 0 -1
    outer loop
      vertex 52.3651 36.3219 0
      vertex 70 40.5 0
      vertex 54.8789 36.3219 0
    endloop
  endfacet
  facet normal 0 0 -1
    outer loop
      vertex 49.3596 36.3219 0
      vertex 70 40.5 0
      vertex 52.3651 36.3219 0
    endloop
  endfacet
  facet normal 0 0 -1
    outer loop
      vertex 47.0284 22.5435 0
      vertex 55.6791 32.5 0
      vertex 47.082 22.2741 0
    endloop
  endfacet
  facet normal -0 0 -1
    outer loop
      vertex 55.6791 32.5 0
      vertex 47.0284 22.5435 0
      vertex 52.8283 32.5 0
    endloop
  endfacet
  facet normal 0 0 -1
    outer loop
      vertex 49.2484 32.5 0
      vertex 48.7464 32.5 0
      vertex 49.2484 33.1184 0
    endloop
  endfacet
  facet normal 0 0 -1
    outer loop
      vertex 48.7464 36.3219 0
      vertex 49.2484 33.1184 0
      vertex 48.7464 32.5 0
    endloop
  endfacet
  facet normal 0 0 -1
    outer loop
      vertex 49.3596 35.7035 0
      vertex 48.7464 36.3219 0
      vertex 49.3596 36.3219 0
    endloop
  endfacet
  facet normal 0 0 -1
    outer loop
      vertex 48.7464 36.3219 0
      vertex 70 40.5 0
      vertex 49.3596 36.3219 0
    endloop
  endfacet
  facet normal 0 0 -1
    outer loop
      vertex 47.363 36.3219 0
      vertex 70 40.5 0
      vertex 48.7464 36.3219 0
    endloop
  endfacet
  facet normal 0 0 -1
    outer loop
      vertex 41.8261 36.3686 0
      vertex 47.363 36.3219 0
      vertex 47.096 36.312 0
    endloop
  endfacet
  facet normal 0 0 -1
    outer loop
      vertex 42.0628 36.3377 0
      vertex 47.096 36.312 0
      vertex 46.8469 36.2822 0
    endloop
  endfacet
  facet normal 0 0 -1
    outer loop
      vertex 43.4545 34.1689 0
      vertex 45.3584 34.1138 0
      vertex 45.3821 33.9602 0
    endloop
  endfacet
  facet normal 0 0 -1
    outer loop
      vertex 43.4545 34.1689 0
      vertex 45.3442 34.2736 0
      vertex 45.3584 34.1138 0
    endloop
  endfacet
  facet normal 0 0 -1
    outer loop
      vertex 45.3442 34.2736 0
      vertex 43.4648 34.4286 0
      vertex 45.3395 34.4394 0
    endloop
  endfacet
  facet normal 0 0 -1
    outer loop
      vertex 43.4545 34.1689 0
      vertex 45.3821 33.9602 0
      vertex 45.4152 33.8128 0
    endloop
  endfacet
  facet normal 0 0 -1
    outer loop
      vertex 43.4545 34.1689 0
      vertex 45.5099 33.5363 0
      vertex 45.5714 33.4073 0
    endloop
  endfacet
  facet normal 0 0 -1
    outer loop
      vertex 43.4545 34.1689 0
      vertex 44.1964 23.9401 0
      vertex 43.95 23.8187 0
    endloop
  endfacet
  facet normal 0 0 -1
    outer loop
      vertex 43.4545 34.1689 0
      vertex 43.95 23.8187 0
      vertex 43.7216 23.666 0
    endloop
  endfacet
  facet normal 0 0 -1
    outer loop
      vertex 43.4549 34.6886 0
      vertex 45.3395 34.4394 0
      vertex 43.4648 34.4286 0
    endloop
  endfacet
  facet normal 0 0 -1
    outer loop
      vertex 41.2031 32.4678 0
      vertex 43.7216 23.666 0
      vertex 43.5151 23.4849 0
    endloop
  endfacet
  facet normal 0 0 -1
    outer loop
      vertex 45.3395 34.4394 0
      vertex 43.4549 34.6886 0
      vertex 45.3503 34.6904 0
    endloop
  endfacet
  facet normal 0 0 -1
    outer loop
      vertex 43.4252 34.9308 0
      vertex 45.3503 34.6904 0
      vertex 43.4549 34.6886 0
    endloop
  endfacet
  facet normal 0 0 -1
    outer loop
      vertex 45.3503 34.6904 0
      vertex 43.4252 34.9308 0
      vertex 45.3827 34.9242 0
    endloop
  endfacet
  facet normal 0 0 -1
    outer loop
      vertex 43.3756 35.1552 0
      vertex 45.3827 34.9242 0
      vertex 43.4252 34.9308 0
    endloop
  endfacet
  facet normal 0 0 -1
    outer loop
      vertex 45.3827 34.9242 0
      vertex 43.3756 35.1552 0
      vertex 45.4366 35.1408 0
    endloop
  endfacet
  facet normal 0 0 -1
    outer loop
      vertex 43.3063 35.3617 0
      vertex 45.4366 35.1408 0
      vertex 43.3756 35.1552 0
    endloop
  endfacet
  facet normal 0 0 -1
    outer loop
      vertex 45.4366 35.1408 0
      vertex 43.3063 35.3617 0
      vertex 45.5122 35.3402 0
    endloop
  endfacet
  facet normal 0 0 -1
    outer loop
      vertex 43.2171 35.5504 0
      vertex 45.5122 35.3402 0
      vertex 43.3063 35.3617 0
    endloop
  endfacet
  facet normal 0 0 -1
    outer loop
      vertex 45.5122 35.3402 0
      vertex 43.2171 35.5504 0
      vertex 45.6094 35.5223 0
    endloop
  endfacet
  facet normal 0 0 -1
    outer loop
      vertex 43.1081 35.7213 0
      vertex 45.6094 35.5223 0
      vertex 43.2171 35.5504 0
    endloop
  endfacet
  facet normal 0 0 -1
    outer loop
      vertex 45.6094 35.5223 0
      vertex 43.1081 35.7213 0
      vertex 45.7281 35.6873 0
    endloop
  endfacet
  facet normal 0 0 -1
    outer loop
      vertex 42.9793 35.8744 0
      vertex 45.7281 35.6873 0
      vertex 43.1081 35.7213 0
    endloop
  endfacet
  facet normal 0 0 -1
    outer loop
      vertex 45.7281 35.6873 0
      vertex 42.9793 35.8744 0
      vertex 45.8684 35.835 0
    endloop
  endfacet
  facet normal 0 0 -1
    outer loop
      vertex 42.8316 36.0082 0
      vertex 45.8684 35.835 0
      vertex 42.9793 35.8744 0
    endloop
  endfacet
  facet normal 0 0 -1
    outer loop
      vertex 45.8684 35.835 0
      vertex 42.8316 36.0082 0
      vertex 46.0285 35.9642 0
    endloop
  endfacet
  facet normal 0 0 -1
    outer loop
      vertex 42.6662 36.1215 0
      vertex 46.0285 35.9642 0
      vertex 42.8316 36.0082 0
    endloop
  endfacet
  facet normal 0 0 -1
    outer loop
      vertex 46.0285 35.9642 0
      vertex 42.6662 36.1215 0
      vertex 46.2063 36.0735 0
    endloop
  endfacet
  facet normal 0 0 -1
    outer loop
      vertex 42.4829 36.2141 0
      vertex 46.2063 36.0735 0
      vertex 42.6662 36.1215 0
    endloop
  endfacet
  facet normal 0 0 -1
    outer loop
      vertex 46.2063 36.0735 0
      vertex 42.4829 36.2141 0
      vertex 46.402 36.1629 0
    endloop
  endfacet
  facet normal 0 0 -1
    outer loop
      vertex 46.402 36.1629 0
      vertex 42.4829 36.2141 0
      vertex 46.6155 36.2325 0
    endloop
  endfacet
  facet normal 0 0 -1
    outer loop
      vertex 42.2818 36.2862 0
      vertex 46.6155 36.2325 0
      vertex 42.4829 36.2141 0
    endloop
  endfacet
  facet normal 0 0 -1
    outer loop
      vertex 46.6155 36.2325 0
      vertex 42.2818 36.2862 0
      vertex 46.8469 36.2822 0
    endloop
  endfacet
  facet normal 0 0 -1
    outer loop
      vertex 42.0628 36.3377 0
      vertex 46.8469 36.2822 0
      vertex 42.2818 36.2862 0
    endloop
  endfacet
  facet normal 0 0 -1
    outer loop
      vertex 47.096 36.312 0
      vertex 42.0628 36.3377 0
      vertex 41.8261 36.3686 0
    endloop
  endfacet
  facet normal 0 0 -1
    outer loop
      vertex 47.363 36.3219 0
      vertex 41.8261 36.3686 0
      vertex 70 40.5 0
    endloop
  endfacet
  facet normal 0 0 -1
    outer loop
      vertex 41.5715 36.3789 0
      vertex 70 40.5 0
      vertex 41.8261 36.3686 0
    endloop
  endfacet
  facet normal 0 0 -1
    outer loop
      vertex 41.3844 36.3734 0
      vertex 70 40.5 0
      vertex 41.5715 36.3789 0
    endloop
  endfacet
  facet normal 0 0 -1
    outer loop
      vertex 39.7122 36.3219 0
      vertex 41.3844 36.3734 0
      vertex 41.2075 36.3568 0
    endloop
  endfacet
  facet normal 0 0 -1
    outer loop
      vertex 38.4781 35.7035 0
      vertex 39.8816 35.3156 0
      vertex 39.8328 33.5389 0
    endloop
  endfacet
  facet normal 0 0 -1
    outer loop
      vertex 39.7122 35.7035 0
      vertex 39.9355 35.4599 0
      vertex 39.8816 35.3156 0
    endloop
  endfacet
  facet normal 0 0 -1
    outer loop
      vertex 39.7122 35.7035 0
      vertex 39.9998 35.594 0
      vertex 39.9355 35.4599 0
    endloop
  endfacet
  facet normal 0 0 -1
    outer loop
      vertex 39.7122 35.7035 0
      vertex 40.0744 35.7177 0
      vertex 39.9998 35.594 0
    endloop
  endfacet
  facet normal 0 0 -1
    outer loop
      vertex 39.7122 35.7035 0
      vertex 40.1593 35.831 0
      vertex 40.0744 35.7177 0
    endloop
  endfacet
  facet normal 0 0 -1
    outer loop
      vertex 39.7122 36.3219 0
      vertex 40.1593 35.831 0
      vertex 39.7122 35.7035 0
    endloop
  endfacet
  facet normal 0 0 -1
    outer loop
      vertex 40.1593 35.831 0
      vertex 39.7122 36.3219 0
      vertex 40.2544 35.934 0
    endloop
  endfacet
  facet normal 0 0 -1
    outer loop
      vertex 40.2544 35.934 0
      vertex 39.7122 36.3219 0
      vertex 40.3599 36.0267 0
    endloop
  endfacet
  facet normal 0 0 -1
    outer loop
      vertex 40.3599 36.0267 0
      vertex 39.7122 36.3219 0
      vertex 40.4756 36.1089 0
    endloop
  endfacet
  facet normal 0 0 -1
    outer loop
      vertex 40.4756 36.1089 0
      vertex 39.7122 36.3219 0
      vertex 40.6016 36.1806 0
    endloop
  endfacet
  facet normal 0 0 -1
    outer loop
      vertex 39.7122 36.3219 0
      vertex 40.7378 36.2412 0
      vertex 40.6016 36.1806 0
    endloop
  endfacet
  facet normal 0 0 -1
    outer loop
      vertex 39.7122 36.3219 0
      vertex 40.8842 36.2907 0
      vertex 40.7378 36.2412 0
    endloop
  endfacet
  facet normal 0 0 -1
    outer loop
      vertex 39.7122 36.3219 0
      vertex 41.0407 36.3293 0
      vertex 40.8842 36.2907 0
    endloop
  endfacet
  facet normal 0 0 -1
    outer loop
      vertex 39.7122 36.3219 0
      vertex 41.2075 36.3568 0
      vertex 41.0407 36.3293 0
    endloop
  endfacet
  facet normal 0 0 -1
    outer loop
      vertex 36.441 36.3219 0
      vertex 41.3844 36.3734 0
      vertex 39.7122 36.3219 0
    endloop
  endfacet
  facet normal -0 0 -1
    outer loop
      vertex 41.3844 36.3734 0
      vertex 36.441 36.3219 0
      vertex 70 40.5 0
    endloop
  endfacet
  facet normal 0 0 -1
    outer loop
      vertex 36.441 35.7035 0
      vertex 36.089 36.3219 0
      vertex 36.441 36.3219 0
    endloop
  endfacet
  facet normal 0 0 -1
    outer loop
      vertex 36.089 36.3219 0
      vertex 70 40.5 0
      vertex 36.441 36.3219 0
    endloop
  endfacet
  facet normal 0 0 -1
    outer loop
      vertex 34.1794 36.3219 0
      vertex 70 40.5 0
      vertex 36.089 36.3219 0
    endloop
  endfacet
  facet normal 0 0 -1
    outer loop
      vertex 32.171 36.3219 0
      vertex 34.1794 36.3219 0
      vertex 33.9905 36.3159 0
    endloop
  endfacet
  facet normal 0 0 -1
    outer loop
      vertex 32.171 36.3219 0
      vertex 33.9905 36.3159 0
      vertex 33.8143 36.2979 0
    endloop
  endfacet
  facet normal 0 0 -1
    outer loop
      vertex 32.7712 34.9622 0
      vertex 32.171 36.3219 0
      vertex 32.7573 35.0702 0
    endloop
  endfacet
  facet normal 0 0 -1
    outer loop
      vertex 32.7573 35.0702 0
      vertex 32.171 36.3219 0
      vertex 32.7526 35.1827 0
    endloop
  endfacet
  facet normal 0 0 -1
    outer loop
      vertex 32.7526 35.1827 0
      vertex 32.171 36.3219 0
      vertex 32.7602 35.3348 0
    endloop
  endfacet
  facet normal 0 0 -1
    outer loop
      vertex 32.7602 35.3348 0
      vertex 32.171 36.3219 0
      vertex 32.783 35.4764 0
    endloop
  endfacet
  facet normal 0 0 -1
    outer loop
      vertex 32.171 36.3219 0
      vertex 32.8209 35.6076 0
      vertex 32.783 35.4764 0
    endloop
  endfacet
  facet normal 0 0 -1
    outer loop
      vertex 32.171 36.3219 0
      vertex 32.874 35.7283 0
      vertex 32.8209 35.6076 0
    endloop
  endfacet
  facet normal 0 0 -1
    outer loop
      vertex 32.171 36.3219 0
      vertex 32.9422 35.8385 0
      vertex 32.874 35.7283 0
    endloop
  endfacet
  facet normal 0 0 -1
    outer loop
      vertex 32.171 36.3219 0
      vertex 33.0257 35.9383 0
      vertex 32.9422 35.8385 0
    endloop
  endfacet
  facet normal 0 0 -1
    outer loop
      vertex 32.171 36.3219 0
      vertex 33.1243 36.0276 0
      vertex 33.0257 35.9383 0
    endloop
  endfacet
  facet normal 0 0 -1
    outer loop
      vertex 32.171 36.3219 0
      vertex 33.2368 36.1057 0
      vertex 33.1243 36.0276 0
    endloop
  endfacet
  facet normal 0 0 -1
    outer loop
      vertex 32.171 36.3219 0
      vertex 33.3621 36.1718 0
      vertex 33.2368 36.1057 0
    endloop
  endfacet
  facet normal 0 0 -1
    outer loop
      vertex 32.171 36.3219 0
      vertex 33.5001 36.2258 0
      vertex 33.3621 36.1718 0
    endloop
  endfacet
  facet normal 0 0 -1
    outer loop
      vertex 32.171 36.3219 0
      vertex 33.6508 36.2679 0
      vertex 33.5001 36.2258 0
    endloop
  endfacet
  facet normal 0 0 -1
    outer loop
      vertex 32.171 36.3219 0
      vertex 33.8143 36.2979 0
      vertex 33.6508 36.2679 0
    endloop
  endfacet
  facet normal 0 0 -1
    outer loop
      vertex 34.1794 36.3219 0
      vertex 32.171 36.3219 0
      vertex 0.5 40.5 0
    endloop
  endfacet
  facet normal 0 0 -1
    outer loop
      vertex 0.5 40.5 0
      vertex 32.171 36.3219 0
      vertex 31.3708 36.3219 0
    endloop
  endfacet
  facet normal 0 0 -1
    outer loop
      vertex 40.8948 15.1 0
      vertex 29.1052 15.1 0
      vertex 28.9265 15.6264 0
    endloop
  endfacet
  facet normal 0 0 -1
    outer loop
      vertex 41.0735 15.6264 0
      vertex 28.9265 15.6264 0
      vertex 28.6806 16.125 0
    endloop
  endfacet
  facet normal 0 0 -1
    outer loop
      vertex 41.3194 16.125 0
      vertex 28.6806 16.125 0
      vertex 28.3717 16.5872 0
    endloop
  endfacet
  facet normal 0 0 -1
    outer loop
      vertex 27.0284 22.5435 0
      vertex 42.9716 22.5435 0
      vertex 27.082 22.2741 0
    endloop
  endfacet
  facet normal 0 0 -1
    outer loop
      vertex 42.9716 22.5435 0
      vertex 27.0284 22.5435 0
      vertex 35.2888 32.5 0
    endloop
  endfacet
  facet normal -0 0 -1
    outer loop
      vertex 35.2888 32.5 0
      vertex 27.0284 22.5435 0
      vertex 33.4633 32.5 0
    endloop
  endfacet
  facet normal 0 0 -1
    outer loop
      vertex 26.9401 22.8036 0
      vertex 33.4633 32.5 0
      vertex 27.0284 22.5435 0
    endloop
  endfacet
  facet normal 0 0 -1
    outer loop
      vertex 27.4508 35.3985 0
      vertex 29.3202 33.1184 0
      vertex 29.3202 32.5 0
    endloop
  endfacet
  facet normal 0 0 -1
    outer loop
      vertex 27.4508 35.3985 0
      vertex 31.3708 36.3219 0
      vertex 29.3202 33.1184 0
    endloop
  endfacet
  facet normal 0 0 -1
    outer loop
      vertex 26.0749 35.4869 0
      vertex 27.4531 35.4349 0
      vertex 26.7262 35.4349 0
    endloop
  endfacet
  facet normal 0 0 -1
    outer loop
      vertex 26.68 34.8083 0
      vertex 26.6911 34.835 0
      vertex 26.6909 34.8083 0
    endloop
  endfacet
  facet normal 0 0 -1
    outer loop
      vertex 26.6487 34.8929 0
      vertex 26.6911 34.835 0
      vertex 26.68 34.8083 0
    endloop
  endfacet
  facet normal 0 0 -1
    outer loop
      vertex 26.6911 34.835 0
      vertex 26.6487 34.8929 0
      vertex 26.692 34.8684 0
    endloop
  endfacet
  facet normal 0 0 -1
    outer loop
      vertex 26.692 34.8684 0
      vertex 26.6487 34.8929 0
      vertex 26.6934 34.9087 0
    endloop
  endfacet
  facet normal -0 0 -1
    outer loop
      vertex 26.6934 34.9087 0
      vertex 26.6487 34.8929 0
      vertex 26.6953 34.9558 0
    endloop
  endfacet
  facet normal 0 0 -1
    outer loop
      vertex 26.6185 34.9701 0
      vertex 26.6953 34.9558 0
      vertex 26.6487 34.8929 0
    endloop
  endfacet
  facet normal 0 0 -1
    outer loop
      vertex 26.6953 34.9558 0
      vertex 26.6185 34.9701 0
      vertex 26.6978 35.0097 0
    endloop
  endfacet
  facet normal 0 0 -1
    outer loop
      vertex 26.5892 35.0397 0
      vertex 26.6978 35.0097 0
      vertex 26.6185 34.9701 0
    endloop
  endfacet
  facet normal 0 0 -1
    outer loop
      vertex 26.6978 35.0097 0
      vertex 26.5892 35.0397 0
      vertex 26.7008 35.0704 0
    endloop
  endfacet
  facet normal 0 0 -1
    outer loop
      vertex 26.5609 35.1019 0
      vertex 26.7008 35.0704 0
      vertex 26.5892 35.0397 0
    endloop
  endfacet
  facet normal 0 0 -1
    outer loop
      vertex 26.7008 35.0704 0
      vertex 26.5609 35.1019 0
      vertex 26.7044 35.1379 0
    endloop
  endfacet
  facet normal 0 0 -1
    outer loop
      vertex 26.5336 35.1567 0
      vertex 26.7044 35.1379 0
      vertex 26.5609 35.1019 0
    endloop
  endfacet
  facet normal 0 0 -1
    outer loop
      vertex 26.7044 35.1379 0
      vertex 26.5336 35.1567 0
      vertex 26.7082 35.2048 0
    endloop
  endfacet
  facet normal 0 0 -1
    outer loop
      vertex 26.5073 35.2039 0
      vertex 26.7082 35.2048 0
      vertex 26.5336 35.1567 0
    endloop
  endfacet
  facet normal -0 0 -1
    outer loop
      vertex 26.7082 35.2048 0
      vertex 26.5073 35.2039 0
      vertex 26.7117 35.2635 0
    endloop
  endfacet
  facet normal 0 0 -1
    outer loop
      vertex 26.482 35.2437 0
      vertex 26.7117 35.2635 0
      vertex 26.5073 35.2039 0
    endloop
  endfacet
  facet normal -0 0 -1
    outer loop
      vertex 26.7117 35.2635 0
      vertex 26.482 35.2437 0
      vertex 26.7151 35.314 0
    endloop
  endfacet
  facet normal 0 0 -1
    outer loop
      vertex 26.4565 35.2784 0
      vertex 26.7151 35.314 0
      vertex 26.482 35.2437 0
    endloop
  endfacet
  facet normal -0 0 -1
    outer loop
      vertex 26.7151 35.314 0
      vertex 26.4565 35.2784 0
      vertex 26.7182 35.3565 0
    endloop
  endfacet
  facet normal -0 0 -1
    outer loop
      vertex 26.7182 35.3565 0
      vertex 26.4565 35.2784 0
      vertex 26.721 35.3907 0
    endloop
  endfacet
  facet normal 0 0 -1
    outer loop
      vertex 26.4297 35.3104 0
      vertex 26.721 35.3907 0
      vertex 26.4565 35.2784 0
    endloop
  endfacet
  facet normal -0 0 -1
    outer loop
      vertex 26.721 35.3907 0
      vertex 26.4297 35.3104 0
      vertex 26.7237 35.4169 0
    endloop
  endfacet
  facet normal -0 0 -1
    outer loop
      vertex 26.7237 35.4169 0
      vertex 26.4297 35.3104 0
      vertex 26.7262 35.4349 0
    endloop
  endfacet
  facet normal 0 0 -1
    outer loop
      vertex 26.4016 35.3398 0
      vertex 26.7262 35.4349 0
      vertex 26.4297 35.3104 0
    endloop
  endfacet
  facet normal 0 0 -1
    outer loop
      vertex 26.3722 35.3666 0
      vertex 26.7262 35.4349 0
      vertex 26.4016 35.3398 0
    endloop
  endfacet
  facet normal 0 0 -1
    outer loop
      vertex 26.3414 35.3907 0
      vertex 26.7262 35.4349 0
      vertex 26.3722 35.3666 0
    endloop
  endfacet
  facet normal 0 0 -1
    outer loop
      vertex 26.3093 35.4121 0
      vertex 26.7262 35.4349 0
      vertex 26.3414 35.3907 0
    endloop
  endfacet
  facet normal 0 0 -1
    outer loop
      vertex 26.2759 35.4308 0
      vertex 26.7262 35.4349 0
      vertex 26.3093 35.4121 0
    endloop
  endfacet
  facet normal 0 0 -1
    outer loop
      vertex 26.2405 35.447 0
      vertex 26.7262 35.4349 0
      vertex 26.2759 35.4308 0
    endloop
  endfacet
  facet normal 0 0 -1
    outer loop
      vertex 26.2028 35.4607 0
      vertex 26.7262 35.4349 0
      vertex 26.2405 35.447 0
    endloop
  endfacet
  facet normal 0 0 -1
    outer loop
      vertex 26.1626 35.4719 0
      vertex 26.7262 35.4349 0
      vertex 26.2028 35.4607 0
    endloop
  endfacet
  facet normal 0 0 -1
    outer loop
      vertex 26.12 35.4807 0
      vertex 26.7262 35.4349 0
      vertex 26.1626 35.4719 0
    endloop
  endfacet
  facet normal 0 0 -1
    outer loop
      vertex 26.0749 35.4869 0
      vertex 26.7262 35.4349 0
      vertex 26.12 35.4807 0
    endloop
  endfacet
  facet normal 0 0 -1
    outer loop
      vertex 27.4531 35.4349 0
      vertex 26.0749 35.4869 0
      vertex 31.3708 36.3219 0
    endloop
  endfacet
  facet normal 0 0 -1
    outer loop
      vertex 26.0274 35.4906 0
      vertex 31.3708 36.3219 0
      vertex 26.0749 35.4869 0
    endloop
  endfacet
  facet normal 0 0 -1
    outer loop
      vertex 25.9775 35.4919 0
      vertex 31.3708 36.3219 0
      vertex 26.0274 35.4906 0
    endloop
  endfacet
  facet normal 0 0 -1
    outer loop
      vertex 25.9368 35.491 0
      vertex 31.3708 36.3219 0
      vertex 25.9775 35.4919 0
    endloop
  endfacet
  facet normal 0 0 -1
    outer loop
      vertex 24.2905 35.4812 0
      vertex 25.9368 35.491 0
      vertex 25.8984 35.4886 0
    endloop
  endfacet
  facet normal 0 0 -1
    outer loop
      vertex 24.2905 35.4812 0
      vertex 25.8984 35.4886 0
      vertex 25.8624 35.4844 0
    endloop
  endfacet
  facet normal 0 0 -1
    outer loop
      vertex 25.8434 34.8337 0
      vertex 25.4615 34.369 0
      vertex 25.7933 34.8245 0
    endloop
  endfacet
  facet normal 0 0 -1
    outer loop
      vertex 25.7933 34.8245 0
      vertex 25.4615 34.369 0
      vertex 25.7415 34.8138 0
    endloop
  endfacet
  facet normal 0 0 -1
    outer loop
      vertex 25.4247 34.5423 0
      vertex 25.7415 34.8138 0
      vertex 25.4615 34.369 0
    endloop
  endfacet
  facet normal 0 0 -1
    outer loop
      vertex 25.3731 34.702 0
      vertex 25.7415 34.8138 0
      vertex 25.4247 34.5423 0
    endloop
  endfacet
  facet normal 0 0 -1
    outer loop
      vertex 25.3069 34.8479 0
      vertex 25.7415 34.8138 0
      vertex 25.3731 34.702 0
    endloop
  endfacet
  facet normal 0 0 -1
    outer loop
      vertex 25.2259 34.9801 0
      vertex 25.7415 34.8138 0
      vertex 25.3069 34.8479 0
    endloop
  endfacet
  facet normal 0 0 -1
    outer loop
      vertex 25.7415 34.8138 0
      vertex 25.2259 34.9801 0
      vertex 25.7415 35.4512 0
    endloop
  endfacet
  facet normal 0 0 -1
    outer loop
      vertex 25.1302 35.0986 0
      vertex 25.7415 35.4512 0
      vertex 25.2259 34.9801 0
    endloop
  endfacet
  facet normal 0 0 -1
    outer loop
      vertex 25.021 35.2022 0
      vertex 25.7415 35.4512 0
      vertex 25.1302 35.0986 0
    endloop
  endfacet
  facet normal 0 0 -1
    outer loop
      vertex 24.8994 35.2899 0
      vertex 25.7415 35.4512 0
      vertex 25.021 35.2022 0
    endloop
  endfacet
  facet normal 0 0 -1
    outer loop
      vertex 24.7657 35.3616 0
      vertex 25.7415 35.4512 0
      vertex 24.8994 35.2899 0
    endloop
  endfacet
  facet normal 0 0 -1
    outer loop
      vertex 24.6196 35.4174 0
      vertex 25.7415 35.4512 0
      vertex 24.7657 35.3616 0
    endloop
  endfacet
  facet normal -0 0 -1
    outer loop
      vertex 25.7415 35.4512 0
      vertex 24.6196 35.4174 0
      vertex 25.7682 35.462 0
    endloop
  endfacet
  facet normal -0 0 -1
    outer loop
      vertex 25.7682 35.462 0
      vertex 24.6196 35.4174 0
      vertex 25.7973 35.4711 0
    endloop
  endfacet
  facet normal 0 0 -1
    outer loop
      vertex 24.4612 35.4573 0
      vertex 25.7973 35.4711 0
      vertex 24.6196 35.4174 0
    endloop
  endfacet
  facet normal -0 0 -1
    outer loop
      vertex 25.7973 35.4711 0
      vertex 24.4612 35.4573 0
      vertex 25.8287 35.4786 0
    endloop
  endfacet
  facet normal -0 0 -1
    outer loop
      vertex 25.8287 35.4786 0
      vertex 24.4612 35.4573 0
      vertex 25.8624 35.4844 0
    endloop
  endfacet
  facet normal 0 0 -1
    outer loop
      vertex 24.2905 35.4812 0
      vertex 25.8624 35.4844 0
      vertex 24.4612 35.4573 0
    endloop
  endfacet
  facet normal 0 0 -1
    outer loop
      vertex 25.9368 35.491 0
      vertex 24.2905 35.4812 0
      vertex 24.1076 35.4892 0
    endloop
  endfacet
  facet normal -0 0 -1
    outer loop
      vertex 25.9368 35.491 0
      vertex 24.1076 35.4892 0
      vertex 31.3708 36.3219 0
    endloop
  endfacet
  facet normal 0 0 -1
    outer loop
      vertex 16.8347 36.3219 0
      vertex 24.1076 35.4892 0
      vertex 23.9331 35.4806 0
    endloop
  endfacet
  facet normal 0 0 -1
    outer loop
      vertex 22.6689 35.4349 0
      vertex 22.8151 34.0657 0
      vertex 22.8083 33.8427 0
    endloop
  endfacet
  facet normal 0 0 -1
    outer loop
      vertex 22.6689 35.4349 0
      vertex 22.8355 34.2728 0
      vertex 22.8151 34.0657 0
    endloop
  endfacet
  facet normal 0 0 -1
    outer loop
      vertex 22.6689 35.4349 0
      vertex 22.8695 34.464 0
      vertex 22.8355 34.2728 0
    endloop
  endfacet
  facet normal 0 0 -1
    outer loop
      vertex 22.6689 35.4349 0
      vertex 22.9172 34.6394 0
      vertex 22.8695 34.464 0
    endloop
  endfacet
  facet normal 0 0 -1
    outer loop
      vertex 22.6689 35.4349 0
      vertex 22.9785 34.7988 0
      vertex 22.9172 34.6394 0
    endloop
  endfacet
  facet normal 0 0 -1
    outer loop
      vertex 22.6689 35.4349 0
      vertex 23.0534 34.9424 0
      vertex 22.9785 34.7988 0
    endloop
  endfacet
  facet normal 0 0 -1
    outer loop
      vertex 22.6689 35.4349 0
      vertex 23.1419 35.0701 0
      vertex 23.0534 34.9424 0
    endloop
  endfacet
  facet normal 0 0 -1
    outer loop
      vertex 22.6689 35.4349 0
      vertex 23.2433 35.1813 0
      vertex 23.1419 35.0701 0
    endloop
  endfacet
  facet normal 0 0 -1
    outer loop
      vertex 22.6689 35.4349 0
      vertex 23.3569 35.2753 0
      vertex 23.2433 35.1813 0
    endloop
  endfacet
  facet normal 0 0 -1
    outer loop
      vertex 22.6689 35.4349 0
      vertex 23.4827 35.3523 0
      vertex 23.3569 35.2753 0
    endloop
  endfacet
  facet normal 0 0 -1
    outer loop
      vertex 22.6689 35.4349 0
      vertex 23.6206 35.4122 0
      vertex 23.4827 35.3523 0
    endloop
  endfacet
  facet normal 0 0 -1
    outer loop
      vertex 22.6689 35.4349 0
      vertex 23.7708 35.4549 0
      vertex 23.6206 35.4122 0
    endloop
  endfacet
  facet normal 0 0 -1
    outer loop
      vertex 22.6689 35.4349 0
      vertex 23.9331 35.4806 0
      vertex 23.7708 35.4549 0
    endloop
  endfacet
  facet normal 0 0 -1
    outer loop
      vertex 16.8347 36.3219 0
      vertex 23.9331 35.4806 0
      vertex 22.6689 35.4349 0
    endloop
  endfacet
  facet normal 0 0 -1
    outer loop
      vertex 24.1076 35.4892 0
      vertex 16.8347 36.3219 0
      vertex 31.3708 36.3219 0
    endloop
  endfacet
  facet normal 0 0 -1
    outer loop
      vertex 16.8347 36.3219 0
      vertex 22.6689 35.4349 0
      vertex 21.8633 35.4349 0
    endloop
  endfacet
  facet normal 0 0 -1
    outer loop
      vertex 21.1492 33.1509 0
      vertex 21.1992 33.2624 0
      vertex 21.1581 33.1157 0
    endloop
  endfacet
  facet normal 0 0 -1
    outer loop
      vertex 21.1379 33.193 0
      vertex 21.1992 33.2624 0
      vertex 21.1492 33.1509 0
    endloop
  endfacet
  facet normal 0 0 -1
    outer loop
      vertex 21.1244 33.2419 0
      vertex 21.1992 33.2624 0
      vertex 21.1379 33.193 0
    endloop
  endfacet
  facet normal 0 0 -1
    outer loop
      vertex 21.1085 33.2977 0
      vertex 21.1992 33.2624 0
      vertex 21.1244 33.2419 0
    endloop
  endfacet
  facet normal 0 0 -1
    outer loop
      vertex 21.1992 33.2624 0
      vertex 21.1085 33.2977 0
      vertex 21.2358 33.3925 0
    endloop
  endfacet
  facet normal 0 0 -1
    outer loop
      vertex 21.0903 33.3604 0
      vertex 21.2358 33.3925 0
      vertex 21.1085 33.2977 0
    endloop
  endfacet
  facet normal 0 0 -1
    outer loop
      vertex 21.0697 33.4299 0
      vertex 21.2358 33.3925 0
      vertex 21.0903 33.3604 0
    endloop
  endfacet
  facet normal 0 0 -1
    outer loop
      vertex 21.2358 33.3925 0
      vertex 21.0697 33.4299 0
      vertex 21.2678 33.506 0
    endloop
  endfacet
  facet normal 0 0 -1
    outer loop
      vertex 21.0469 33.5063 0
      vertex 21.2678 33.506 0
      vertex 21.0697 33.4299 0
    endloop
  endfacet
  facet normal 0 0 -1
    outer loop
      vertex 21.2678 33.506 0
      vertex 21.0469 33.5063 0
      vertex 21.2953 33.6029 0
    endloop
  endfacet
  facet normal 0 0 -1
    outer loop
      vertex 21.0135 33.6141 0
      vertex 21.2953 33.6029 0
      vertex 21.0469 33.5063 0
    endloop
  endfacet
  facet normal 0 0 -1
    outer loop
      vertex 21.2953 33.6029 0
      vertex 21.0135 33.6141 0
      vertex 21.3183 33.6832 0
    endloop
  endfacet
  facet normal 0 0 -1
    outer loop
      vertex 20.9616 33.7778 0
      vertex 21.3183 33.6832 0
      vertex 21.0135 33.6141 0
    endloop
  endfacet
  facet normal 0 0 -1
    outer loop
      vertex 21.3183 33.6832 0
      vertex 20.9616 33.7778 0
      vertex 21.3368 33.7468 0
    endloop
  endfacet
  facet normal 0 0 -1
    outer loop
      vertex 21.3368 33.7468 0
      vertex 20.9616 33.7778 0
      vertex 21.3507 33.7939 0
    endloop
  endfacet
  facet normal 0 0 -1
    outer loop
      vertex 20.8911 33.9974 0
      vertex 21.3507 33.7939 0
      vertex 20.9616 33.7778 0
    endloop
  endfacet
  facet normal 0 0 -1
    outer loop
      vertex 20.802 34.2729 0
      vertex 21.3507 33.7939 0
      vertex 20.8911 33.9974 0
    endloop
  endfacet
  facet normal 0 0 -1
    outer loop
      vertex 21.3507 33.7939 0
      vertex 20.802 34.2729 0
      vertex 21.8633 35.4349 0
    endloop
  endfacet
  facet normal 0 0 -1
    outer loop
      vertex 20.6942 34.6043 0
      vertex 21.8633 35.4349 0
      vertex 20.802 34.2729 0
    endloop
  endfacet
  facet normal 0 0 -1
    outer loop
      vertex 20.5679 34.9917 0
      vertex 21.8633 35.4349 0
      vertex 20.6942 34.6043 0
    endloop
  endfacet
  facet normal 0 0 -1
    outer loop
      vertex 20.423 35.4349 0
      vertex 21.8633 35.4349 0
      vertex 20.5679 34.9917 0
    endloop
  endfacet
  facet normal 0 0 -1
    outer loop
      vertex 16.8347 36.3219 0
      vertex 21.8633 35.4349 0
      vertex 20.423 35.4349 0
    endloop
  endfacet
  facet normal 0 0 -1
    outer loop
      vertex 16.8347 36.3219 0
      vertex 20.423 35.4349 0
      vertex 19.6255 35.4349 0
    endloop
  endfacet
  facet normal 0 0 -1
    outer loop
      vertex 16.8347 36.3219 0
      vertex 19.6255 35.4349 0
      vertex 18.229 32.5 0
    endloop
  endfacet
  facet normal 0 0 -1
    outer loop
      vertex 0.5 40.5 0
      vertex 31.3708 36.3219 0
      vertex 16.8347 36.3219 0
    endloop
  endfacet
  facet normal 0 0 -1
    outer loop
      vertex 0.5 40.5 0
      vertex 16.8347 36.3219 0
      vertex 15.8908 36.3219 0
    endloop
  endfacet
  facet normal -0 0 -1
    outer loop
      vertex 20.7864 14.5547 0
      vertex -2.5 0.5 0
      vertex 14.502 32.5 0
    endloop
  endfacet
  facet normal 0 0 -1
    outer loop
      vertex 34.1794 36.3219 0
      vertex 0.5 40.5 0
      vertex 70 40.5 0
    endloop
  endfacet
  facet normal 0 0 -1
    outer loop
      vertex -2.5 37.5 0
      vertex 14.502 32.5 0
      vertex -2.5 0.5 0
    endloop
  endfacet
  facet normal 0 0 -1
    outer loop
      vertex -2.5 0.5 0
      vertex 0.5 -2.5 0
      vertex 0.108429 -2.47433 0
    endloop
  endfacet
  facet normal 0 -0 -1
    outer loop
      vertex 0.5 40.5 0
      vertex 14.502 32.5 0
      vertex -2.5 37.5 0
    endloop
  endfacet
  facet normal 0 0 -1
    outer loop
      vertex -2.5 0.5 0
      vertex 0.108429 -2.47433 0
      vertex -0.276459 -2.39778 0
    endloop
  endfacet
  facet normal 0 0 -1
    outer loop
      vertex 14.502 32.5 0
      vertex 0.5 40.5 0
      vertex 15.8908 36.3219 0
    endloop
  endfacet
  facet normal 0 0 -1
    outer loop
      vertex -2.5 0.5 0
      vertex -0.276459 -2.39778 0
      vertex -0.648056 -2.27164 0
    endloop
  endfacet
  facet normal 0 0 -1
    outer loop
      vertex 0.5 40.5 0
      vertex -2.5 37.5 0
      vertex 0.108429 40.4743 0
    endloop
  endfacet
  facet normal 0 0 -1
    outer loop
      vertex -2.5 0.5 0
      vertex -0.648056 -2.27164 0
      vertex -1 -2.09808 0
    endloop
  endfacet
  facet normal 0 0 -1
    outer loop
      vertex 0.108429 40.4743 0
      vertex -2.5 37.5 0
      vertex -0.276459 40.3978 0
    endloop
  endfacet
  facet normal 0 0 -1
    outer loop
      vertex -2.5 0.5 0
      vertex -1 -2.09808 0
      vertex -1.32628 -1.88007 0
    endloop
  endfacet
  facet normal 0 0 -1
    outer loop
      vertex -0.276459 40.3978 0
      vertex -2.5 37.5 0
      vertex -0.648056 40.2716 0
    endloop
  endfacet
  facet normal 0 0 -1
    outer loop
      vertex -2.5 0.5 0
      vertex -1.32628 -1.88007 0
      vertex -1.62132 -1.62132 0
    endloop
  endfacet
  facet normal 0 0 -1
    outer loop
      vertex -0.648056 40.2716 0
      vertex -2.5 37.5 0
      vertex -1 40.0981 0
    endloop
  endfacet
  facet normal 0 0 -1
    outer loop
      vertex -2.5 0.5 0
      vertex -1.62132 -1.62132 0
      vertex -1.88007 -1.32628 0
    endloop
  endfacet
  facet normal 0 0 -1
    outer loop
      vertex -1 40.0981 0
      vertex -2.5 37.5 0
      vertex -1.32628 39.8801 0
    endloop
  endfacet
  facet normal 0 0 -1
    outer loop
      vertex -2.5 0.5 0
      vertex -1.88007 -1.32628 0
      vertex -2.09808 -1 0
    endloop
  endfacet
  facet normal 0 0 -1
    outer loop
      vertex -1.32628 39.8801 0
      vertex -2.5 37.5 0
      vertex -1.62132 39.6213 0
    endloop
  endfacet
  facet normal 0 0 -1
    outer loop
      vertex -2.5 0.5 0
      vertex -2.09808 -1 0
      vertex -2.27164 -0.648056 0
    endloop
  endfacet
  facet normal 0 0 -1
    outer loop
      vertex -1.62132 39.6213 0
      vertex -2.5 37.5 0
      vertex -1.88007 39.3263 0
    endloop
  endfacet
  facet normal 0 0 -1
    outer loop
      vertex -2.5 0.5 0
      vertex -2.27164 -0.648056 0
      vertex -2.39778 -0.276459 0
    endloop
  endfacet
  facet normal 0 0 -1
    outer loop
      vertex -1.88007 39.3263 0
      vertex -2.5 37.5 0
      vertex -2.09808 39 0
    endloop
  endfacet
  facet normal 0 0 -1
    outer loop
      vertex -2.5 0.5 0
      vertex -2.39778 -0.276459 0
      vertex -2.47433 0.108429 0
    endloop
  endfacet
  facet normal 0 0 -1
    outer loop
      vertex -2.09808 39 0
      vertex -2.5 37.5 0
      vertex -2.27164 38.6481 0
    endloop
  endfacet
  facet normal 0 0 -1
    outer loop
      vertex -2.27164 38.6481 0
      vertex -2.5 37.5 0
      vertex -2.39778 38.2765 0
    endloop
  endfacet
  facet normal 0 0 -1
    outer loop
      vertex -2.39778 38.2765 0
      vertex -2.5 37.5 0
      vertex -2.47433 37.8916 0
    endloop
  endfacet
  facet normal -0 0 -1
    outer loop
      vertex 16.379 35.6736 0
      vertex 16.3058 35.5461 0
      vertex 16.3628 35.7333 0
    endloop
  endfacet
  facet normal -0 0 -1
    outer loop
      vertex 16.387 35.6452 0
      vertex 16.3058 35.5461 0
      vertex 16.379 35.6736 0
    endloop
  endfacet
  facet normal -0 0 -1
    outer loop
      vertex 16.3954 35.6156 0
      vertex 16.3058 35.5461 0
      vertex 16.387 35.6452 0
    endloop
  endfacet
  facet normal -0 0 -1
    outer loop
      vertex 16.4043 35.5849 0
      vertex 16.3058 35.5461 0
      vertex 16.3954 35.6156 0
    endloop
  endfacet
  facet normal -0 0 -1
    outer loop
      vertex 16.4136 35.5532 0
      vertex 16.3058 35.5461 0
      vertex 16.4043 35.5849 0
    endloop
  endfacet
  facet normal 0 0 -1
    outer loop
      vertex 16.4233 35.5203 0
      vertex 16.3058 35.5461 0
      vertex 16.4136 35.5532 0
    endloop
  endfacet
  facet normal 0 0 -1
    outer loop
      vertex 16.4335 35.4863 0
      vertex 16.3058 35.5461 0
      vertex 16.4233 35.5203 0
    endloop
  endfacet
  facet normal 0 0 -1
    outer loop
      vertex 16.4442 35.4512 0
      vertex 16.3058 35.5461 0
      vertex 16.4335 35.4863 0
    endloop
  endfacet
  facet normal 0 0 -1
    outer loop
      vertex 16.463 35.3926 0
      vertex 16.3058 35.5461 0
      vertex 16.4442 35.4512 0
    endloop
  endfacet
  facet normal 0 0 -1
    outer loop
      vertex 16.1892 35.1772 0
      vertex 16.463 35.3926 0
      vertex 16.4977 35.2882 0
    endloop
  endfacet
  facet normal 0 0 -1
    outer loop
      vertex 16.1892 35.1772 0
      vertex 16.4977 35.2882 0
      vertex 16.5484 35.138 0
    endloop
  endfacet
  facet normal 0 0 -1
    outer loop
      vertex 16.1892 35.1772 0
      vertex 16.5484 35.138 0
      vertex 16.6151 34.9419 0
    endloop
  endfacet
  facet normal 0 0 -1
    outer loop
      vertex 16.1892 35.1772 0
      vertex 16.6151 34.9419 0
      vertex 16.6977 34.7 0
    endloop
  endfacet
  facet normal 0 0 -1
    outer loop
      vertex 15.8121 34.0787 0
      vertex 16.6977 34.7 0
      vertex 16.7962 34.4123 0
    endloop
  endfacet
  facet normal 0 0 -1
    outer loop
      vertex 15.8121 34.0787 0
      vertex 16.7962 34.4123 0
      vertex 16.9107 34.0787 0
    endloop
  endfacet
  facet normal -0 0 -1
    outer loop
      vertex 16.463 35.3926 0
      vertex 16.1892 35.1772 0
      vertex 16.3058 35.5461 0
    endloop
  endfacet
  facet normal -0 0 -1
    outer loop
      vertex 16.6977 34.7 0
      vertex 15.8121 34.0787 0
      vertex 16.1892 35.1772 0
    endloop
  endfacet
  facet normal 0 0 -1
    outer loop
      vertex 23.5549 34.3963 0
      vertex 24.6802 34.3914 0
      vertex 24.6853 34.2984 0
    endloop
  endfacet
  facet normal 0 -0 -1
    outer loop
      vertex 23.5689 34.4869 0
      vertex 24.6802 34.3914 0
      vertex 23.5549 34.3963 0
    endloop
  endfacet
  facet normal 0 0 -1
    outer loop
      vertex 24.6695 34.4784 0
      vertex 23.5689 34.4869 0
      vertex 24.6532 34.5593 0
    endloop
  endfacet
  facet normal 0 -0 -1
    outer loop
      vertex 23.5881 34.5703 0
      vertex 24.6532 34.5593 0
      vertex 23.5689 34.4869 0
    endloop
  endfacet
  facet normal 0 0 -1
    outer loop
      vertex 24.6532 34.5593 0
      vertex 23.5881 34.5703 0
      vertex 24.6313 34.634 0
    endloop
  endfacet
  facet normal 0 0 -1
    outer loop
      vertex 24.6313 34.634 0
      vertex 23.6125 34.6465 0
      vertex 24.6038 34.7027 0
    endloop
  endfacet
  facet normal 0 -0 -1
    outer loop
      vertex 24.1184 35.0091 0
      vertex 24.6038 34.7027 0
      vertex 23.6125 34.6465 0
    endloop
  endfacet
  facet normal 0 0 -1
    outer loop
      vertex 24.6038 34.7027 0
      vertex 24.1184 35.0091 0
      vertex 24.5707 34.7654 0
    endloop
  endfacet
  facet normal -0 -0 -1
    outer loop
      vertex 24.2618 34.9938 0
      vertex 24.5321 34.8219 0
      vertex 24.1926 35.0052 0
    endloop
  endfacet
  facet normal 0 0 -1
    outer loop
      vertex 24.5321 34.8219 0
      vertex 24.2618 34.9938 0
      vertex 24.4881 34.8715 0
    endloop
  endfacet
  facet normal 0 0 -1
    outer loop
      vertex 24.385 34.948 0
      vertex 24.2618 34.9938 0
      vertex 24.3259 34.9747 0
    endloop
  endfacet
  facet normal 0 0 -1
    outer loop
      vertex 24.4391 34.9136 0
      vertex 24.2618 34.9938 0
      vertex 24.385 34.948 0
    endloop
  endfacet
  facet normal 0 0 -1
    outer loop
      vertex 24.4881 34.8715 0
      vertex 24.2618 34.9938 0
      vertex 24.4391 34.9136 0
    endloop
  endfacet
  facet normal 0 0 -1
    outer loop
      vertex 24.5707 34.7654 0
      vertex 24.1926 35.0052 0
      vertex 24.5321 34.8219 0
    endloop
  endfacet
  facet normal 0 -0 -1
    outer loop
      vertex 23.6421 34.7154 0
      vertex 24.1184 35.0091 0
      vertex 23.6125 34.6465 0
    endloop
  endfacet
  facet normal 0 0 -1
    outer loop
      vertex 24.1184 35.0091 0
      vertex 23.6421 34.7154 0
      vertex 24.0484 35.0054 0
    endloop
  endfacet
  facet normal 0 0 -1
    outer loop
      vertex 24.0484 35.0054 0
      vertex 23.677 34.777 0
      vertex 23.9827 34.9946 0
    endloop
  endfacet
  facet normal 0 -0 -1
    outer loop
      vertex 23.717 34.8314 0
      vertex 23.9827 34.9946 0
      vertex 23.677 34.777 0
    endloop
  endfacet
  facet normal 0 0 -1
    outer loop
      vertex 23.9211 34.9764 0
      vertex 23.717 34.8314 0
      vertex 23.8638 34.951 0
    endloop
  endfacet
  facet normal 0 0 -1
    outer loop
      vertex 23.8106 34.9184 0
      vertex 23.717 34.8314 0
      vertex 23.7617 34.8785 0
    endloop
  endfacet
  facet normal 0 0 -1
    outer loop
      vertex 23.8638 34.951 0
      vertex 23.717 34.8314 0
      vertex 23.8106 34.9184 0
    endloop
  endfacet
  facet normal 0 0 -1
    outer loop
      vertex 23.9827 34.9946 0
      vertex 23.717 34.8314 0
      vertex 23.9211 34.9764 0
    endloop
  endfacet
  facet normal 0 -0 -1
    outer loop
      vertex 23.677 34.777 0
      vertex 24.0484 35.0054 0
      vertex 23.6421 34.7154 0
    endloop
  endfacet
  facet normal -0 -0 -1
    outer loop
      vertex 24.1926 35.0052 0
      vertex 24.5707 34.7654 0
      vertex 24.1184 35.0091 0
    endloop
  endfacet
  facet normal 0 -0 -1
    outer loop
      vertex 23.6125 34.6465 0
      vertex 24.6313 34.634 0
      vertex 23.5881 34.5703 0
    endloop
  endfacet
  facet normal 0 0 -1
    outer loop
      vertex 24.6802 34.3914 0
      vertex 23.5689 34.4869 0
      vertex 24.6695 34.4784 0
    endloop
  endfacet
  facet normal 0 -0 -1
    outer loop
      vertex 23.5549 34.3963 0
      vertex 24.6853 34.2984 0
      vertex 23.5461 34.2984 0
    endloop
  endfacet
  facet normal 0 0 -1
    outer loop
      vertex 35.2888 34.5724 0
      vertex 34.2635 35.7008 0
      vertex 35.2888 35.7008 0
    endloop
  endfacet
  facet normal 0 0 -1
    outer loop
      vertex 34.2418 34.5724 0
      vertex 34.2635 35.7008 0
      vertex 35.2888 34.5724 0
    endloop
  endfacet
  facet normal 0 0 -1
    outer loop
      vertex 34.149 34.5755 0
      vertex 34.2635 35.7008 0
      vertex 34.2418 34.5724 0
    endloop
  endfacet
  facet normal 0 0 -1
    outer loop
      vertex 34.149 34.5755 0
      vertex 34.0764 35.6895 0
      vertex 34.2635 35.7008 0
    endloop
  endfacet
  facet normal 0 0 -1
    outer loop
      vertex 34.0629 34.5847 0
      vertex 34.0764 35.6895 0
      vertex 34.149 34.5755 0
    endloop
  endfacet
  facet normal 0 0 -1
    outer loop
      vertex 33.9834 34.6003 0
      vertex 34.0764 35.6895 0
      vertex 34.0629 34.5847 0
    endloop
  endfacet
  facet normal 0 0 -1
    outer loop
      vertex 33.9834 34.6003 0
      vertex 33.9181 35.6558 0
      vertex 34.0764 35.6895 0
    endloop
  endfacet
  facet normal 0 0 -1
    outer loop
      vertex 33.5618 35.0743 0
      vertex 33.9834 34.6003 0
      vertex 33.9106 34.6219 0
    endloop
  endfacet
  facet normal 0 0 -1
    outer loop
      vertex 33.5618 35.0743 0
      vertex 33.9106 34.6219 0
      vertex 33.8444 34.6498 0
    endloop
  endfacet
  facet normal 0 0 -1
    outer loop
      vertex 33.9834 34.6003 0
      vertex 33.5583 35.1501 0
      vertex 33.9181 35.6558 0
    endloop
  endfacet
  facet normal 0 0 -1
    outer loop
      vertex 33.5724 35.0035 0
      vertex 33.8444 34.6498 0
      vertex 33.7848 34.6839 0
    endloop
  endfacet
  facet normal 0 0 -1
    outer loop
      vertex 33.5724 35.0035 0
      vertex 33.7848 34.6839 0
      vertex 33.7319 34.7242 0
    endloop
  endfacet
  facet normal 0 -0 -1
    outer loop
      vertex 33.5727 35.2962 0
      vertex 33.9181 35.6558 0
      vertex 33.5583 35.1501 0
    endloop
  endfacet
  facet normal 0 0 -1
    outer loop
      vertex 33.5724 35.0035 0
      vertex 33.7319 34.7242 0
      vertex 33.6858 34.7701 0
    endloop
  endfacet
  facet normal 0 0 -1
    outer loop
      vertex 33.5724 35.0035 0
      vertex 33.6858 34.7701 0
      vertex 33.6469 34.821 0
    endloop
  endfacet
  facet normal 0 0 -1
    outer loop
      vertex 33.9181 35.6558 0
      vertex 33.5727 35.2962 0
      vertex 33.7886 35.5996 0
    endloop
  endfacet
  facet normal 0 0 -1
    outer loop
      vertex 33.5724 35.0035 0
      vertex 33.6469 34.821 0
      vertex 33.615 34.8769 0
    endloop
  endfacet
  facet normal 0 0 -1
    outer loop
      vertex 33.5724 35.0035 0
      vertex 33.615 34.8769 0
      vertex 33.5902 34.9377 0
    endloop
  endfacet
  facet normal 0 0 -1
    outer loop
      vertex 33.7886 35.5996 0
      vertex 33.5727 35.2962 0
      vertex 33.6878 35.521 0
    endloop
  endfacet
  facet normal 0 0 -1
    outer loop
      vertex 33.8444 34.6498 0
      vertex 33.5724 35.0035 0
      vertex 33.5618 35.0743 0
    endloop
  endfacet
  facet normal 0 0 -1
    outer loop
      vertex 33.9834 34.6003 0
      vertex 33.5618 35.0743 0
      vertex 33.5583 35.1501 0
    endloop
  endfacet
  facet normal 0 0 -1
    outer loop
      vertex 33.6878 35.521 0
      vertex 33.5727 35.2962 0
      vertex 33.6158 35.4198 0
    endloop
  endfacet
  facet normal 0 0 -1
    outer loop
      vertex 47.9462 33.1184 0
      vertex 47.3793 35.7035 0
      vertex 47.9462 35.7035 0
    endloop
  endfacet
  facet normal 0 0 -1
    outer loop
      vertex 47.2681 33.1184 0
      vertex 47.3793 35.7035 0
      vertex 47.9462 33.1184 0
    endloop
  endfacet
  facet normal 0 0 -1
    outer loop
      vertex 46.1451 34.4394 0
      vertex 47.3793 35.7035 0
      vertex 47.2681 33.1184 0
    endloop
  endfacet
  facet normal 0 0 -1
    outer loop
      vertex 46.2443 33.8252 0
      vertex 47.2681 33.1184 0
      vertex 47.1251 33.1257 0
    endloop
  endfacet
  facet normal 0 -0 -1
    outer loop
      vertex 46.1516 34.6094 0
      vertex 47.3793 35.7035 0
      vertex 46.1451 34.4394 0
    endloop
  endfacet
  facet normal 0 0 -1
    outer loop
      vertex 46.3001 33.6976 0
      vertex 47.1251 33.1257 0
      vertex 46.9908 33.1474 0
    endloop
  endfacet
  facet normal 0 0 -1
    outer loop
      vertex 47.3793 35.7035 0
      vertex 46.1516 34.6094 0
      vertex 47.2151 35.6969 0
    endloop
  endfacet
  facet normal 0 0 -1
    outer loop
      vertex 46.4489 33.4738 0
      vertex 46.9908 33.1474 0
      vertex 46.8652 33.1837 0
    endloop
  endfacet
  facet normal 0 -0 -1
    outer loop
      vertex 46.1712 34.7675 0
      vertex 47.2151 35.6969 0
      vertex 46.1516 34.6094 0
    endloop
  endfacet
  facet normal 0 0 -1
    outer loop
      vertex 46.4489 33.4738 0
      vertex 46.8652 33.1837 0
      vertex 46.7481 33.2345 0
    endloop
  endfacet
  facet normal 0 0 -1
    outer loop
      vertex 47.2151 35.6969 0
      vertex 46.1712 34.7675 0
      vertex 47.0622 35.677 0
    endloop
  endfacet
  facet normal 0 0 -1
    outer loop
      vertex 46.54 33.3795 0
      vertex 46.7481 33.2345 0
      vertex 46.6398 33.2997 0
    endloop
  endfacet
  facet normal 0 -0 -1
    outer loop
      vertex 46.2039 34.9136 0
      vertex 47.0622 35.677 0
      vertex 46.1712 34.7675 0
    endloop
  endfacet
  facet normal 0 0 -1
    outer loop
      vertex 46.4489 33.4738 0
      vertex 46.7481 33.2345 0
      vertex 46.54 33.3795 0
    endloop
  endfacet
  facet normal 0 0 -1
    outer loop
      vertex 47.0622 35.677 0
      vertex 46.2039 34.9136 0
      vertex 46.9204 35.6439 0
    endloop
  endfacet
  facet normal 0 0 -1
    outer loop
      vertex 46.9908 33.1474 0
      vertex 46.4489 33.4738 0
      vertex 46.3683 33.5805 0
    endloop
  endfacet
  facet normal 0 0 -1
    outer loop
      vertex 46.9204 35.6439 0
      vertex 46.2039 34.9136 0
      vertex 46.7898 35.5976 0
    endloop
  endfacet
  facet normal 0 0 -1
    outer loop
      vertex 46.9908 33.1474 0
      vertex 46.3683 33.5805 0
      vertex 46.3001 33.6976 0
    endloop
  endfacet
  facet normal 0 0 -1
    outer loop
      vertex 46.7898 35.5976 0
      vertex 46.2039 34.9136 0
      vertex 46.6704 35.5381 0
    endloop
  endfacet
  facet normal 0 0 -1
    outer loop
      vertex 47.1251 33.1257 0
      vertex 46.3001 33.6976 0
      vertex 46.2443 33.8252 0
    endloop
  endfacet
  facet normal 0 0 -1
    outer loop
      vertex 46.6704 35.5381 0
      vertex 46.2039 34.9136 0
      vertex 46.5622 35.4653 0
    endloop
  endfacet
  facet normal 0 0 -1
    outer loop
      vertex 47.2681 33.1184 0
      vertex 46.2443 33.8252 0
      vertex 46.2009 33.9631 0
    endloop
  endfacet
  facet normal 0 0 -1
    outer loop
      vertex 46.5622 35.4653 0
      vertex 46.2039 34.9136 0
      vertex 46.4652 35.3793 0
    endloop
  endfacet
  facet normal 0 0 -1
    outer loop
      vertex 47.2681 33.1184 0
      vertex 46.2009 33.9631 0
      vertex 46.1699 34.1115 0
    endloop
  endfacet
  facet normal 0 0 -1
    outer loop
      vertex 46.3084 35.1703 0
      vertex 46.2039 34.9136 0
      vertex 46.2496 35.0479 0
    endloop
  endfacet
  facet normal 0 0 -1
    outer loop
      vertex 47.2681 33.1184 0
      vertex 46.1699 34.1115 0
      vertex 46.1513 34.2703 0
    endloop
  endfacet
  facet normal 0 0 -1
    outer loop
      vertex 46.3802 35.2807 0
      vertex 46.2039 34.9136 0
      vertex 46.3084 35.1703 0
    endloop
  endfacet
  facet normal 0 0 -1
    outer loop
      vertex 47.2681 33.1184 0
      vertex 46.1513 34.2703 0
      vertex 46.1451 34.4394 0
    endloop
  endfacet
  facet normal 0 0 -1
    outer loop
      vertex 46.4652 35.3793 0
      vertex 46.2039 34.9136 0
      vertex 46.3802 35.2807 0
    endloop
  endfacet
  facet normal 0.997853 -0.0654921 0
    outer loop
      vertex 72.9743 0.108429 20.1
      vertex 73 0.5 0
      vertex 73 0.5 20.1
    endloop
  endfacet
  facet normal 0.997853 -0.0654921 0
    outer loop
      vertex 73 0.5 0
      vertex 72.9743 0.108429 20.1
      vertex 72.9743 0.108429 0
    endloop
  endfacet
  facet normal 0 0 1
    outer loop
      vertex 71 37.5 20.1
      vertex 73 37.5 20.1
      vertex 72.9743 37.8916 20.1
    endloop
  endfacet
  facet normal 0 0 1
    outer loop
      vertex 73 37.5 20.1
      vertex 71 37.5 20.1
      vertex 73 0.5 20.1
    endloop
  endfacet
  facet normal 0 0 1
    outer loop
      vertex 70.9914 37.6305 20.1
      vertex 72.9743 37.8916 20.1
      vertex 72.8978 38.2765 20.1
    endloop
  endfacet
  facet normal 0 0 1
    outer loop
      vertex 71 0.5 20.1
      vertex 73 0.5 20.1
      vertex 71 37.5 20.1
    endloop
  endfacet
  facet normal 0 0 1
    outer loop
      vertex 70.9659 37.7588 20.1
      vertex 72.8978 38.2765 20.1
      vertex 72.7716 38.6481 20.1
    endloop
  endfacet
  facet normal 0 0 1
    outer loop
      vertex 73 0.5 20.1
      vertex 71 0.5 20.1
      vertex 72.9743 0.108429 20.1
    endloop
  endfacet
  facet normal 0 0 1
    outer loop
      vertex 70.9239 37.8827 20.1
      vertex 72.7716 38.6481 20.1
      vertex 72.5981 39 20.1
    endloop
  endfacet
  facet normal -0 0 1
    outer loop
      vertex 70.9914 0.369476 20.1
      vertex 72.9743 0.108429 20.1
      vertex 71 0.5 20.1
    endloop
  endfacet
  facet normal 0 0 1
    outer loop
      vertex 70.866 38 20.1
      vertex 72.5981 39 20.1
      vertex 72.3801 39.3263 20.1
    endloop
  endfacet
  facet normal 0 0 1
    outer loop
      vertex 72.9743 0.108429 20.1
      vertex 70.9914 0.369476 20.1
      vertex 72.8978 -0.276459 20.1
    endloop
  endfacet
  facet normal 0 0 1
    outer loop
      vertex 70.7934 38.1088 20.1
      vertex 72.3801 39.3263 20.1
      vertex 72.1213 39.6213 20.1
    endloop
  endfacet
  facet normal -0 0 1
    outer loop
      vertex 70.9659 0.24118 20.1
      vertex 72.8978 -0.276459 20.1
      vertex 70.9914 0.369476 20.1
    endloop
  endfacet
  facet normal 0 0 1
    outer loop
      vertex 70.7071 38.2071 20.1
      vertex 72.1213 39.6213 20.1
      vertex 71.8263 39.8801 20.1
    endloop
  endfacet
  facet normal 0 0 1
    outer loop
      vertex 72.8978 -0.276459 20.1
      vertex 70.9659 0.24118 20.1
      vertex 72.7716 -0.648056 20.1
    endloop
  endfacet
  facet normal 0 0 1
    outer loop
      vertex 70.6088 38.2934 20.1
      vertex 71.8263 39.8801 20.1
      vertex 71.5 40.0981 20.1
    endloop
  endfacet
  facet normal -0 0 1
    outer loop
      vertex 70.9239 0.11731 20.1
      vertex 72.7716 -0.648056 20.1
      vertex 70.9659 0.24118 20.1
    endloop
  endfacet
  facet normal 0 0 1
    outer loop
      vertex 70.5 38.366 20.1
      vertex 71.5 40.0981 20.1
      vertex 71.1481 40.2716 20.1
    endloop
  endfacet
  facet normal 0 0 1
    outer loop
      vertex 72.7716 -0.648056 20.1
      vertex 70.9239 0.11731 20.1
      vertex 72.5981 -1 20.1
    endloop
  endfacet
  facet normal -0 0 1
    outer loop
      vertex 70.866 0 20.1
      vertex 72.5981 -1 20.1
      vertex 70.9239 0.11731 20.1
    endloop
  endfacet
  facet normal 0 0 1
    outer loop
      vertex 72.9743 37.8916 20.1
      vertex 70.9914 37.6305 20.1
      vertex 71 37.5 20.1
    endloop
  endfacet
  facet normal 0 0 1
    outer loop
      vertex 72.8978 38.2765 20.1
      vertex 70.9659 37.7588 20.1
      vertex 70.9914 37.6305 20.1
    endloop
  endfacet
  facet normal 0 0 1
    outer loop
      vertex 72.7716 38.6481 20.1
      vertex 70.9239 37.8827 20.1
      vertex 70.9659 37.7588 20.1
    endloop
  endfacet
  facet normal 0 0 1
    outer loop
      vertex 72.5981 39 20.1
      vertex 70.866 38 20.1
      vertex 70.9239 37.8827 20.1
    endloop
  endfacet
  facet normal 0 0 1
    outer loop
      vertex 72.3801 39.3263 20.1
      vertex 70.7934 38.1088 20.1
      vertex 70.866 38 20.1
    endloop
  endfacet
  facet normal 0 0 1
    outer loop
      vertex 70.3827 38.4239 20.1
      vertex 71.1481 40.2716 20.1
      vertex 70.7765 40.3978 20.1
    endloop
  endfacet
  facet normal 0 0 1
    outer loop
      vertex 72.1213 39.6213 20.1
      vertex 70.7071 38.2071 20.1
      vertex 70.7934 38.1088 20.1
    endloop
  endfacet
  facet normal 0 0 1
    outer loop
      vertex 71.8263 39.8801 20.1
      vertex 70.6088 38.2934 20.1
      vertex 70.7071 38.2071 20.1
    endloop
  endfacet
  facet normal 0 0 1
    outer loop
      vertex 71.5 40.0981 20.1
      vertex 70.5 38.366 20.1
      vertex 70.6088 38.2934 20.1
    endloop
  endfacet
  facet normal 0 0 1
    outer loop
      vertex 70.2588 38.4659 20.1
      vertex 70.7765 40.3978 20.1
      vertex 70.3916 40.4743 20.1
    endloop
  endfacet
  facet normal 0 0 1
    outer loop
      vertex 71.1481 40.2716 20.1
      vertex 70.3827 38.4239 20.1
      vertex 70.5 38.366 20.1
    endloop
  endfacet
  facet normal 0 0 1
    outer loop
      vertex 70.7765 40.3978 20.1
      vertex 70.2588 38.4659 20.1
      vertex 70.3827 38.4239 20.1
    endloop
  endfacet
  facet normal 0 0 1
    outer loop
      vertex 70.3916 40.4743 20.1
      vertex 70.1305 38.4914 20.1
      vertex 70.2588 38.4659 20.1
    endloop
  endfacet
  facet normal 0 0 1
    outer loop
      vertex 70 40.5 20.1
      vertex 70.1305 38.4914 20.1
      vertex 70.3916 40.4743 20.1
    endloop
  endfacet
  facet normal 0 0 1
    outer loop
      vertex 70 40.5 20.1
      vertex 70 38.5 20.1
      vertex 70.1305 38.4914 20.1
    endloop
  endfacet
  facet normal -0 0 1
    outer loop
      vertex 0.5 40.5 20.1
      vertex 70 38.5 20.1
      vertex 70 40.5 20.1
    endloop
  endfacet
  facet normal 0 0 1
    outer loop
      vertex 0.5 40.5 20.1
      vertex 0.5 38.5 20.1
      vertex 70 38.5 20.1
    endloop
  endfacet
  facet normal 0 0 1
    outer loop
      vertex 0.5 40.5 20.1
      vertex 0.369476 38.4914 20.1
      vertex 0.5 38.5 20.1
    endloop
  endfacet
  facet normal -0 0 1
    outer loop
      vertex 0.108429 40.4743 20.1
      vertex 0.369476 38.4914 20.1
      vertex 0.5 40.5 20.1
    endloop
  endfacet
  facet normal 0 0 1
    outer loop
      vertex 0.369476 38.4914 20.1
      vertex 0.108429 40.4743 20.1
      vertex 0.24118 38.4659 20.1
    endloop
  endfacet
  facet normal -0 0 1
    outer loop
      vertex -0.276459 40.3978 20.1
      vertex 0.24118 38.4659 20.1
      vertex 0.108429 40.4743 20.1
    endloop
  endfacet
  facet normal 0 0 1
    outer loop
      vertex 0.24118 38.4659 20.1
      vertex -0.276459 40.3978 20.1
      vertex 0.11731 38.4239 20.1
    endloop
  endfacet
  facet normal -0 0 1
    outer loop
      vertex -0.648056 40.2716 20.1
      vertex 0.11731 38.4239 20.1
      vertex -0.276459 40.3978 20.1
    endloop
  endfacet
  facet normal 0 0 1
    outer loop
      vertex 0.11731 38.4239 20.1
      vertex -0.648056 40.2716 20.1
      vertex 0 38.366 20.1
    endloop
  endfacet
  facet normal -0 0 1
    outer loop
      vertex -1 40.0981 20.1
      vertex 0 38.366 20.1
      vertex -0.648056 40.2716 20.1
    endloop
  endfacet
  facet normal 0 0 1
    outer loop
      vertex 0 38.366 20.1
      vertex -1 40.0981 20.1
      vertex -0.108765 38.2934 20.1
    endloop
  endfacet
  facet normal -0 0 1
    outer loop
      vertex -1.32628 39.8801 20.1
      vertex -0.108765 38.2934 20.1
      vertex -1 40.0981 20.1
    endloop
  endfacet
  facet normal 0 0 1
    outer loop
      vertex -0.108765 38.2934 20.1
      vertex -1.32628 39.8801 20.1
      vertex -0.207108 38.2071 20.1
    endloop
  endfacet
  facet normal -0 0 1
    outer loop
      vertex -1.62132 39.6213 20.1
      vertex -0.207108 38.2071 20.1
      vertex -1.32628 39.8801 20.1
    endloop
  endfacet
  facet normal 0 0 1
    outer loop
      vertex -0.207108 38.2071 20.1
      vertex -1.62132 39.6213 20.1
      vertex -0.29335 38.1088 20.1
    endloop
  endfacet
  facet normal -0 0 1
    outer loop
      vertex -2.09808 39 20.1
      vertex -0.366028 38 20.1
      vertex -1.88007 39.3263 20.1
    endloop
  endfacet
  facet normal 0 0 1
    outer loop
      vertex -0.29335 38.1088 20.1
      vertex -1.88007 39.3263 20.1
      vertex -0.366028 38 20.1
    endloop
  endfacet
  facet normal -0 0 1
    outer loop
      vertex -1.88007 39.3263 20.1
      vertex -0.29335 38.1088 20.1
      vertex -1.62132 39.6213 20.1
    endloop
  endfacet
  facet normal 0 0 1
    outer loop
      vertex 72.5981 -1 20.1
      vertex 70.866 0 20.1
      vertex 72.3801 -1.32628 20.1
    endloop
  endfacet
  facet normal -0 0 1
    outer loop
      vertex 70.7934 -0.108765 20.1
      vertex 72.3801 -1.32628 20.1
      vertex 70.866 0 20.1
    endloop
  endfacet
  facet normal 0 0 1
    outer loop
      vertex 72.3801 -1.32628 20.1
      vertex 70.7934 -0.108765 20.1
      vertex 72.1213 -1.62132 20.1
    endloop
  endfacet
  facet normal -0 0 1
    outer loop
      vertex 70.7071 -0.207108 20.1
      vertex 72.1213 -1.62132 20.1
      vertex 70.7934 -0.108765 20.1
    endloop
  endfacet
  facet normal 0 0 1
    outer loop
      vertex 72.1213 -1.62132 20.1
      vertex 70.7071 -0.207108 20.1
      vertex 71.8263 -1.88007 20.1
    endloop
  endfacet
  facet normal -0 0 1
    outer loop
      vertex 70.6088 -0.29335 20.1
      vertex 71.8263 -1.88007 20.1
      vertex 70.7071 -0.207108 20.1
    endloop
  endfacet
  facet normal 0 0 1
    outer loop
      vertex 71.8263 -1.88007 20.1
      vertex 70.6088 -0.29335 20.1
      vertex 71.5 -2.09808 20.1
    endloop
  endfacet
  facet normal -0 0 1
    outer loop
      vertex 70.5 -0.366028 20.1
      vertex 71.5 -2.09808 20.1
      vertex 70.6088 -0.29335 20.1
    endloop
  endfacet
  facet normal 0 0 1
    outer loop
      vertex 71.5 -2.09808 20.1
      vertex 70.5 -0.366028 20.1
      vertex 71.1481 -2.27164 20.1
    endloop
  endfacet
  facet normal -0 0 1
    outer loop
      vertex 70.3827 -0.423874 20.1
      vertex 71.1481 -2.27164 20.1
      vertex 70.5 -0.366028 20.1
    endloop
  endfacet
  facet normal 0 0 1
    outer loop
      vertex 71.1481 -2.27164 20.1
      vertex 70.3827 -0.423874 20.1
      vertex 70.7765 -2.39778 20.1
    endloop
  endfacet
  facet normal -0 0 1
    outer loop
      vertex 70.2588 -0.465927 20.1
      vertex 70.7765 -2.39778 20.1
      vertex 70.3827 -0.423874 20.1
    endloop
  endfacet
  facet normal 0 0 1
    outer loop
      vertex 70.7765 -2.39778 20.1
      vertex 70.2588 -0.465927 20.1
      vertex 70.3916 -2.47433 20.1
    endloop
  endfacet
  facet normal -0 0 1
    outer loop
      vertex 70.1305 -0.49144 20.1
      vertex 70.3916 -2.47433 20.1
      vertex 70.2588 -0.465927 20.1
    endloop
  endfacet
  facet normal -0 0 1
    outer loop
      vertex 70 -0.5 20.1
      vertex 70.3916 -2.47433 20.1
      vertex 70.1305 -0.49144 20.1
    endloop
  endfacet
  facet normal 0 0 1
    outer loop
      vertex 70 -0.5 20.1
      vertex 70 -2.5 20.1
      vertex 70.3916 -2.47433 20.1
    endloop
  endfacet
  facet normal -0 0 1
    outer loop
      vertex 0.5 -0.5 20.1
      vertex 70 -2.5 20.1
      vertex 70 -0.5 20.1
    endloop
  endfacet
  facet normal 0 0 1
    outer loop
      vertex 0.5 -0.5 20.1
      vertex 0.5 -2.5 20.1
      vertex 70 -2.5 20.1
    endloop
  endfacet
  facet normal 0 0 1
    outer loop
      vertex 0.369476 -0.49144 20.1
      vertex 0.5 -2.5 20.1
      vertex 0.5 -0.5 20.1
    endloop
  endfacet
  facet normal 0 0 1
    outer loop
      vertex 0.108429 -2.47433 20.1
      vertex 0.369476 -0.49144 20.1
      vertex 0.24118 -0.465927 20.1
    endloop
  endfacet
  facet normal 0 0 1
    outer loop
      vertex -0.276459 -2.39778 20.1
      vertex 0.24118 -0.465927 20.1
      vertex 0.11731 -0.423874 20.1
    endloop
  endfacet
  facet normal 0 0 1
    outer loop
      vertex 0.369476 -0.49144 20.1
      vertex 0.108429 -2.47433 20.1
      vertex 0.5 -2.5 20.1
    endloop
  endfacet
  facet normal 0 0 1
    outer loop
      vertex -0.648056 -2.27164 20.1
      vertex 0.11731 -0.423874 20.1
      vertex 0 -0.366028 20.1
    endloop
  endfacet
  facet normal 0 0 1
    outer loop
      vertex -1 -2.09808 20.1
      vertex 0 -0.366028 20.1
      vertex -0.108765 -0.29335 20.1
    endloop
  endfacet
  facet normal 0 0 1
    outer loop
      vertex -1.32628 -1.88007 20.1
      vertex -0.108765 -0.29335 20.1
      vertex -0.207108 -0.207108 20.1
    endloop
  endfacet
  facet normal 0 0 1
    outer loop
      vertex 0.24118 -0.465927 20.1
      vertex -0.276459 -2.39778 20.1
      vertex 0.108429 -2.47433 20.1
    endloop
  endfacet
  facet normal 0 0 1
    outer loop
      vertex -1.62132 -1.62132 20.1
      vertex -0.207108 -0.207108 20.1
      vertex -0.29335 -0.108765 20.1
    endloop
  endfacet
  facet normal 0 0 1
    outer loop
      vertex -1.88007 -1.32628 20.1
      vertex -0.29335 -0.108765 20.1
      vertex -0.366028 0 20.1
    endloop
  endfacet
  facet normal 0 0 1
    outer loop
      vertex -2.09808 -1 20.1
      vertex -0.366028 0 20.1
      vertex -0.423874 0.11731 20.1
    endloop
  endfacet
  facet normal 0 0 1
    outer loop
      vertex -2.27164 -0.648056 20.1
      vertex -0.423874 0.11731 20.1
      vertex -0.465927 0.24118 20.1
    endloop
  endfacet
  facet normal 0 0 1
    outer loop
      vertex -2.39778 -0.276459 20.1
      vertex -0.465927 0.24118 20.1
      vertex -0.49144 0.369476 20.1
    endloop
  endfacet
  facet normal 0 0 1
    outer loop
      vertex 0.11731 -0.423874 20.1
      vertex -0.648056 -2.27164 20.1
      vertex -0.276459 -2.39778 20.1
    endloop
  endfacet
  facet normal 0 0 1
    outer loop
      vertex -2.47433 0.108429 20.1
      vertex -0.49144 0.369476 20.1
      vertex -0.5 0.5 20.1
    endloop
  endfacet
  facet normal 0 0 1
    outer loop
      vertex -0.5 37.5 20.1
      vertex -2.5 37.5 20.1
      vertex -0.5 0.5 20.1
    endloop
  endfacet
  facet normal 0 0 1
    outer loop
      vertex -0.366028 38 20.1
      vertex -2.09808 39 20.1
      vertex -0.423874 37.8827 20.1
    endloop
  endfacet
  facet normal 0 0 1
    outer loop
      vertex -2.5 0.5 20.1
      vertex -0.5 0.5 20.1
      vertex -2.5 37.5 20.1
    endloop
  endfacet
  facet normal -0 0 1
    outer loop
      vertex -2.27164 38.6481 20.1
      vertex -0.423874 37.8827 20.1
      vertex -2.09808 39 20.1
    endloop
  endfacet
  facet normal 0 -0 1
    outer loop
      vertex -2.47433 0.108429 20.1
      vertex -0.5 0.5 20.1
      vertex -2.5 0.5 20.1
    endloop
  endfacet
  facet normal 0 0 1
    outer loop
      vertex -0.423874 37.8827 20.1
      vertex -2.27164 38.6481 20.1
      vertex -0.465927 37.7588 20.1
    endloop
  endfacet
  facet normal 0 0 1
    outer loop
      vertex 0 -0.366028 20.1
      vertex -1 -2.09808 20.1
      vertex -0.648056 -2.27164 20.1
    endloop
  endfacet
  facet normal -0 0 1
    outer loop
      vertex -2.39778 38.2765 20.1
      vertex -0.465927 37.7588 20.1
      vertex -2.27164 38.6481 20.1
    endloop
  endfacet
  facet normal 0 0 1
    outer loop
      vertex -0.108765 -0.29335 20.1
      vertex -1.32628 -1.88007 20.1
      vertex -1 -2.09808 20.1
    endloop
  endfacet
  facet normal 0 0 1
    outer loop
      vertex -0.465927 37.7588 20.1
      vertex -2.39778 38.2765 20.1
      vertex -0.49144 37.6305 20.1
    endloop
  endfacet
  facet normal 0 0 1
    outer loop
      vertex -0.207108 -0.207108 20.1
      vertex -1.62132 -1.62132 20.1
      vertex -1.32628 -1.88007 20.1
    endloop
  endfacet
  facet normal -0 0 1
    outer loop
      vertex -2.47433 37.8916 20.1
      vertex -0.49144 37.6305 20.1
      vertex -2.39778 38.2765 20.1
    endloop
  endfacet
  facet normal 0 0 1
    outer loop
      vertex -0.29335 -0.108765 20.1
      vertex -1.88007 -1.32628 20.1
      vertex -1.62132 -1.62132 20.1
    endloop
  endfacet
  facet normal 0 0 1
    outer loop
      vertex -0.49144 37.6305 20.1
      vertex -2.47433 37.8916 20.1
      vertex -0.5 37.5 20.1
    endloop
  endfacet
  facet normal 0 0 1
    outer loop
      vertex -0.366028 0 20.1
      vertex -2.09808 -1 20.1
      vertex -1.88007 -1.32628 20.1
    endloop
  endfacet
  facet normal 0 0 1
    outer loop
      vertex -0.5 37.5 20.1
      vertex -2.47433 37.8916 20.1
      vertex -2.5 37.5 20.1
    endloop
  endfacet
  facet normal 0 0 1
    outer loop
      vertex -0.423874 0.11731 20.1
      vertex -2.27164 -0.648056 20.1
      vertex -2.09808 -1 20.1
    endloop
  endfacet
  facet normal 0 0 1
    outer loop
      vertex -0.465927 0.24118 20.1
      vertex -2.39778 -0.276459 20.1
      vertex -2.27164 -0.648056 20.1
    endloop
  endfacet
  facet normal 0 0 1
    outer loop
      vertex -0.49144 0.369476 20.1
      vertex -2.47433 0.108429 20.1
      vertex -2.39778 -0.276459 20.1
    endloop
  endfacet
  facet normal 0.442334 -0.89685 0
    outer loop
      vertex 71.1481 -2.27164 0
      vertex 71.5 -2.09808 20.1
      vertex 71.1481 -2.27164 20.1
    endloop
  endfacet
  facet normal 0.442334 -0.89685 0
    outer loop
      vertex 71.5 -2.09808 20.1
      vertex 71.1481 -2.27164 0
      vertex 71.5 -2.09808 0
    endloop
  endfacet
  facet normal 0.555541 -0.831489 0
    outer loop
      vertex 71.5 -2.09808 0
      vertex 71.8263 -1.88007 20.1
      vertex 71.5 -2.09808 20.1
    endloop
  endfacet
  facet normal 0.555541 -0.831489 0
    outer loop
      vertex 71.8263 -1.88007 20.1
      vertex 71.5 -2.09808 0
      vertex 71.8263 -1.88007 0
    endloop
  endfacet
  facet normal -0.321403 0.946943 0
    outer loop
      vertex 70.3827 -0.423874 2
      vertex 70.2588 -0.465927 20.1
      vertex 70.3827 -0.423874 20.1
    endloop
  endfacet
  facet normal -0.321403 0.946943 0
    outer loop
      vertex 70.2588 -0.465927 20.1
      vertex 70.3827 -0.423874 2
      vertex 70.2588 -0.465927 2
    endloop
  endfacet
  facet normal 0 1 0
    outer loop
      vertex 70 -0.5 20.1
      vertex 33 -0.5 13.45
      vertex 0.5 -0.5 20.1
    endloop
  endfacet
  facet normal 0 1 0
    outer loop
      vertex 70 -0.5 20.1
      vertex 33.3263 -0.5 13.4286
      vertex 33 -0.5 13.45
    endloop
  endfacet
  facet normal 0 1 0
    outer loop
      vertex 70 -0.5 20.1
      vertex 33.647 -0.5 13.3648
      vertex 33.3263 -0.5 13.4286
    endloop
  endfacet
  facet normal 0 1 0
    outer loop
      vertex 70 -0.5 20.1
      vertex 33.9567 -0.5 13.2597
      vertex 33.647 -0.5 13.3648
    endloop
  endfacet
  facet normal 0 1 0
    outer loop
      vertex 70 -0.5 20.1
      vertex 34.25 -0.5 13.1151
      vertex 33.9567 -0.5 13.2597
    endloop
  endfacet
  facet normal 0 1 0
    outer loop
      vertex 70 -0.5 20.1
      vertex 34.5219 -0.5 12.9334
      vertex 34.25 -0.5 13.1151
    endloop
  endfacet
  facet normal 0 1 0
    outer loop
      vertex 70 -0.5 20.1
      vertex 34.7678 -0.5 12.7178
      vertex 34.5219 -0.5 12.9334
    endloop
  endfacet
  facet normal 0 1 0
    outer loop
      vertex 70 -0.5 20.1
      vertex 34.9834 -0.5 12.4719
      vertex 34.7678 -0.5 12.7178
    endloop
  endfacet
  facet normal 0 1 0
    outer loop
      vertex 70 -0.5 20.1
      vertex 35.1651 -0.5 12.2
      vertex 34.9834 -0.5 12.4719
    endloop
  endfacet
  facet normal 0 1 0
    outer loop
      vertex 70 -0.5 20.1
      vertex 35.3097 -0.5 11.9067
      vertex 35.1651 -0.5 12.2
    endloop
  endfacet
  facet normal 0 1 0
    outer loop
      vertex 70 -0.5 20.1
      vertex 35.4148 -0.5 11.597
      vertex 35.3097 -0.5 11.9067
    endloop
  endfacet
  facet normal 0 1 0
    outer loop
      vertex 70 -0.5 20.1
      vertex 35.4786 -0.5 11.2763
      vertex 35.4148 -0.5 11.597
    endloop
  endfacet
  facet normal 0 1 0
    outer loop
      vertex 70 -0.5 20.1
      vertex 35.5 -0.5 10.95
      vertex 35.4786 -0.5 11.2763
    endloop
  endfacet
  facet normal 0 1 -0
    outer loop
      vertex 70 -0.5 2
      vertex 35.5 -0.5 10.95
      vertex 70 -0.5 20.1
    endloop
  endfacet
  facet normal 0 1 0
    outer loop
      vertex 35.5 -0.5 10.95
      vertex 70 -0.5 2
      vertex 35.5 -0.5 9.45
    endloop
  endfacet
  facet normal 0 1 0
    outer loop
      vertex 35.5 -0.5 9.45
      vertex 70 -0.5 2
      vertex 35.4786 -0.5 9.12369
    endloop
  endfacet
  facet normal 0 1 0
    outer loop
      vertex 35.4786 -0.5 9.12369
      vertex 70 -0.5 2
      vertex 35.4148 -0.5 8.80295
    endloop
  endfacet
  facet normal 0 1 0
    outer loop
      vertex 35.4148 -0.5 8.80295
      vertex 70 -0.5 2
      vertex 35.3097 -0.5 8.49329
    endloop
  endfacet
  facet normal 0 1 0
    outer loop
      vertex 35.3097 -0.5 8.49329
      vertex 70 -0.5 2
      vertex 35.1651 -0.5 8.2
    endloop
  endfacet
  facet normal 0 1 0
    outer loop
      vertex 35.1651 -0.5 8.2
      vertex 70 -0.5 2
      vertex 34.9834 -0.5 7.9281
    endloop
  endfacet
  facet normal 0 1 0
    outer loop
      vertex 34.9834 -0.5 7.9281
      vertex 70 -0.5 2
      vertex 34.7678 -0.5 7.68224
    endloop
  endfacet
  facet normal 0 1 0
    outer loop
      vertex 34.7678 -0.5 7.68224
      vertex 70 -0.5 2
      vertex 34.5219 -0.5 7.46662
    endloop
  endfacet
  facet normal 0 1 0
    outer loop
      vertex 34.5219 -0.5 7.46662
      vertex 70 -0.5 2
      vertex 34.25 -0.5 7.28493
    endloop
  endfacet
  facet normal 0 1 0
    outer loop
      vertex 0.5 -0.5 2
      vertex 33 -0.5 6.95
      vertex 70 -0.5 2
    endloop
  endfacet
  facet normal 0 1 0
    outer loop
      vertex 33.3263 -0.5 6.97139
      vertex 70 -0.5 2
      vertex 33 -0.5 6.95
    endloop
  endfacet
  facet normal 0 1 0
    outer loop
      vertex 33.647 -0.5 7.03519
      vertex 70 -0.5 2
      vertex 33.3263 -0.5 6.97139
    endloop
  endfacet
  facet normal 0 1 0
    outer loop
      vertex 33.9567 -0.5 7.14031
      vertex 70 -0.5 2
      vertex 33.647 -0.5 7.03519
    endloop
  endfacet
  facet normal 0 1 0
    outer loop
      vertex 34.25 -0.5 7.28493
      vertex 70 -0.5 2
      vertex 33.9567 -0.5 7.14031
    endloop
  endfacet
  facet normal 0 1 -0
    outer loop
      vertex 27 -0.5 13.45
      vertex 0.5 -0.5 20.1
      vertex 33 -0.5 13.45
    endloop
  endfacet
  facet normal 0 1 -0
    outer loop
      vertex 26.6737 -0.5 13.4286
      vertex 0.5 -0.5 20.1
      vertex 27 -0.5 13.45
    endloop
  endfacet
  facet normal 0 1 -0
    outer loop
      vertex 26.353 -0.5 13.3648
      vertex 0.5 -0.5 20.1
      vertex 26.6737 -0.5 13.4286
    endloop
  endfacet
  facet normal 0 1 -0
    outer loop
      vertex 26.0433 -0.5 13.2597
      vertex 0.5 -0.5 20.1
      vertex 26.353 -0.5 13.3648
    endloop
  endfacet
  facet normal 0 1 -0
    outer loop
      vertex 25.75 -0.5 13.1151
      vertex 0.5 -0.5 20.1
      vertex 26.0433 -0.5 13.2597
    endloop
  endfacet
  facet normal 0 1 -0
    outer loop
      vertex 25.4781 -0.5 12.9334
      vertex 0.5 -0.5 20.1
      vertex 25.75 -0.5 13.1151
    endloop
  endfacet
  facet normal 0 1 -0
    outer loop
      vertex 25.2322 -0.5 12.7178
      vertex 0.5 -0.5 20.1
      vertex 25.4781 -0.5 12.9334
    endloop
  endfacet
  facet normal 0 1 -0
    outer loop
      vertex 25.0166 -0.5 12.4719
      vertex 0.5 -0.5 20.1
      vertex 25.2322 -0.5 12.7178
    endloop
  endfacet
  facet normal 0 1 -0
    outer loop
      vertex 24.8349 -0.5 12.2
      vertex 0.5 -0.5 20.1
      vertex 25.0166 -0.5 12.4719
    endloop
  endfacet
  facet normal 0 1 -0
    outer loop
      vertex 24.6903 -0.5 11.9067
      vertex 0.5 -0.5 20.1
      vertex 24.8349 -0.5 12.2
    endloop
  endfacet
  facet normal 0 1 -0
    outer loop
      vertex 24.5852 -0.5 11.597
      vertex 0.5 -0.5 20.1
      vertex 24.6903 -0.5 11.9067
    endloop
  endfacet
  facet normal 0 1 -0
    outer loop
      vertex 24.5214 -0.5 11.2763
      vertex 0.5 -0.5 20.1
      vertex 24.5852 -0.5 11.597
    endloop
  endfacet
  facet normal 0 1 -0
    outer loop
      vertex 24.5 -0.5 10.95
      vertex 0.5 -0.5 20.1
      vertex 24.5214 -0.5 11.2763
    endloop
  endfacet
  facet normal 0 1 0
    outer loop
      vertex 0.5 -0.5 2
      vertex 24.5 -0.5 10.95
      vertex 24.5 -0.5 9.45
    endloop
  endfacet
  facet normal 0 1 0
    outer loop
      vertex 0.5 -0.5 2
      vertex 24.5 -0.5 9.45
      vertex 24.5214 -0.5 9.12369
    endloop
  endfacet
  facet normal 0 1 0
    outer loop
      vertex 0.5 -0.5 2
      vertex 24.5214 -0.5 9.12369
      vertex 24.5852 -0.5 8.80295
    endloop
  endfacet
  facet normal 0 1 0
    outer loop
      vertex 0.5 -0.5 2
      vertex 24.5852 -0.5 8.80295
      vertex 24.6903 -0.5 8.49329
    endloop
  endfacet
  facet normal 0 1 0
    outer loop
      vertex 0.5 -0.5 2
      vertex 24.6903 -0.5 8.49329
      vertex 24.8349 -0.5 8.2
    endloop
  endfacet
  facet normal 0 1 0
    outer loop
      vertex 0.5 -0.5 2
      vertex 24.8349 -0.5 8.2
      vertex 25.0166 -0.5 7.9281
    endloop
  endfacet
  facet normal 0 1 0
    outer loop
      vertex 0.5 -0.5 2
      vertex 25.0166 -0.5 7.9281
      vertex 25.2322 -0.5 7.68224
    endloop
  endfacet
  facet normal 0 1 0
    outer loop
      vertex 0.5 -0.5 2
      vertex 25.2322 -0.5 7.68224
      vertex 25.4781 -0.5 7.46662
    endloop
  endfacet
  facet normal 0 1 0
    outer loop
      vertex 0.5 -0.5 2
      vertex 25.4781 -0.5 7.46662
      vertex 25.75 -0.5 7.28493
    endloop
  endfacet
  facet normal 0 1 0
    outer loop
      vertex 33 -0.5 6.95
      vertex 0.5 -0.5 2
      vertex 27 -0.5 6.95
    endloop
  endfacet
  facet normal 0 1 0
    outer loop
      vertex 24.5 -0.5 10.95
      vertex 0.5 -0.5 2
      vertex 0.5 -0.5 20.1
    endloop
  endfacet
  facet normal 0 1 0
    outer loop
      vertex 26.0433 -0.5 7.14031
      vertex 0.5 -0.5 2
      vertex 25.75 -0.5 7.28493
    endloop
  endfacet
  facet normal 0 1 0
    outer loop
      vertex 26.353 -0.5 7.03519
      vertex 0.5 -0.5 2
      vertex 26.0433 -0.5 7.14031
    endloop
  endfacet
  facet normal 0 1 0
    outer loop
      vertex 26.6737 -0.5 6.97139
      vertex 0.5 -0.5 2
      vertex 26.353 -0.5 7.03519
    endloop
  endfacet
  facet normal 0 1 0
    outer loop
      vertex 27 -0.5 6.95
      vertex 0.5 -0.5 2
      vertex 26.6737 -0.5 6.97139
    endloop
  endfacet
  facet normal -0.195035 0.980796 0
    outer loop
      vertex 70.2588 -0.465927 2
      vertex 70.1305 -0.49144 20.1
      vertex 70.2588 -0.465927 20.1
    endloop
  endfacet
  facet normal -0.195035 0.980796 0
    outer loop
      vertex 70.1305 -0.49144 20.1
      vertex 70.2588 -0.465927 2
      vertex 70.1305 -0.49144 2
    endloop
  endfacet
  facet normal -0.0657577 -0.997836 0
    outer loop
      vertex 70 38.5 2
      vertex 70.1305 38.4914 20.1
      vertex 70 38.5 20.1
    endloop
  endfacet
  facet normal -0.0657577 -0.997836 -0
    outer loop
      vertex 70.1305 38.4914 20.1
      vertex 70 38.5 2
      vertex 70.1305 38.4914 2
    endloop
  endfacet
  facet normal -0.0654532 0.997856 0
    outer loop
      vertex 70.1305 -0.49144 2
      vertex 70 -0.5 20.1
      vertex 70.1305 -0.49144 20.1
    endloop
  endfacet
  facet normal -0.0654532 0.997856 0
    outer loop
      vertex 70 -0.5 20.1
      vertex 70.1305 -0.49144 2
      vertex 70 -0.5 2
    endloop
  endfacet
  facet normal 0.896888 0.442259 0
    outer loop
      vertex -0.366028 0 20.1
      vertex -0.423874 0.11731 2
      vertex -0.423874 0.11731 20.1
    endloop
  endfacet
  facet normal 0.896888 0.442259 0
    outer loop
      vertex -0.423874 0.11731 2
      vertex -0.366028 0 20.1
      vertex -0.366028 0 2
    endloop
  endfacet
  facet normal 0.0654412 0.997856 -0
    outer loop
      vertex 0.5 -0.5 2
      vertex 0.369476 -0.49144 20.1
      vertex 0.5 -0.5 20.1
    endloop
  endfacet
  facet normal 0.0654412 0.997856 0
    outer loop
      vertex 0.369476 -0.49144 20.1
      vertex 0.5 -0.5 2
      vertex 0.369476 -0.49144 2
    endloop
  endfacet
  facet normal 0.321472 0.946919 -0
    outer loop
      vertex 0.24118 -0.465927 2
      vertex 0.11731 -0.423874 20.1
      vertex 0.24118 -0.465927 20.1
    endloop
  endfacet
  facet normal 0.321472 0.946919 0
    outer loop
      vertex 0.11731 -0.423874 20.1
      vertex 0.24118 -0.465927 2
      vertex 0.11731 -0.423874 2
    endloop
  endfacet
  facet normal 0.659586 -0.751629 0
    outer loop
      vertex -0.207108 38.2071 2
      vertex -0.108765 38.2934 20.1
      vertex -0.207108 38.2071 20.1
    endloop
  endfacet
  facet normal 0.659586 -0.751629 0
    outer loop
      vertex -0.108765 38.2934 20.1
      vertex -0.207108 38.2071 2
      vertex -0.108765 38.2934 2
    endloop
  endfacet
  facet normal 0.896873 -0.442289 0
    outer loop
      vertex -0.423874 37.8827 20.1
      vertex -0.366028 38 2
      vertex -0.366028 38 20.1
    endloop
  endfacet
  facet normal 0.896873 -0.442289 0
    outer loop
      vertex -0.366028 38 2
      vertex -0.423874 37.8827 20.1
      vertex -0.423874 37.8827 2
    endloop
  endfacet
  facet normal 0.555177 -0.831733 0
    outer loop
      vertex -0.108765 38.2934 2
      vertex 0 38.366 20.1
      vertex -0.108765 38.2934 20.1
    endloop
  endfacet
  facet normal 0.555177 -0.831733 0
    outer loop
      vertex 0 38.366 20.1
      vertex -0.108765 38.2934 2
      vertex 0 38.366 2
    endloop
  endfacet
  facet normal 0.442591 -0.896724 0
    outer loop
      vertex 0 38.366 2
      vertex 0.11731 38.4239 20.1
      vertex 0 38.366 20.1
    endloop
  endfacet
  facet normal 0.442591 -0.896724 0
    outer loop
      vertex 0.11731 38.4239 20.1
      vertex 0 38.366 2
      vertex 0.11731 38.4239 2
    endloop
  endfacet
  facet normal -1 0 0
    outer loop
      vertex 71 0.5 2
      vertex 71 37.5 20.1
      vertex 71 37.5 2
    endloop
  endfacet
  facet normal -1 -0 0
    outer loop
      vertex 71 37.5 20.1
      vertex 71 0.5 2
      vertex 71 0.5 20.1
    endloop
  endfacet
  facet normal 1 0 0
    outer loop
      vertex -0.5 36.54 8.4
      vertex -0.5 37.5 20.1
      vertex -0.5 36.54 16.6
    endloop
  endfacet
  facet normal 1 0 0
    outer loop
      vertex -0.5 37.5 20.1
      vertex -0.5 25.38 16.6
      vertex -0.5 36.54 16.6
    endloop
  endfacet
  facet normal 1 0 0
    outer loop
      vertex -0.5 25.38 16.6
      vertex -0.5 19.04 16.6
      vertex -0.5 25.38 8.4
    endloop
  endfacet
  facet normal 1 0 0
    outer loop
      vertex -0.5 37.5 20.1
      vertex -0.5 19.04 16.6
      vertex -0.5 25.38 16.6
    endloop
  endfacet
  facet normal 1 -0 0
    outer loop
      vertex -0.5 0.5 20.1
      vertex -0.5 19.04 16.6
      vertex -0.5 37.5 20.1
    endloop
  endfacet
  facet normal 1 0 0
    outer loop
      vertex -0.5 7.88 16.6
      vertex -0.5 0.5 20.1
      vertex -0.5 7.88 8.4
    endloop
  endfacet
  facet normal 1 0 0
    outer loop
      vertex -0.5 19.04 16.6
      vertex -0.5 0.5 20.1
      vertex -0.5 7.88 16.6
    endloop
  endfacet
  facet normal 1 0 0
    outer loop
      vertex -0.5 37.5 20.1
      vertex -0.5 36.54 8.4
      vertex -0.5 37.5 2
    endloop
  endfacet
  facet normal 1 -0 0
    outer loop
      vertex -0.5 25.38 8.4
      vertex -0.5 37.5 2
      vertex -0.5 36.54 8.4
    endloop
  endfacet
  facet normal 1 0 0
    outer loop
      vertex -0.5 19.04 8.4
      vertex -0.5 25.38 8.4
      vertex -0.5 19.04 16.6
    endloop
  endfacet
  facet normal 1 -0 0
    outer loop
      vertex -0.5 19.04 8.4
      vertex -0.5 37.5 2
      vertex -0.5 25.38 8.4
    endloop
  endfacet
  facet normal 1 0 0
    outer loop
      vertex -0.5 0.5 2
      vertex -0.5 19.04 8.4
      vertex -0.5 7.88 8.4
    endloop
  endfacet
  facet normal 1 0 0
    outer loop
      vertex -0.5 19.04 8.4
      vertex -0.5 0.5 2
      vertex -0.5 37.5 2
    endloop
  endfacet
  facet normal 1 0 0
    outer loop
      vertex -0.5 0.5 2
      vertex -0.5 7.88 8.4
      vertex -0.5 0.5 20.1
    endloop
  endfacet
  facet normal 0.0657457 -0.997836 0
    outer loop
      vertex 0.369476 38.4914 2
      vertex 0.5 38.5 20.1
      vertex 0.369476 38.4914 20.1
    endloop
  endfacet
  facet normal 0.0657457 -0.997836 0
    outer loop
      vertex 0.5 38.5 20.1
      vertex 0.369476 38.4914 2
      vertex 0.5 38.5 2
    endloop
  endfacet
  facet normal -0.321039 -0.947066 0
    outer loop
      vertex 70.2588 38.4659 2
      vertex 70.3827 38.4239 20.1
      vertex 70.2588 38.4659 20.1
    endloop
  endfacet
  facet normal -0.321039 -0.947066 -0
    outer loop
      vertex 70.3827 38.4239 20.1
      vertex 70.2588 38.4659 2
      vertex 70.3827 38.4239 2
    endloop
  endfacet
  facet normal 0.946943 -0.321403 0
    outer loop
      vertex -0.465927 37.7588 20.1
      vertex -0.423874 37.8827 2
      vertex -0.423874 37.8827 20.1
    endloop
  endfacet
  facet normal 0.946943 -0.321403 0
    outer loop
      vertex -0.423874 37.8827 2
      vertex -0.465927 37.7588 20.1
      vertex -0.465927 37.7588 2
    endloop
  endfacet
  facet normal 0.195041 0.980795 -0
    outer loop
      vertex 0.369476 -0.49144 2
      vertex 0.24118 -0.465927 20.1
      vertex 0.369476 -0.49144 20.1
    endloop
  endfacet
  facet normal 0.195041 0.980795 0
    outer loop
      vertex 0.24118 -0.465927 20.1
      vertex 0.369476 -0.49144 2
      vertex 0.24118 -0.465927 2
    endloop
  endfacet
  facet normal 0.751706 -0.659498 0
    outer loop
      vertex -0.29335 38.1088 20.1
      vertex -0.207108 38.2071 2
      vertex -0.207108 38.2071 20.1
    endloop
  endfacet
  facet normal 0.751706 -0.659498 0
    outer loop
      vertex -0.207108 38.2071 2
      vertex -0.29335 38.1088 20.1
      vertex -0.29335 38.1088 2
    endloop
  endfacet
  facet normal -0.980814 0.194946 0
    outer loop
      vertex 70.9659 0.24118 2
      vertex 70.9914 0.369476 20.1
      vertex 70.9914 0.369476 2
    endloop
  endfacet
  facet normal -0.980814 0.194946 0
    outer loop
      vertex 70.9914 0.369476 20.1
      vertex 70.9659 0.24118 2
      vertex 70.9659 0.24118 20.1
    endloop
  endfacet
  facet normal 0.442259 0.896888 -0
    outer loop
      vertex 0.11731 -0.423874 2
      vertex 0 -0.366028 20.1
      vertex 0.11731 -0.423874 20.1
    endloop
  endfacet
  facet normal 0.442259 0.896888 0
    outer loop
      vertex 0 -0.366028 20.1
      vertex 0.11731 -0.423874 2
      vertex 0 -0.366028 2
    endloop
  endfacet
  facet normal 0 -1 0
    outer loop
      vertex 0.5 38.5 2
      vertex 70 38.5 20.1
      vertex 0.5 38.5 20.1
    endloop
  endfacet
  facet normal 0 -1 -0
    outer loop
      vertex 70 38.5 20.1
      vertex 0.5 38.5 2
      vertex 70 38.5 2
    endloop
  endfacet
  facet normal -0.831815 -0.555053 0
    outer loop
      vertex 70.866 38 2
      vertex 70.7934 38.1088 20.1
      vertex 70.7934 38.1088 2
    endloop
  endfacet
  facet normal -0.831815 -0.555053 0
    outer loop
      vertex 70.7934 38.1088 20.1
      vertex 70.866 38 2
      vertex 70.866 38 20.1
    endloop
  endfacet
  facet normal 0.321109 -0.947042 0
    outer loop
      vertex 0.11731 38.4239 2
      vertex 0.24118 38.4659 20.1
      vertex 0.11731 38.4239 20.1
    endloop
  endfacet
  facet normal 0.321109 -0.947042 0
    outer loop
      vertex 0.24118 38.4659 20.1
      vertex 0.11731 38.4239 2
      vertex 0.24118 38.4659 2
    endloop
  endfacet
  facet normal 0.83154 -0.555465 0
    outer loop
      vertex -0.366028 38 20.1
      vertex -0.29335 38.1088 2
      vertex -0.29335 38.1088 20.1
    endloop
  endfacet
  facet normal 0.83154 -0.555465 0
    outer loop
      vertex -0.29335 38.1088 2
      vertex -0.366028 38 20.1
      vertex -0.366028 38 2
    endloop
  endfacet
  facet normal 0.997856 -0.0654532 0
    outer loop
      vertex -0.5 37.5 20.1
      vertex -0.49144 37.6305 2
      vertex -0.49144 37.6305 20.1
    endloop
  endfacet
  facet normal 0.997856 -0.0654532 0
    outer loop
      vertex -0.49144 37.6305 2
      vertex -0.5 37.5 20.1
      vertex -0.5 37.5 2
    endloop
  endfacet
  facet normal 0.555589 0.831457 -0
    outer loop
      vertex 0 -0.366028 2
      vertex -0.108765 -0.29335 20.1
      vertex 0 -0.366028 20.1
    endloop
  endfacet
  facet normal 0.555589 0.831457 0
    outer loop
      vertex -0.108765 -0.29335 20.1
      vertex 0 -0.366028 2
      vertex -0.108765 -0.29335 2
    endloop
  endfacet
  facet normal 0.194946 -0.980814 0
    outer loop
      vertex 0.24118 38.4659 2
      vertex 0.369476 38.4914 20.1
      vertex 0.24118 38.4659 20.1
    endloop
  endfacet
  facet normal 0.194946 -0.980814 0
    outer loop
      vertex 0.369476 38.4914 20.1
      vertex 0.24118 38.4659 2
      vertex 0.369476 38.4914 2
    endloop
  endfacet
  facet normal -0.896724 0.442591 0
    outer loop
      vertex 70.866 0 2
      vertex 70.9239 0.11731 20.1
      vertex 70.9239 0.11731 2
    endloop
  endfacet
  facet normal -0.896724 0.442591 0
    outer loop
      vertex 70.9239 0.11731 20.1
      vertex 70.866 0 2
      vertex 70.866 0 20.1
    endloop
  endfacet
  facet normal -0.659498 0.751706 0
    outer loop
      vertex 70.7071 -0.207108 2
      vertex 70.6088 -0.29335 20.1
      vertex 70.7071 -0.207108 20.1
    endloop
  endfacet
  facet normal -0.659498 0.751706 0
    outer loop
      vertex 70.6088 -0.29335 20.1
      vertex 70.7071 -0.207108 2
      vertex 70.6088 -0.29335 2
    endloop
  endfacet
  facet normal -0.555053 -0.831815 0
    outer loop
      vertex 70.5 38.366 2
      vertex 70.6088 38.2934 20.1
      vertex 70.5 38.366 20.1
    endloop
  endfacet
  facet normal -0.555053 -0.831815 -0
    outer loop
      vertex 70.6088 38.2934 20.1
      vertex 70.5 38.366 2
      vertex 70.6088 38.2934 2
    endloop
  endfacet
  facet normal -0.442621 -0.896709 0
    outer loop
      vertex 70.3827 38.4239 2
      vertex 70.5 38.366 20.1
      vertex 70.3827 38.4239 20.1
    endloop
  endfacet
  facet normal -0.442621 -0.896709 -0
    outer loop
      vertex 70.5 38.366 20.1
      vertex 70.3827 38.4239 2
      vertex 70.5 38.366 2
    endloop
  endfacet
  facet normal -0.947066 -0.321039 0
    outer loop
      vertex 70.9659 37.7588 2
      vertex 70.9239 37.8827 20.1
      vertex 70.9239 37.8827 2
    endloop
  endfacet
  facet normal -0.947066 -0.321039 0
    outer loop
      vertex 70.9239 37.8827 20.1
      vertex 70.9659 37.7588 2
      vertex 70.9659 37.7588 20.1
    endloop
  endfacet
  facet normal -0.19494 -0.980815 0
    outer loop
      vertex 70.1305 38.4914 2
      vertex 70.2588 38.4659 20.1
      vertex 70.1305 38.4914 20.1
    endloop
  endfacet
  facet normal -0.19494 -0.980815 -0
    outer loop
      vertex 70.2588 38.4659 20.1
      vertex 70.1305 38.4914 2
      vertex 70.2588 38.4659 2
    endloop
  endfacet
  facet normal -0.997836 -0.0657577 0
    outer loop
      vertex 71 37.5 2
      vertex 70.9914 37.6305 20.1
      vertex 70.9914 37.6305 2
    endloop
  endfacet
  facet normal -0.997836 -0.0657577 0
    outer loop
      vertex 70.9914 37.6305 20.1
      vertex 71 37.5 2
      vertex 71 37.5 20.1
    endloop
  endfacet
  facet normal -0.831733 0.555177 0
    outer loop
      vertex 70.7934 -0.108765 2
      vertex 70.866 0 20.1
      vertex 70.866 0 2
    endloop
  endfacet
  facet normal -0.831733 0.555177 0
    outer loop
      vertex 70.866 0 20.1
      vertex 70.7934 -0.108765 2
      vertex 70.7934 -0.108765 20.1
    endloop
  endfacet
  facet normal -0.751629 0.659586 0
    outer loop
      vertex 70.7071 -0.207108 2
      vertex 70.7934 -0.108765 20.1
      vertex 70.7934 -0.108765 2
    endloop
  endfacet
  facet normal -0.751629 0.659586 0
    outer loop
      vertex 70.7934 -0.108765 20.1
      vertex 70.7071 -0.207108 2
      vertex 70.7071 -0.207108 20.1
    endloop
  endfacet
  facet normal 0.997856 0.0654412 0
    outer loop
      vertex -0.49144 0.369476 20.1
      vertex -0.5 0.5 2
      vertex -0.5 0.5 20.1
    endloop
  endfacet
  facet normal 0.997856 0.0654412 0
    outer loop
      vertex -0.5 0.5 2
      vertex -0.49144 0.369476 20.1
      vertex -0.49144 0.369476 2
    endloop
  endfacet
  facet normal 0.980796 -0.195035 0
    outer loop
      vertex -0.49144 37.6305 20.1
      vertex -0.465927 37.7588 2
      vertex -0.465927 37.7588 20.1
    endloop
  endfacet
  facet normal 0.980796 -0.195035 0
    outer loop
      vertex -0.465927 37.7588 2
      vertex -0.49144 37.6305 20.1
      vertex -0.49144 37.6305 2
    endloop
  endfacet
  facet normal -0.751486 -0.659749 0
    outer loop
      vertex 70.7934 38.1088 2
      vertex 70.7071 38.2071 20.1
      vertex 70.7071 38.2071 2
    endloop
  endfacet
  facet normal -0.751486 -0.659749 0
    outer loop
      vertex 70.7071 38.2071 20.1
      vertex 70.7934 38.1088 2
      vertex 70.7934 38.1088 20.1
    endloop
  endfacet
  facet normal -0.947042 0.321109 0
    outer loop
      vertex 70.9239 0.11731 2
      vertex 70.9659 0.24118 20.1
      vertex 70.9659 0.24118 2
    endloop
  endfacet
  facet normal -0.947042 0.321109 0
    outer loop
      vertex 70.9659 0.24118 20.1
      vertex 70.9239 0.11731 2
      vertex 70.9239 0.11731 20.1
    endloop
  endfacet
  facet normal 0.659335 0.751849 -0
    outer loop
      vertex -0.108765 -0.29335 2
      vertex -0.207108 -0.207108 20.1
      vertex -0.108765 -0.29335 20.1
    endloop
  endfacet
  facet normal 0.659335 0.751849 0
    outer loop
      vertex -0.207108 -0.207108 20.1
      vertex -0.108765 -0.29335 2
      vertex -0.207108 -0.207108 2
    endloop
  endfacet
  facet normal -0.659749 -0.751486 0
    outer loop
      vertex 70.6088 38.2934 2
      vertex 70.7071 38.2071 20.1
      vertex 70.6088 38.2934 20.1
    endloop
  endfacet
  facet normal -0.659749 -0.751486 -0
    outer loop
      vertex 70.7071 38.2071 20.1
      vertex 70.6088 38.2934 2
      vertex 70.7071 38.2071 2
    endloop
  endfacet
  facet normal -0.896709 -0.442621 0
    outer loop
      vertex 70.9239 37.8827 2
      vertex 70.866 38 20.1
      vertex 70.866 38 2
    endloop
  endfacet
  facet normal -0.896709 -0.442621 0
    outer loop
      vertex 70.866 38 20.1
      vertex 70.9239 37.8827 2
      vertex 70.9239 37.8827 20.1
    endloop
  endfacet
  facet normal -0.980815 -0.19494 0
    outer loop
      vertex 70.9914 37.6305 2
      vertex 70.9659 37.7588 20.1
      vertex 70.9659 37.7588 2
    endloop
  endfacet
  facet normal -0.980815 -0.19494 0
    outer loop
      vertex 70.9659 37.7588 20.1
      vertex 70.9914 37.6305 2
      vertex 70.9914 37.6305 20.1
    endloop
  endfacet
  facet normal 0.980795 0.195041 0
    outer loop
      vertex -0.465927 0.24118 20.1
      vertex -0.49144 0.369476 2
      vertex -0.49144 0.369476 20.1
    endloop
  endfacet
  facet normal 0.980795 0.195041 0
    outer loop
      vertex -0.49144 0.369476 2
      vertex -0.465927 0.24118 20.1
      vertex -0.465927 0.24118 2
    endloop
  endfacet
  facet normal 0.946919 0.321472 0
    outer loop
      vertex -0.423874 0.11731 20.1
      vertex -0.465927 0.24118 2
      vertex -0.465927 0.24118 20.1
    endloop
  endfacet
  facet normal 0.946919 0.321472 0
    outer loop
      vertex -0.465927 0.24118 2
      vertex -0.423874 0.11731 20.1
      vertex -0.423874 0.11731 2
    endloop
  endfacet
  facet normal 0.831457 0.555589 0
    outer loop
      vertex -0.29335 -0.108765 20.1
      vertex -0.366028 0 2
      vertex -0.366028 0 20.1
    endloop
  endfacet
  facet normal 0.831457 0.555589 0
    outer loop
      vertex -0.366028 0 2
      vertex -0.29335 -0.108765 20.1
      vertex -0.29335 -0.108765 2
    endloop
  endfacet
  facet normal 0.751849 0.659335 0
    outer loop
      vertex -0.207108 -0.207108 20.1
      vertex -0.29335 -0.108765 2
      vertex -0.29335 -0.108765 20.1
    endloop
  endfacet
  facet normal 0.751849 0.659335 0
    outer loop
      vertex -0.29335 -0.108765 2
      vertex -0.207108 -0.207108 20.1
      vertex -0.207108 -0.207108 2
    endloop
  endfacet
  facet normal 0 0 1
    outer loop
      vertex 62.1393 34.1588 2
      vertex 71 37.5 2
      vertex 62.2222 34.5758 2
    endloop
  endfacet
  facet normal 0 0 1
    outer loop
      vertex 71 37.5 2
      vertex 62.2222 3.92421 2
      vertex 62.25 3.5 2
    endloop
  endfacet
  facet normal 0 0 1
    outer loop
      vertex 62.0026 33.7563 2
      vertex 71 37.5 2
      vertex 62.1393 34.1588 2
    endloop
  endfacet
  facet normal 0 0 1
    outer loop
      vertex 71 37.5 2
      vertex 62.1393 4.34116 2
      vertex 62.2222 3.92421 2
    endloop
  endfacet
  facet normal 0 0 1
    outer loop
      vertex 61.8146 33.375 2
      vertex 71 37.5 2
      vertex 62.0026 33.7563 2
    endloop
  endfacet
  facet normal 0 0 1
    outer loop
      vertex 71 37.5 2
      vertex 62.0026 4.74372 2
      vertex 62.1393 4.34116 2
    endloop
  endfacet
  facet normal 0 0 1
    outer loop
      vertex 61.5784 33.0215 2
      vertex 71 37.5 2
      vertex 61.8146 33.375 2
    endloop
  endfacet
  facet normal 0 0 1
    outer loop
      vertex 71 37.5 2
      vertex 61.8146 5.125 2
      vertex 62.0026 4.74372 2
    endloop
  endfacet
  facet normal 0 0 1
    outer loop
      vertex 61.2981 32.7019 2
      vertex 71 37.5 2
      vertex 61.5784 33.0215 2
    endloop
  endfacet
  facet normal 0 0 1
    outer loop
      vertex 71 37.5 2
      vertex 61.5784 5.47847 2
      vertex 61.8146 5.125 2
    endloop
  endfacet
  facet normal 0 0 1
    outer loop
      vertex 61.2981 5.7981 2
      vertex 71 37.5 2
      vertex 61.2981 32.7019 2
    endloop
  endfacet
  facet normal 0 0 1
    outer loop
      vertex 71 37.5 2
      vertex 61.2981 5.7981 2
      vertex 61.5784 5.47847 2
    endloop
  endfacet
  facet normal -0 0 1
    outer loop
      vertex 60.9785 32.4216 2
      vertex 61.2981 5.7981 2
      vertex 61.2981 32.7019 2
    endloop
  endfacet
  facet normal 0 0 1
    outer loop
      vertex 60.9785 32.4216 2
      vertex 60.9785 6.0784 2
      vertex 61.2981 5.7981 2
    endloop
  endfacet
  facet normal -0 0 1
    outer loop
      vertex 60.625 32.1854 2
      vertex 60.9785 6.0784 2
      vertex 60.9785 32.4216 2
    endloop
  endfacet
  facet normal 0 0 1
    outer loop
      vertex 60.625 32.1854 2
      vertex 60.625 6.31458 2
      vertex 60.9785 6.0784 2
    endloop
  endfacet
  facet normal -0 0 1
    outer loop
      vertex 60.2437 31.9974 2
      vertex 60.625 6.31458 2
      vertex 60.625 32.1854 2
    endloop
  endfacet
  facet normal 0 0 1
    outer loop
      vertex 60.2437 31.9974 2
      vertex 60.2437 6.50261 2
      vertex 60.625 6.31458 2
    endloop
  endfacet
  facet normal -0 0 1
    outer loop
      vertex 59.8412 31.8607 2
      vertex 60.2437 6.50261 2
      vertex 60.2437 31.9974 2
    endloop
  endfacet
  facet normal 0 0 1
    outer loop
      vertex 59.8412 31.8607 2
      vertex 59.8412 6.63926 2
      vertex 60.2437 6.50261 2
    endloop
  endfacet
  facet normal -0 0 1
    outer loop
      vertex 59.4242 31.7778 2
      vertex 59.8412 6.63926 2
      vertex 59.8412 31.8607 2
    endloop
  endfacet
  facet normal 0 0 1
    outer loop
      vertex 59.4242 31.7778 2
      vertex 59.4242 6.7222 2
      vertex 59.8412 6.63926 2
    endloop
  endfacet
  facet normal 0 0 1
    outer loop
      vertex 48.9265 15.6264 2
      vertex 59.4242 31.7778 2
      vertex 59 31.75 2
    endloop
  endfacet
  facet normal 0 0 1
    outer loop
      vertex 59.4242 31.7778 2
      vertex 49.1052 15.1 2
      vertex 59.4242 6.7222 2
    endloop
  endfacet
  facet normal 0 0 1
    outer loop
      vertex 48.6806 16.125 2
      vertex 59 31.75 2
      vertex 58.5758 31.7778 2
    endloop
  endfacet
  facet normal 0 0 1
    outer loop
      vertex 59.4242 6.7222 2
      vertex 49.1052 15.1 2
      vertex 59 6.75 2
    endloop
  endfacet
  facet normal 0 0 1
    outer loop
      vertex 47.1 22 2
      vertex 58.5758 31.7778 2
      vertex 58.1588 31.8607 2
    endloop
  endfacet
  facet normal -0 -0 1
    outer loop
      vertex 49.2136 14.5547 2
      vertex 59 6.75 2
      vertex 49.1052 15.1 2
    endloop
  endfacet
  facet normal 0 0 1
    outer loop
      vertex 47.082 22.2741 2
      vertex 58.1588 31.8607 2
      vertex 57.7563 31.9974 2
    endloop
  endfacet
  facet normal 0 0 1
    outer loop
      vertex 59 6.75 2
      vertex 49.2136 14.5547 2
      vertex 58.5758 6.7222 2
    endloop
  endfacet
  facet normal 0 0 1
    outer loop
      vertex 46.9401 22.8036 2
      vertex 57.7563 31.9974 2
      vertex 57.375 32.1854 2
    endloop
  endfacet
  facet normal -0 -0 1
    outer loop
      vertex 49.25 14 2
      vertex 58.5758 6.7222 2
      vertex 49.2136 14.5547 2
    endloop
  endfacet
  facet normal 0 0 1
    outer loop
      vertex 46.8187 23.05 2
      vertex 57.375 32.1854 2
      vertex 57.0215 32.4216 2
    endloop
  endfacet
  facet normal 0 0 1
    outer loop
      vertex 58.5758 6.7222 2
      vertex 49.25 14 2
      vertex 58.1588 6.63926 2
    endloop
  endfacet
  facet normal 0 0 1
    outer loop
      vertex 46.666 23.2784 2
      vertex 57.0215 32.4216 2
      vertex 56.7019 32.7019 2
    endloop
  endfacet
  facet normal -0 0 1
    outer loop
      vertex 49.2136 13.4453 2
      vertex 58.1588 6.63926 2
      vertex 49.25 14 2
    endloop
  endfacet
  facet normal 0 0 1
    outer loop
      vertex 46.4849 23.4849 2
      vertex 56.7019 32.7019 2
      vertex 56.4216 33.0215 2
    endloop
  endfacet
  facet normal 0 0 1
    outer loop
      vertex 58.1588 6.63926 2
      vertex 49.2136 13.4453 2
      vertex 57.7563 6.50261 2
    endloop
  endfacet
  facet normal 0 0 1
    outer loop
      vertex 46.2784 23.666 2
      vertex 56.4216 33.0215 2
      vertex 56.1854 33.375 2
    endloop
  endfacet
  facet normal -0 0 1
    outer loop
      vertex 49.1052 12.9 2
      vertex 57.7563 6.50261 2
      vertex 49.2136 13.4453 2
    endloop
  endfacet
  facet normal 0 0 1
    outer loop
      vertex 46.05 23.8187 2
      vertex 56.1854 33.375 2
      vertex 55.9974 33.7563 2
    endloop
  endfacet
  facet normal 0 0 1
    outer loop
      vertex 57.7563 6.50261 2
      vertex 49.1052 12.9 2
      vertex 57.375 6.31458 2
    endloop
  endfacet
  facet normal 0 0 1
    outer loop
      vertex 45.8036 23.9401 2
      vertex 55.9974 33.7563 2
      vertex 55.8607 34.1588 2
    endloop
  endfacet
  facet normal -0 0 1
    outer loop
      vertex 48.9265 12.3736 2
      vertex 57.375 6.31458 2
      vertex 49.1052 12.9 2
    endloop
  endfacet
  facet normal 0 0 1
    outer loop
      vertex 45.5435 24.0284 2
      vertex 55.8607 34.1588 2
      vertex 55.7778 34.5758 2
    endloop
  endfacet
  facet normal 0 0 1
    outer loop
      vertex 57.375 6.31458 2
      vertex 48.9265 12.3736 2
      vertex 57.0215 6.0784 2
    endloop
  endfacet
  facet normal 0 0 1
    outer loop
      vertex 45.2741 24.082 2
      vertex 55.7778 34.5758 2
      vertex 55.75 35 2
    endloop
  endfacet
  facet normal 0 0 1
    outer loop
      vertex 57.0215 6.0784 2
      vertex 48.9265 12.3736 2
      vertex 56.7019 5.7981 2
    endloop
  endfacet
  facet normal 0 0 1
    outer loop
      vertex 70 38.5 2
      vertex 71 37.5 2
      vertex 70.9914 37.6305 2
    endloop
  endfacet
  facet normal 0 0 1
    outer loop
      vertex 71 37.5 2
      vertex 62.25 3.5 2
      vertex 71 0.5 2
    endloop
  endfacet
  facet normal 0 0 1
    outer loop
      vertex 70 38.5 2
      vertex 70.9914 37.6305 2
      vertex 70.9659 37.7588 2
    endloop
  endfacet
  facet normal 0 -0 1
    outer loop
      vertex 70 -0.5 2
      vertex 71 0.5 2
      vertex 62.25 3.5 2
    endloop
  endfacet
  facet normal 0 0 1
    outer loop
      vertex 70 38.5 2
      vertex 70.9659 37.7588 2
      vertex 70.9239 37.8827 2
    endloop
  endfacet
  facet normal 0 0 1
    outer loop
      vertex 71 0.5 2
      vertex 70 -0.5 2
      vertex 70.9914 0.369476 2
    endloop
  endfacet
  facet normal 0 0 1
    outer loop
      vertex 70 38.5 2
      vertex 70.9239 37.8827 2
      vertex 70.866 38 2
    endloop
  endfacet
  facet normal 0 0 1
    outer loop
      vertex 70.9914 0.369476 2
      vertex 70 -0.5 2
      vertex 70.9659 0.24118 2
    endloop
  endfacet
  facet normal 0 0 1
    outer loop
      vertex 70 38.5 2
      vertex 70.866 38 2
      vertex 70.7934 38.1088 2
    endloop
  endfacet
  facet normal 0 0 1
    outer loop
      vertex 70.9659 0.24118 2
      vertex 70 -0.5 2
      vertex 70.9239 0.11731 2
    endloop
  endfacet
  facet normal 0 0 1
    outer loop
      vertex 70 38.5 2
      vertex 70.7934 38.1088 2
      vertex 70.7071 38.2071 2
    endloop
  endfacet
  facet normal 0 0 1
    outer loop
      vertex 70.9239 0.11731 2
      vertex 70 -0.5 2
      vertex 70.866 0 2
    endloop
  endfacet
  facet normal 0 0 1
    outer loop
      vertex 70 38.5 2
      vertex 70.7071 38.2071 2
      vertex 70.6088 38.2934 2
    endloop
  endfacet
  facet normal 0 0 1
    outer loop
      vertex 70.866 0 2
      vertex 70 -0.5 2
      vertex 70.7934 -0.108765 2
    endloop
  endfacet
  facet normal 0 0 1
    outer loop
      vertex 70 38.5 2
      vertex 70.6088 38.2934 2
      vertex 70.5 38.366 2
    endloop
  endfacet
  facet normal 0 0 1
    outer loop
      vertex 70.7934 -0.108765 2
      vertex 70 -0.5 2
      vertex 70.7071 -0.207108 2
    endloop
  endfacet
  facet normal 0 0 1
    outer loop
      vertex 70 38.5 2
      vertex 70.5 38.366 2
      vertex 70.3827 38.4239 2
    endloop
  endfacet
  facet normal 0 0 1
    outer loop
      vertex 70.7071 -0.207108 2
      vertex 70 -0.5 2
      vertex 70.6088 -0.29335 2
    endloop
  endfacet
  facet normal 0 0 1
    outer loop
      vertex 70 38.5 2
      vertex 70.3827 38.4239 2
      vertex 70.2588 38.4659 2
    endloop
  endfacet
  facet normal 0 0 1
    outer loop
      vertex 70.6088 -0.29335 2
      vertex 70 -0.5 2
      vertex 70.5 -0.366028 2
    endloop
  endfacet
  facet normal 0 0 1
    outer loop
      vertex 70 38.5 2
      vertex 70.2588 38.4659 2
      vertex 70.1305 38.4914 2
    endloop
  endfacet
  facet normal 0 0 1
    outer loop
      vertex 70.5 -0.366028 2
      vertex 70 -0.5 2
      vertex 70.3827 -0.423874 2
    endloop
  endfacet
  facet normal 0 0 1
    outer loop
      vertex 71 37.5 2
      vertex 70 38.5 2
      vertex 62.25 35 2
    endloop
  endfacet
  facet normal 0 0 1
    outer loop
      vertex 70.3827 -0.423874 2
      vertex 70 -0.5 2
      vertex 70.2588 -0.465927 2
    endloop
  endfacet
  facet normal 0 0 1
    outer loop
      vertex 62.2222 34.5758 2
      vertex 71 37.5 2
      vertex 62.25 35 2
    endloop
  endfacet
  facet normal 0 0 1
    outer loop
      vertex 70 38.5 2
      vertex 62.2222 35.4242 2
      vertex 62.25 35 2
    endloop
  endfacet
  facet normal 0 0 1
    outer loop
      vertex 70 38.5 2
      vertex 62.1393 35.8412 2
      vertex 62.2222 35.4242 2
    endloop
  endfacet
  facet normal 0 0 1
    outer loop
      vertex 70 38.5 2
      vertex 62.0026 36.2437 2
      vertex 62.1393 35.8412 2
    endloop
  endfacet
  facet normal 0 0 1
    outer loop
      vertex 70 38.5 2
      vertex 61.8146 36.625 2
      vertex 62.0026 36.2437 2
    endloop
  endfacet
  facet normal 0 0 1
    outer loop
      vertex 70 38.5 2
      vertex 61.5784 36.9785 2
      vertex 61.8146 36.625 2
    endloop
  endfacet
  facet normal 0 0 1
    outer loop
      vertex 70 38.5 2
      vertex 61.2981 37.2981 2
      vertex 61.5784 36.9785 2
    endloop
  endfacet
  facet normal 0 0 1
    outer loop
      vertex 70 38.5 2
      vertex 60.9785 37.5784 2
      vertex 61.2981 37.2981 2
    endloop
  endfacet
  facet normal 0 0 1
    outer loop
      vertex 70 38.5 2
      vertex 60.625 37.8146 2
      vertex 60.9785 37.5784 2
    endloop
  endfacet
  facet normal 0 0 1
    outer loop
      vertex 70 38.5 2
      vertex 60.2437 38.0026 2
      vertex 60.625 37.8146 2
    endloop
  endfacet
  facet normal 0 0 1
    outer loop
      vertex 70 38.5 2
      vertex 59.8412 38.1393 2
      vertex 60.2437 38.0026 2
    endloop
  endfacet
  facet normal 0 0 1
    outer loop
      vertex 70 38.5 2
      vertex 59.4242 38.2222 2
      vertex 59.8412 38.1393 2
    endloop
  endfacet
  facet normal 0 0 1
    outer loop
      vertex 70 38.5 2
      vertex 59 38.25 2
      vertex 59.4242 38.2222 2
    endloop
  endfacet
  facet normal -0 0 1
    outer loop
      vertex 48.6806 11.875 2
      vertex 56.7019 5.7981 2
      vertex 48.9265 12.3736 2
    endloop
  endfacet
  facet normal 0 0 1
    outer loop
      vertex 44.7259 24.082 2
      vertex 55.75 35 2
      vertex 55.7778 35.4242 2
    endloop
  endfacet
  facet normal 0 0 1
    outer loop
      vertex 44.4565 24.0284 2
      vertex 55.7778 35.4242 2
      vertex 55.8607 35.8412 2
    endloop
  endfacet
  facet normal -0 0 1
    outer loop
      vertex 48.3717 11.4128 2
      vertex 56.4216 5.47847 2
      vertex 48.6806 11.875 2
    endloop
  endfacet
  facet normal 0 0 1
    outer loop
      vertex 56.7019 5.7981 2
      vertex 48.6806 11.875 2
      vertex 56.4216 5.47847 2
    endloop
  endfacet
  facet normal 0 0 1
    outer loop
      vertex 59.4242 31.7778 2
      vertex 48.9265 15.6264 2
      vertex 49.1052 15.1 2
    endloop
  endfacet
  facet normal 0 0 1
    outer loop
      vertex 44.1964 23.9401 2
      vertex 55.8607 35.8412 2
      vertex 55.9974 36.2437 2
    endloop
  endfacet
  facet normal 0 0 1
    outer loop
      vertex 59 31.75 2
      vertex 48.6806 16.125 2
      vertex 48.9265 15.6264 2
    endloop
  endfacet
  facet normal 0 0 1
    outer loop
      vertex 58.5758 31.7778 2
      vertex 47.1 22 2
      vertex 48.6806 16.125 2
    endloop
  endfacet
  facet normal 0 0 1
    outer loop
      vertex 48.6806 16.125 2
      vertex 47.1 22 2
      vertex 48.3717 16.5872 2
    endloop
  endfacet
  facet normal 0 0 1
    outer loop
      vertex 48.3717 16.5872 2
      vertex 47.1 22 2
      vertex 48.0052 17.0052 2
    endloop
  endfacet
  facet normal 0 0 1
    outer loop
      vertex 48.0052 17.0052 2
      vertex 47.1 22 2
      vertex 47.5872 17.3717 2
    endloop
  endfacet
  facet normal 0 0 1
    outer loop
      vertex 47.5872 17.3717 2
      vertex 47.1 22 2
      vertex 47.125 17.6806 2
    endloop
  endfacet
  facet normal 0 0 1
    outer loop
      vertex 25.8036 23.9401 2
      vertex 55.9974 36.2437 2
      vertex 56.1854 36.625 2
    endloop
  endfacet
  facet normal 0 0 1
    outer loop
      vertex 58.1588 31.8607 2
      vertex 47.082 22.2741 2
      vertex 47.1 22 2
    endloop
  endfacet
  facet normal 0 0 1
    outer loop
      vertex 57.7563 31.9974 2
      vertex 47.0284 22.5435 2
      vertex 47.082 22.2741 2
    endloop
  endfacet
  facet normal 0 0 1
    outer loop
      vertex 57.7563 31.9974 2
      vertex 46.9401 22.8036 2
      vertex 47.0284 22.5435 2
    endloop
  endfacet
  facet normal 0 0 1
    outer loop
      vertex 25.5435 24.0284 2
      vertex 56.1854 36.625 2
      vertex 56.4216 36.9785 2
    endloop
  endfacet
  facet normal 0 0 1
    outer loop
      vertex 57.375 32.1854 2
      vertex 46.8187 23.05 2
      vertex 46.9401 22.8036 2
    endloop
  endfacet
  facet normal 0 0 1
    outer loop
      vertex 57.0215 32.4216 2
      vertex 46.666 23.2784 2
      vertex 46.8187 23.05 2
    endloop
  endfacet
  facet normal 0 0 1
    outer loop
      vertex 56.7019 32.7019 2
      vertex 46.4849 23.4849 2
      vertex 46.666 23.2784 2
    endloop
  endfacet
  facet normal 0 0 1
    outer loop
      vertex 56.4216 33.0215 2
      vertex 46.2784 23.666 2
      vertex 46.4849 23.4849 2
    endloop
  endfacet
  facet normal 0 0 1
    outer loop
      vertex 56.1854 33.375 2
      vertex 46.05 23.8187 2
      vertex 46.2784 23.666 2
    endloop
  endfacet
  facet normal 0 0 1
    outer loop
      vertex 55.9974 33.7563 2
      vertex 45.8036 23.9401 2
      vertex 46.05 23.8187 2
    endloop
  endfacet
  facet normal 0 0 1
    outer loop
      vertex 55.8607 34.1588 2
      vertex 45.5435 24.0284 2
      vertex 45.8036 23.9401 2
    endloop
  endfacet
  facet normal 0 0 1
    outer loop
      vertex 55.7778 34.5758 2
      vertex 45.2741 24.082 2
      vertex 45.5435 24.0284 2
    endloop
  endfacet
  facet normal 0 0 1
    outer loop
      vertex 55.75 35 2
      vertex 45 24.1 2
      vertex 45.2741 24.082 2
    endloop
  endfacet
  facet normal 0 0 1
    outer loop
      vertex 0.5 38.5 2
      vertex 56.4216 36.9785 2
      vertex 56.7019 37.2981 2
    endloop
  endfacet
  facet normal 0 0 1
    outer loop
      vertex 55.75 35 2
      vertex 44.7259 24.082 2
      vertex 45 24.1 2
    endloop
  endfacet
  facet normal 0 0 1
    outer loop
      vertex 55.7778 35.4242 2
      vertex 44.4565 24.0284 2
      vertex 44.7259 24.082 2
    endloop
  endfacet
  facet normal 0 0 1
    outer loop
      vertex 55.8607 35.8412 2
      vertex 44.1964 23.9401 2
      vertex 44.4565 24.0284 2
    endloop
  endfacet
  facet normal 0 0 1
    outer loop
      vertex 55.9974 36.2437 2
      vertex 25.8036 23.9401 2
      vertex 44.1964 23.9401 2
    endloop
  endfacet
  facet normal 0 0 1
    outer loop
      vertex 44.1964 23.9401 2
      vertex 25.8036 23.9401 2
      vertex 43.95 23.8187 2
    endloop
  endfacet
  facet normal 0 -0 1
    outer loop
      vertex 26.05 23.8187 2
      vertex 43.95 23.8187 2
      vertex 25.8036 23.9401 2
    endloop
  endfacet
  facet normal 0 0 1
    outer loop
      vertex 42.9 22 2
      vertex 42.875 17.6806 2
      vertex 42.9 17.6929 2
    endloop
  endfacet
  facet normal 0 0 1
    outer loop
      vertex 42.9 22 2
      vertex 42.4128 17.3717 2
      vertex 42.875 17.6806 2
    endloop
  endfacet
  facet normal 0 0 1
    outer loop
      vertex 27.1 22 2
      vertex 42.9 22 2
      vertex 42.918 22.2741 2
    endloop
  endfacet
  facet normal 0 0 1
    outer loop
      vertex 42.9 22 2
      vertex 41.9948 17.0052 2
      vertex 42.4128 17.3717 2
    endloop
  endfacet
  facet normal 0 0 1
    outer loop
      vertex 42.9 22 2
      vertex 41.6283 16.5872 2
      vertex 41.9948 17.0052 2
    endloop
  endfacet
  facet normal 0 0 1
    outer loop
      vertex 27.082 22.2741 2
      vertex 42.918 22.2741 2
      vertex 42.9716 22.5435 2
    endloop
  endfacet
  facet normal 0 0 1
    outer loop
      vertex 42.9 22 2
      vertex 27.1 22 2
      vertex 41.6283 16.5872 2
    endloop
  endfacet
  facet normal 0 -0 1
    outer loop
      vertex 28.3717 16.5872 2
      vertex 41.6283 16.5872 2
      vertex 27.1 22 2
    endloop
  endfacet
  facet normal 0 -0 1
    outer loop
      vertex 28.6806 16.125 2
      vertex 41.3194 16.125 2
      vertex 28.3717 16.5872 2
    endloop
  endfacet
  facet normal 0 0 1
    outer loop
      vertex 40.7864 14.5547 2
      vertex 29.25 14 2
      vertex 40.75 14 2
    endloop
  endfacet
  facet normal 0 0 1
    outer loop
      vertex 29.2136 14.5547 2
      vertex 40.7864 14.5547 2
      vertex 40.8948 15.1 2
    endloop
  endfacet
  facet normal 0 -0 1
    outer loop
      vertex 28.9265 15.6264 2
      vertex 41.0735 15.6264 2
      vertex 28.6806 16.125 2
    endloop
  endfacet
  facet normal 0 0 1
    outer loop
      vertex 27.0284 22.5435 2
      vertex 42.9716 22.5435 2
      vertex 43.0599 22.8036 2
    endloop
  endfacet
  facet normal 0 0 1
    outer loop
      vertex 26.9401 22.8036 2
      vertex 43.0599 22.8036 2
      vertex 43.1813 23.05 2
    endloop
  endfacet
  facet normal 0 0 1
    outer loop
      vertex 26.8187 23.05 2
      vertex 43.1813 23.05 2
      vertex 43.334 23.2784 2
    endloop
  endfacet
  facet normal 0 0 1
    outer loop
      vertex 26.666 23.2784 2
      vertex 43.334 23.2784 2
      vertex 43.5151 23.4849 2
    endloop
  endfacet
  facet normal 0 0 1
    outer loop
      vertex 43.95 23.8187 2
      vertex 26.05 23.8187 2
      vertex 43.7216 23.666 2
    endloop
  endfacet
  facet normal 0 0 1
    outer loop
      vertex 0.5 38.5 2
      vertex 56.7019 37.2981 2
      vertex 57.0215 37.5784 2
    endloop
  endfacet
  facet normal 0 0 1
    outer loop
      vertex 40.7864 14.5547 2
      vertex 29.2136 14.5547 2
      vertex 29.25 14 2
    endloop
  endfacet
  facet normal 0 0 1
    outer loop
      vertex 40.8948 15.1 2
      vertex 29.1052 15.1 2
      vertex 29.2136 14.5547 2
    endloop
  endfacet
  facet normal 0 0 1
    outer loop
      vertex 40.8948 15.1 2
      vertex 28.9265 15.6264 2
      vertex 29.1052 15.1 2
    endloop
  endfacet
  facet normal 0 0 1
    outer loop
      vertex 42.918 22.2741 2
      vertex 27.082 22.2741 2
      vertex 27.1 22 2
    endloop
  endfacet
  facet normal 0 0 1
    outer loop
      vertex 41.0735 15.6264 2
      vertex 28.9265 15.6264 2
      vertex 40.8948 15.1 2
    endloop
  endfacet
  facet normal 0 0 1
    outer loop
      vertex 41.3194 16.125 2
      vertex 28.6806 16.125 2
      vertex 41.0735 15.6264 2
    endloop
  endfacet
  facet normal 0 0 1
    outer loop
      vertex 28.3717 16.5872 2
      vertex 27.1 22 2
      vertex 28.0052 17.0052 2
    endloop
  endfacet
  facet normal 0 0 1
    outer loop
      vertex 28.0052 17.0052 2
      vertex 27.1 22 2
      vertex 27.5872 17.3717 2
    endloop
  endfacet
  facet normal 0 0 1
    outer loop
      vertex 0.5 38.5 2
      vertex 57.0215 37.5784 2
      vertex 57.375 37.8146 2
    endloop
  endfacet
  facet normal 0 0 1
    outer loop
      vertex 27.5872 17.3717 2
      vertex 27.1 22 2
      vertex 27.125 17.6806 2
    endloop
  endfacet
  facet normal 0 0 1
    outer loop
      vertex 41.6283 16.5872 2
      vertex 28.3717 16.5872 2
      vertex 41.3194 16.125 2
    endloop
  endfacet
  facet normal 0 0 1
    outer loop
      vertex 42.9716 22.5435 2
      vertex 27.0284 22.5435 2
      vertex 27.082 22.2741 2
    endloop
  endfacet
  facet normal 0 0 1
    outer loop
      vertex 43.0599 22.8036 2
      vertex 26.9401 22.8036 2
      vertex 27.0284 22.5435 2
    endloop
  endfacet
  facet normal 0 0 1
    outer loop
      vertex 43.1813 23.05 2
      vertex 26.8187 23.05 2
      vertex 26.9401 22.8036 2
    endloop
  endfacet
  facet normal 0 0 1
    outer loop
      vertex 0.5 38.5 2
      vertex 57.375 37.8146 2
      vertex 57.7563 38.0026 2
    endloop
  endfacet
  facet normal 0 0 1
    outer loop
      vertex 43.334 23.2784 2
      vertex 26.666 23.2784 2
      vertex 26.8187 23.05 2
    endloop
  endfacet
  facet normal 0 0 1
    outer loop
      vertex 43.5151 23.4849 2
      vertex 26.4849 23.4849 2
      vertex 26.666 23.2784 2
    endloop
  endfacet
  facet normal 0 0 1
    outer loop
      vertex 43.5151 23.4849 2
      vertex 26.2784 23.666 2
      vertex 26.4849 23.4849 2
    endloop
  endfacet
  facet normal 0 0 1
    outer loop
      vertex 43.7216 23.666 2
      vertex 26.2784 23.666 2
      vertex 43.5151 23.4849 2
    endloop
  endfacet
  facet normal 0 -0 1
    outer loop
      vertex 26.2784 23.666 2
      vertex 43.7216 23.666 2
      vertex 26.05 23.8187 2
    endloop
  endfacet
  facet normal 0 0 1
    outer loop
      vertex 56.1854 36.625 2
      vertex 25.5435 24.0284 2
      vertex 25.8036 23.9401 2
    endloop
  endfacet
  facet normal 0 0 1
    outer loop
      vertex 56.4216 36.9785 2
      vertex 25.2741 24.082 2
      vertex 25.5435 24.0284 2
    endloop
  endfacet
  facet normal 0 0 1
    outer loop
      vertex 56.4216 36.9785 2
      vertex 0.5 38.5 2
      vertex 25.2741 24.082 2
    endloop
  endfacet
  facet normal 0 0 1
    outer loop
      vertex 25.2741 24.082 2
      vertex 0.5 38.5 2
      vertex 25 24.1 2
    endloop
  endfacet
  facet normal 0 0 1
    outer loop
      vertex 25 24.1 2
      vertex 0.5 38.5 2
      vertex 24.7259 24.082 2
    endloop
  endfacet
  facet normal 0 0 1
    outer loop
      vertex 24.7259 24.082 2
      vertex 0.5 38.5 2
      vertex 24.4565 24.0284 2
    endloop
  endfacet
  facet normal 0 0 1
    outer loop
      vertex 22.9 22 2
      vertex 22.875 17.6806 2
      vertex 22.9 17.6929 2
    endloop
  endfacet
  facet normal 0 0 1
    outer loop
      vertex 22.9 22 2
      vertex 22.4128 17.3717 2
      vertex 22.875 17.6806 2
    endloop
  endfacet
  facet normal 0 0 1
    outer loop
      vertex 17.7222 21.6242 2
      vertex 22.9 22 2
      vertex 22.918 22.2741 2
    endloop
  endfacet
  facet normal 0 0 1
    outer loop
      vertex 17.6393 20.3588 2
      vertex 22.9 22 2
      vertex 17.7222 20.7758 2
    endloop
  endfacet
  facet normal 0 0 1
    outer loop
      vertex 22.4128 17.3717 2
      vertex 17.6393 20.3588 2
      vertex 21.9948 17.0052 2
    endloop
  endfacet
  facet normal 0 0 1
    outer loop
      vertex 17.6393 22.0412 2
      vertex 22.918 22.2741 2
      vertex 22.9716 22.5435 2
    endloop
  endfacet
  facet normal -0 0 1
    outer loop
      vertex 17.5026 19.9563 2
      vertex 21.9948 17.0052 2
      vertex 17.6393 20.3588 2
    endloop
  endfacet
  facet normal 0 0 1
    outer loop
      vertex 21.9948 17.0052 2
      vertex 17.5026 19.9563 2
      vertex 21.6283 16.5872 2
    endloop
  endfacet
  facet normal -0 0 1
    outer loop
      vertex 17.3146 19.575 2
      vertex 21.6283 16.5872 2
      vertex 17.5026 19.9563 2
    endloop
  endfacet
  facet normal -0 0 1
    outer loop
      vertex 17.0784 19.2215 2
      vertex 21.6283 16.5872 2
      vertex 17.3146 19.575 2
    endloop
  endfacet
  facet normal 0 0 1
    outer loop
      vertex 22.9 22 2
      vertex 17.6393 20.3588 2
      vertex 22.4128 17.3717 2
    endloop
  endfacet
  facet normal 0 0 1
    outer loop
      vertex 22.9 22 2
      vertex 17.75 21.2 2
      vertex 17.7222 20.7758 2
    endloop
  endfacet
  facet normal 0 0 1
    outer loop
      vertex 17.5026 22.4437 2
      vertex 22.9716 22.5435 2
      vertex 23.0599 22.8036 2
    endloop
  endfacet
  facet normal -0 0 1
    outer loop
      vertex 17.3146 22.825 2
      vertex 23.0599 22.8036 2
      vertex 23.1813 23.05 2
    endloop
  endfacet
  facet normal -0 0 1
    outer loop
      vertex 17.0784 23.1785 2
      vertex 23.1813 23.05 2
      vertex 23.334 23.2784 2
    endloop
  endfacet
  facet normal 0 0 1
    outer loop
      vertex 16.7981 23.4981 2
      vertex 23.334 23.2784 2
      vertex 23.5151 23.4849 2
    endloop
  endfacet
  facet normal -0 0 1
    outer loop
      vertex 16.7981 23.4981 2
      vertex 23.5151 23.4849 2
      vertex 23.7216 23.666 2
    endloop
  endfacet
  facet normal -0 0 1
    outer loop
      vertex 16.4785 23.7784 2
      vertex 23.7216 23.666 2
      vertex 23.95 23.8187 2
    endloop
  endfacet
  facet normal 0 0 1
    outer loop
      vertex 16.125 24.0146 2
      vertex 23.95 23.8187 2
      vertex 24.1964 23.9401 2
    endloop
  endfacet
  facet normal 0 0 1
    outer loop
      vertex 22.9 22 2
      vertex 17.7222 21.6242 2
      vertex 17.75 21.2 2
    endloop
  endfacet
  facet normal -0 -0 1
    outer loop
      vertex 15.3412 24.3393 2
      vertex 24.4565 24.0284 2
      vertex 0.5 38.5 2
    endloop
  endfacet
  facet normal 0 0 1
    outer loop
      vertex 22.918 22.2741 2
      vertex 17.6393 22.0412 2
      vertex 17.7222 21.6242 2
    endloop
  endfacet
  facet normal 0 0 1
    outer loop
      vertex 22.9716 22.5435 2
      vertex 17.5026 22.4437 2
      vertex 17.6393 22.0412 2
    endloop
  endfacet
  facet normal 0 0 1
    outer loop
      vertex 23.0599 22.8036 2
      vertex 17.3146 22.825 2
      vertex 17.5026 22.4437 2
    endloop
  endfacet
  facet normal 0 0 1
    outer loop
      vertex 23.1813 23.05 2
      vertex 17.0784 23.1785 2
      vertex 17.3146 22.825 2
    endloop
  endfacet
  facet normal 0 0 1
    outer loop
      vertex 23.334 23.2784 2
      vertex 16.7981 23.4981 2
      vertex 17.0784 23.1785 2
    endloop
  endfacet
  facet normal 0 0 1
    outer loop
      vertex 23.7216 23.666 2
      vertex 16.4785 23.7784 2
      vertex 16.7981 23.4981 2
    endloop
  endfacet
  facet normal 0 0 1
    outer loop
      vertex 23.95 23.8187 2
      vertex 16.125 24.0146 2
      vertex 16.4785 23.7784 2
    endloop
  endfacet
  facet normal 0 0 1
    outer loop
      vertex 0.5 38.5 2
      vertex 57.7563 38.0026 2
      vertex 58.1588 38.1393 2
    endloop
  endfacet
  facet normal 0 0 1
    outer loop
      vertex 24.1964 23.9401 2
      vertex 15.7437 24.2026 2
      vertex 16.125 24.0146 2
    endloop
  endfacet
  facet normal -0 -0 1
    outer loop
      vertex 15.7437 24.2026 2
      vertex 24.4565 24.0284 2
      vertex 15.3412 24.3393 2
    endloop
  endfacet
  facet normal 0 0 1
    outer loop
      vertex 24.4565 24.0284 2
      vertex 15.7437 24.2026 2
      vertex 24.1964 23.9401 2
    endloop
  endfacet
  facet normal 0 0 1
    outer loop
      vertex 15.3412 24.3393 2
      vertex 0.5 38.5 2
      vertex 14.9242 24.4222 2
    endloop
  endfacet
  facet normal 0 0 1
    outer loop
      vertex 14.9242 24.4222 2
      vertex 0.5 38.5 2
      vertex 14.5 24.45 2
    endloop
  endfacet
  facet normal 0 0 1
    outer loop
      vertex 14.5 24.45 2
      vertex 0.5 38.5 2
      vertex 14.0758 24.4222 2
    endloop
  endfacet
  facet normal 0 0 1
    outer loop
      vertex -0.5 37.5 2
      vertex 11.25 21.2 2
      vertex 11.2778 21.6242 2
    endloop
  endfacet
  facet normal 0 0 1
    outer loop
      vertex -0.5 37.5 2
      vertex 11.2778 21.6242 2
      vertex 11.3607 22.0412 2
    endloop
  endfacet
  facet normal 0 0 1
    outer loop
      vertex 11.25 21.2 2
      vertex 7.2222 3.82421 2
      vertex 7.25 3.4 2
    endloop
  endfacet
  facet normal 0 0 1
    outer loop
      vertex 11.25 21.2 2
      vertex 7.13926 4.24116 2
      vertex 7.2222 3.82421 2
    endloop
  endfacet
  facet normal 0 0 1
    outer loop
      vertex 11.25 21.2 2
      vertex 7.00261 4.64372 2
      vertex 7.13926 4.24116 2
    endloop
  endfacet
  facet normal 0 0 1
    outer loop
      vertex 11.25 21.2 2
      vertex 6.81458 5.025 2
      vertex 7.00261 4.64372 2
    endloop
  endfacet
  facet normal 0 0 1
    outer loop
      vertex 11.25 21.2 2
      vertex 6.5784 5.37847 2
      vertex 6.81458 5.025 2
    endloop
  endfacet
  facet normal 0 0 1
    outer loop
      vertex 11.25 21.2 2
      vertex 6.2981 5.6981 2
      vertex 6.5784 5.37847 2
    endloop
  endfacet
  facet normal 0 0 1
    outer loop
      vertex 11.25 21.2 2
      vertex 5.97847 5.9784 2
      vertex 6.2981 5.6981 2
    endloop
  endfacet
  facet normal 0 0 1
    outer loop
      vertex 11.25 21.2 2
      vertex 5.625 6.21458 2
      vertex 5.97847 5.9784 2
    endloop
  endfacet
  facet normal 0 0 1
    outer loop
      vertex -0.5 37.5 2
      vertex 11.3607 22.0412 2
      vertex 11.4974 22.4437 2
    endloop
  endfacet
  facet normal 0 0 1
    outer loop
      vertex 11.25 21.2 2
      vertex 5.24372 6.40261 2
      vertex 5.625 6.21458 2
    endloop
  endfacet
  facet normal 0 0 1
    outer loop
      vertex 11.25 21.2 2
      vertex 4.84116 6.53926 2
      vertex 5.24372 6.40261 2
    endloop
  endfacet
  facet normal 0 0 1
    outer loop
      vertex 11.25 21.2 2
      vertex 4.42421 6.6222 2
      vertex 4.84116 6.53926 2
    endloop
  endfacet
  facet normal 0 0 1
    outer loop
      vertex 11.25 21.2 2
      vertex 4 6.65 2
      vertex 4.42421 6.6222 2
    endloop
  endfacet
  facet normal 0 0 1
    outer loop
      vertex 11.25 21.2 2
      vertex 3.57579 6.6222 2
      vertex 4 6.65 2
    endloop
  endfacet
  facet normal 0 0 1
    outer loop
      vertex -0.5 37.5 2
      vertex 11.4974 22.4437 2
      vertex 11.6854 22.825 2
    endloop
  endfacet
  facet normal 0 0 1
    outer loop
      vertex 11.25 21.2 2
      vertex 3.15884 6.53926 2
      vertex 3.57579 6.6222 2
    endloop
  endfacet
  facet normal 0 0 1
    outer loop
      vertex 11.25 21.2 2
      vertex 2.75628 6.40261 2
      vertex 3.15884 6.53926 2
    endloop
  endfacet
  facet normal 0 0 1
    outer loop
      vertex 11.25 21.2 2
      vertex 2.375 6.21458 2
      vertex 2.75628 6.40261 2
    endloop
  endfacet
  facet normal 0 0 1
    outer loop
      vertex 11.25 21.2 2
      vertex -0.5 37.5 2
      vertex 2.375 6.21458 2
    endloop
  endfacet
  facet normal 0 0 1
    outer loop
      vertex 2.375 6.21458 2
      vertex -0.5 37.5 2
      vertex 2.02152 5.9784 2
    endloop
  endfacet
  facet normal 0 0 1
    outer loop
      vertex 2.02152 5.9784 2
      vertex -0.5 37.5 2
      vertex 1.7019 5.6981 2
    endloop
  endfacet
  facet normal 0 0 1
    outer loop
      vertex 1.7019 5.6981 2
      vertex -0.5 37.5 2
      vertex 1.4216 5.37847 2
    endloop
  endfacet
  facet normal 0 0 1
    outer loop
      vertex -0.5 0.5 2
      vertex 0.860741 4.24116 2
      vertex -0.5 37.5 2
    endloop
  endfacet
  facet normal 0 0 1
    outer loop
      vertex 0.997391 4.64372 2
      vertex -0.5 37.5 2
      vertex 0.860741 4.24116 2
    endloop
  endfacet
  facet normal 0 0 1
    outer loop
      vertex 1.18542 5.025 2
      vertex -0.5 37.5 2
      vertex 0.997391 4.64372 2
    endloop
  endfacet
  facet normal 0 0 1
    outer loop
      vertex 1.4216 5.37847 2
      vertex -0.5 37.5 2
      vertex 1.18542 5.025 2
    endloop
  endfacet
  facet normal 0 0 1
    outer loop
      vertex 11.9216 23.1785 2
      vertex -0.5 37.5 2
      vertex 11.6854 22.825 2
    endloop
  endfacet
  facet normal 0 0 1
    outer loop
      vertex 12.2019 23.4981 2
      vertex -0.5 37.5 2
      vertex 11.9216 23.1785 2
    endloop
  endfacet
  facet normal 0 0 1
    outer loop
      vertex 12.5215 23.7784 2
      vertex -0.5 37.5 2
      vertex 12.2019 23.4981 2
    endloop
  endfacet
  facet normal -0 0 1
    outer loop
      vertex -0.5 37.5 2
      vertex 12.5215 23.7784 2
      vertex 0.5 38.5 2
    endloop
  endfacet
  facet normal 0 0 1
    outer loop
      vertex 12.875 24.0146 2
      vertex 0.5 38.5 2
      vertex 12.5215 23.7784 2
    endloop
  endfacet
  facet normal 0 0 1
    outer loop
      vertex 13.2563 24.2026 2
      vertex 0.5 38.5 2
      vertex 12.875 24.0146 2
    endloop
  endfacet
  facet normal 0 0 1
    outer loop
      vertex 13.6588 24.3393 2
      vertex 0.5 38.5 2
      vertex 13.2563 24.2026 2
    endloop
  endfacet
  facet normal 0 0 1
    outer loop
      vertex 14.0758 24.4222 2
      vertex 0.5 38.5 2
      vertex 13.6588 24.3393 2
    endloop
  endfacet
  facet normal 0 0 1
    outer loop
      vertex 58.5758 38.2222 2
      vertex 0.5 38.5 2
      vertex 58.1588 38.1393 2
    endloop
  endfacet
  facet normal 0 0 1
    outer loop
      vertex 59 38.25 2
      vertex 0.5 38.5 2
      vertex 58.5758 38.2222 2
    endloop
  endfacet
  facet normal -0 0 1
    outer loop
      vertex 0.5 38.5 2
      vertex 59 38.25 2
      vertex 70 38.5 2
    endloop
  endfacet
  facet normal 0 0 1
    outer loop
      vertex 70.2588 -0.465927 2
      vertex 70 -0.5 2
      vertex 70.1305 -0.49144 2
    endloop
  endfacet
  facet normal -0 0 1
    outer loop
      vertex 62.2222 3.07579 2
      vertex 70 -0.5 2
      vertex 62.25 3.5 2
    endloop
  endfacet
  facet normal -0 0 1
    outer loop
      vertex 62.1393 2.65884 2
      vertex 70 -0.5 2
      vertex 62.2222 3.07579 2
    endloop
  endfacet
  facet normal -0 0 1
    outer loop
      vertex 62.0026 2.25628 2
      vertex 70 -0.5 2
      vertex 62.1393 2.65884 2
    endloop
  endfacet
  facet normal -0 0 1
    outer loop
      vertex 61.8146 1.875 2
      vertex 70 -0.5 2
      vertex 62.0026 2.25628 2
    endloop
  endfacet
  facet normal -0 0 1
    outer loop
      vertex 61.5784 1.52152 2
      vertex 70 -0.5 2
      vertex 61.8146 1.875 2
    endloop
  endfacet
  facet normal -0 0 1
    outer loop
      vertex 61.2981 1.2019 2
      vertex 70 -0.5 2
      vertex 61.5784 1.52152 2
    endloop
  endfacet
  facet normal -0 0 1
    outer loop
      vertex 60.9785 0.921601 2
      vertex 70 -0.5 2
      vertex 61.2981 1.2019 2
    endloop
  endfacet
  facet normal -0 0 1
    outer loop
      vertex 60.625 0.685417 2
      vertex 70 -0.5 2
      vertex 60.9785 0.921601 2
    endloop
  endfacet
  facet normal -0 0 1
    outer loop
      vertex 60.2437 0.497391 2
      vertex 70 -0.5 2
      vertex 60.625 0.685417 2
    endloop
  endfacet
  facet normal -0 0 1
    outer loop
      vertex 59.8412 0.360741 2
      vertex 70 -0.5 2
      vertex 60.2437 0.497391 2
    endloop
  endfacet
  facet normal -0 0 1
    outer loop
      vertex 59.4242 0.277803 2
      vertex 70 -0.5 2
      vertex 59.8412 0.360741 2
    endloop
  endfacet
  facet normal -0 0 1
    outer loop
      vertex 59 0.25 2
      vertex 70 -0.5 2
      vertex 59.4242 0.277803 2
    endloop
  endfacet
  facet normal 0 0 1
    outer loop
      vertex 0.5 -0.5 2
      vertex 59 0.25 2
      vertex 58.5758 0.277803 2
    endloop
  endfacet
  facet normal 0 0 1
    outer loop
      vertex 56.4216 5.47847 2
      vertex 48.3717 11.4128 2
      vertex 56.1854 5.125 2
    endloop
  endfacet
  facet normal -0 0 1
    outer loop
      vertex 48.0052 10.9948 2
      vertex 56.1854 5.125 2
      vertex 48.3717 11.4128 2
    endloop
  endfacet
  facet normal 0 0 1
    outer loop
      vertex 56.1854 5.125 2
      vertex 48.0052 10.9948 2
      vertex 55.9974 4.74372 2
    endloop
  endfacet
  facet normal -0 0 1
    outer loop
      vertex 47.5872 10.6282 2
      vertex 55.9974 4.74372 2
      vertex 48.0052 10.9948 2
    endloop
  endfacet
  facet normal 0 0 1
    outer loop
      vertex 55.9974 4.74372 2
      vertex 47.5872 10.6282 2
      vertex 55.8607 4.34116 2
    endloop
  endfacet
  facet normal -0 0 1
    outer loop
      vertex 47.125 10.3194 2
      vertex 55.8607 4.34116 2
      vertex 47.5872 10.6282 2
    endloop
  endfacet
  facet normal 0 0 1
    outer loop
      vertex 55.8607 4.34116 2
      vertex 47.125 10.3194 2
      vertex 55.7778 3.92421 2
    endloop
  endfacet
  facet normal -0 0 1
    outer loop
      vertex 46.6264 10.0735 2
      vertex 55.7778 3.92421 2
      vertex 47.125 10.3194 2
    endloop
  endfacet
  facet normal 0 0 1
    outer loop
      vertex 55.7778 3.92421 2
      vertex 46.6264 10.0735 2
      vertex 55.75 3.5 2
    endloop
  endfacet
  facet normal -0 0 1
    outer loop
      vertex 46.1 9.89482 2
      vertex 55.75 3.5 2
      vertex 46.6264 10.0735 2
    endloop
  endfacet
  facet normal 0 0 1
    outer loop
      vertex 55.75 3.5 2
      vertex 46.1 9.89482 2
      vertex 55.7778 3.07579 2
    endloop
  endfacet
  facet normal -0 0 1
    outer loop
      vertex 45.5547 9.78636 2
      vertex 55.7778 3.07579 2
      vertex 46.1 9.89482 2
    endloop
  endfacet
  facet normal 0 0 1
    outer loop
      vertex 55.7778 3.07579 2
      vertex 45.5547 9.78636 2
      vertex 55.8607 2.65884 2
    endloop
  endfacet
  facet normal -0 0 1
    outer loop
      vertex 45 9.75 2
      vertex 55.8607 2.65884 2
      vertex 45.5547 9.78636 2
    endloop
  endfacet
  facet normal 0 0 1
    outer loop
      vertex 55.8607 2.65884 2
      vertex 45 9.75 2
      vertex 55.9974 2.25628 2
    endloop
  endfacet
  facet normal 0 0 1
    outer loop
      vertex 44.4453 9.78636 2
      vertex 55.9974 2.25628 2
      vertex 45 9.75 2
    endloop
  endfacet
  facet normal 0 0 1
    outer loop
      vertex 55.9974 2.25628 2
      vertex 44.4453 9.78636 2
      vertex 56.1854 1.875 2
    endloop
  endfacet
  facet normal 0 0 1
    outer loop
      vertex 56.1854 1.875 2
      vertex 44.4453 9.78636 2
      vertex 56.4216 1.52152 2
    endloop
  endfacet
  facet normal 0 0 1
    outer loop
      vertex 43.9 9.89482 2
      vertex 56.4216 1.52152 2
      vertex 44.4453 9.78636 2
    endloop
  endfacet
  facet normal -0 0 1
    outer loop
      vertex 26.1 9.89482 2
      vertex 56.4216 1.52152 2
      vertex 43.9 9.89482 2
    endloop
  endfacet
  facet normal 0 0 1
    outer loop
      vertex 56.4216 1.52152 2
      vertex 26.1 9.89482 2
      vertex 56.7019 1.2019 2
    endloop
  endfacet
  facet normal 0 0 1
    outer loop
      vertex 26.1 9.89482 2
      vertex 43.9 9.89482 2
      vertex 43.3736 10.0735 2
    endloop
  endfacet
  facet normal 0 0 1
    outer loop
      vertex 26.6264 10.0735 2
      vertex 43.3736 10.0735 2
      vertex 42.875 10.3194 2
    endloop
  endfacet
  facet normal -0 0 1
    outer loop
      vertex 25.5547 9.78636 2
      vertex 56.7019 1.2019 2
      vertex 26.1 9.89482 2
    endloop
  endfacet
  facet normal -0 0 1
    outer loop
      vertex 29.25 14 2
      vertex 40.7864 13.4453 2
      vertex 40.75 14 2
    endloop
  endfacet
  facet normal 0 0 1
    outer loop
      vertex 29.2136 13.4453 2
      vertex 40.7864 13.4453 2
      vertex 29.25 14 2
    endloop
  endfacet
  facet normal 0 0 1
    outer loop
      vertex 40.7864 13.4453 2
      vertex 29.2136 13.4453 2
      vertex 40.8948 12.9 2
    endloop
  endfacet
  facet normal 0 0 1
    outer loop
      vertex 29.1052 12.9 2
      vertex 40.8948 12.9 2
      vertex 29.2136 13.4453 2
    endloop
  endfacet
  facet normal 0 0 1
    outer loop
      vertex 40.8948 12.9 2
      vertex 29.1052 12.9 2
      vertex 41.0735 12.3736 2
    endloop
  endfacet
  facet normal 0 0 1
    outer loop
      vertex 28.9265 12.3736 2
      vertex 41.0735 12.3736 2
      vertex 29.1052 12.9 2
    endloop
  endfacet
  facet normal 0 0 1
    outer loop
      vertex 41.0735 12.3736 2
      vertex 28.9265 12.3736 2
      vertex 41.3194 11.875 2
    endloop
  endfacet
  facet normal 0 0 1
    outer loop
      vertex 28.6806 11.875 2
      vertex 41.3194 11.875 2
      vertex 28.9265 12.3736 2
    endloop
  endfacet
  facet normal 0 0 1
    outer loop
      vertex 41.3194 11.875 2
      vertex 28.6806 11.875 2
      vertex 41.6283 11.4128 2
    endloop
  endfacet
  facet normal 0 0 1
    outer loop
      vertex 28.3717 11.4128 2
      vertex 41.6283 11.4128 2
      vertex 28.6806 11.875 2
    endloop
  endfacet
  facet normal 0 0 1
    outer loop
      vertex 41.6283 11.4128 2
      vertex 28.3717 11.4128 2
      vertex 41.9948 10.9948 2
    endloop
  endfacet
  facet normal 0 0 1
    outer loop
      vertex 28.0052 10.9948 2
      vertex 41.9948 10.9948 2
      vertex 28.3717 11.4128 2
    endloop
  endfacet
  facet normal 0 0 1
    outer loop
      vertex 41.9948 10.9948 2
      vertex 28.0052 10.9948 2
      vertex 42.4128 10.6282 2
    endloop
  endfacet
  facet normal 0 0 1
    outer loop
      vertex 27.5872 10.6282 2
      vertex 42.4128 10.6282 2
      vertex 28.0052 10.9948 2
    endloop
  endfacet
  facet normal 0 0 1
    outer loop
      vertex 42.4128 10.6282 2
      vertex 27.5872 10.6282 2
      vertex 42.875 10.3194 2
    endloop
  endfacet
  facet normal 0 0 1
    outer loop
      vertex 27.125 10.3194 2
      vertex 42.875 10.3194 2
      vertex 27.5872 10.6282 2
    endloop
  endfacet
  facet normal 0 0 1
    outer loop
      vertex 26.6264 10.0735 2
      vertex 42.875 10.3194 2
      vertex 27.125 10.3194 2
    endloop
  endfacet
  facet normal 0 0 1
    outer loop
      vertex 43.3736 10.0735 2
      vertex 26.6264 10.0735 2
      vertex 26.1 9.89482 2
    endloop
  endfacet
  facet normal 0 0 1
    outer loop
      vertex 56.7019 1.2019 2
      vertex 25.5547 9.78636 2
      vertex 57.0215 0.921601 2
    endloop
  endfacet
  facet normal 0 0 1
    outer loop
      vertex 5.97847 0.821601 2
      vertex 57.0215 0.921601 2
      vertex 25.5547 9.78636 2
    endloop
  endfacet
  facet normal 0 0 1
    outer loop
      vertex 57.0215 0.921601 2
      vertex 5.97847 0.821601 2
      vertex 57.375 0.685417 2
    endloop
  endfacet
  facet normal 0 0 1
    outer loop
      vertex 5.625 0.585417 2
      vertex 57.375 0.685417 2
      vertex 5.97847 0.821601 2
    endloop
  endfacet
  facet normal 0 0 1
    outer loop
      vertex 6.2981 1.1019 2
      vertex 25.5547 9.78636 2
      vertex 25 9.75 2
    endloop
  endfacet
  facet normal 0 0 1
    outer loop
      vertex 6.5784 1.42153 2
      vertex 25 9.75 2
      vertex 24.4453 9.78636 2
    endloop
  endfacet
  facet normal 0 0 1
    outer loop
      vertex 6.81458 1.775 2
      vertex 24.4453 9.78636 2
      vertex 23.9 9.89482 2
    endloop
  endfacet
  facet normal 0 0 1
    outer loop
      vertex 21.6283 16.5872 2
      vertex 17.0784 19.2215 2
      vertex 21.3194 16.125 2
    endloop
  endfacet
  facet normal -0 0 1
    outer loop
      vertex 16.7981 18.9019 2
      vertex 21.3194 16.125 2
      vertex 17.0784 19.2215 2
    endloop
  endfacet
  facet normal 0 0 1
    outer loop
      vertex 21.3194 16.125 2
      vertex 16.7981 18.9019 2
      vertex 21.0735 15.6264 2
    endloop
  endfacet
  facet normal -0 0 1
    outer loop
      vertex 16.4785 18.6216 2
      vertex 21.0735 15.6264 2
      vertex 16.7981 18.9019 2
    endloop
  endfacet
  facet normal 0 0 1
    outer loop
      vertex 21.0735 15.6264 2
      vertex 16.4785 18.6216 2
      vertex 20.8948 15.1 2
    endloop
  endfacet
  facet normal -0 0 1
    outer loop
      vertex 16.125 18.3854 2
      vertex 20.8948 15.1 2
      vertex 16.4785 18.6216 2
    endloop
  endfacet
  facet normal 0 0 1
    outer loop
      vertex 20.8948 15.1 2
      vertex 16.125 18.3854 2
      vertex 20.7864 14.5547 2
    endloop
  endfacet
  facet normal -0 0 1
    outer loop
      vertex 15.7437 18.1974 2
      vertex 20.7864 14.5547 2
      vertex 16.125 18.3854 2
    endloop
  endfacet
  facet normal 0 0 1
    outer loop
      vertex 20.7864 14.5547 2
      vertex 15.7437 18.1974 2
      vertex 20.75 14 2
    endloop
  endfacet
  facet normal -0 0 1
    outer loop
      vertex 15.3412 18.0607 2
      vertex 20.75 14 2
      vertex 15.7437 18.1974 2
    endloop
  endfacet
  facet normal 0 0 1
    outer loop
      vertex 20.75 14 2
      vertex 15.3412 18.0607 2
      vertex 20.7864 13.4453 2
    endloop
  endfacet
  facet normal -0 0 1
    outer loop
      vertex 14.9242 17.9778 2
      vertex 20.7864 13.4453 2
      vertex 15.3412 18.0607 2
    endloop
  endfacet
  facet normal -0 0 1
    outer loop
      vertex 14.5 17.95 2
      vertex 20.7864 13.4453 2
      vertex 14.9242 17.9778 2
    endloop
  endfacet
  facet normal 0 0 1
    outer loop
      vertex 20.7864 13.4453 2
      vertex 14.5 17.95 2
      vertex 20.8948 12.9 2
    endloop
  endfacet
  facet normal 0 0 1
    outer loop
      vertex 14.0758 17.9778 2
      vertex 20.8948 12.9 2
      vertex 14.5 17.95 2
    endloop
  endfacet
  facet normal 0 0 1
    outer loop
      vertex 20.8948 12.9 2
      vertex 14.0758 17.9778 2
      vertex 21.0735 12.3736 2
    endloop
  endfacet
  facet normal 0 0 1
    outer loop
      vertex 7.25 3.4 2
      vertex 21.0735 12.3736 2
      vertex 14.0758 17.9778 2
    endloop
  endfacet
  facet normal 0 0 1
    outer loop
      vertex 21.0735 12.3736 2
      vertex 7.25 3.4 2
      vertex 21.3194 11.875 2
    endloop
  endfacet
  facet normal 0 0 1
    outer loop
      vertex 21.3194 11.875 2
      vertex 7.25 3.4 2
      vertex 21.6283 11.4128 2
    endloop
  endfacet
  facet normal 0 0 1
    outer loop
      vertex 7.25 3.4 2
      vertex 14.0758 17.9778 2
      vertex 13.6588 18.0607 2
    endloop
  endfacet
  facet normal 0 0 1
    outer loop
      vertex 21.6283 11.4128 2
      vertex 7.25 3.4 2
      vertex 21.9948 10.9948 2
    endloop
  endfacet
  facet normal 0 0 1
    outer loop
      vertex 7.25 3.4 2
      vertex 13.6588 18.0607 2
      vertex 13.2563 18.1974 2
    endloop
  endfacet
  facet normal 0 0 1
    outer loop
      vertex 7.25 3.4 2
      vertex 13.2563 18.1974 2
      vertex 12.875 18.3854 2
    endloop
  endfacet
  facet normal 0 0 1
    outer loop
      vertex 7.25 3.4 2
      vertex 12.875 18.3854 2
      vertex 12.5215 18.6216 2
    endloop
  endfacet
  facet normal 0 0 1
    outer loop
      vertex 7.25 3.4 2
      vertex 11.2778 20.7758 2
      vertex 11.25 21.2 2
    endloop
  endfacet
  facet normal 0 0 1
    outer loop
      vertex 7.25 3.4 2
      vertex 11.3607 20.3588 2
      vertex 11.2778 20.7758 2
    endloop
  endfacet
  facet normal 0 0 1
    outer loop
      vertex 7.25 3.4 2
      vertex 11.4974 19.9563 2
      vertex 11.3607 20.3588 2
    endloop
  endfacet
  facet normal 0 0 1
    outer loop
      vertex 7.25 3.4 2
      vertex 11.6854 19.575 2
      vertex 11.4974 19.9563 2
    endloop
  endfacet
  facet normal 0 0 1
    outer loop
      vertex 7.25 3.4 2
      vertex 11.9216 19.2215 2
      vertex 11.6854 19.575 2
    endloop
  endfacet
  facet normal 0 0 1
    outer loop
      vertex 7.25 3.4 2
      vertex 12.2019 18.9019 2
      vertex 11.9216 19.2215 2
    endloop
  endfacet
  facet normal 0 0 1
    outer loop
      vertex 7.25 3.4 2
      vertex 12.5215 18.6216 2
      vertex 12.2019 18.9019 2
    endloop
  endfacet
  facet normal 0 0 1
    outer loop
      vertex 21.9948 10.9948 2
      vertex 7.25 3.4 2
      vertex 22.4128 10.6282 2
    endloop
  endfacet
  facet normal 0 0 1
    outer loop
      vertex 7.2222 2.97579 2
      vertex 22.4128 10.6282 2
      vertex 7.25 3.4 2
    endloop
  endfacet
  facet normal 0 0 1
    outer loop
      vertex 22.4128 10.6282 2
      vertex 7.2222 2.97579 2
      vertex 22.875 10.3194 2
    endloop
  endfacet
  facet normal 0 0 1
    outer loop
      vertex 7.13926 2.55884 2
      vertex 22.875 10.3194 2
      vertex 7.2222 2.97579 2
    endloop
  endfacet
  facet normal 0 0 1
    outer loop
      vertex 22.875 10.3194 2
      vertex 7.13926 2.55884 2
      vertex 23.3736 10.0735 2
    endloop
  endfacet
  facet normal 0 0 1
    outer loop
      vertex 7.00261 2.15628 2
      vertex 23.3736 10.0735 2
      vertex 7.13926 2.55884 2
    endloop
  endfacet
  facet normal 0 0 1
    outer loop
      vertex 23.3736 10.0735 2
      vertex 7.00261 2.15628 2
      vertex 23.9 9.89482 2
    endloop
  endfacet
  facet normal 0 0 1
    outer loop
      vertex 6.81458 1.775 2
      vertex 23.9 9.89482 2
      vertex 7.00261 2.15628 2
    endloop
  endfacet
  facet normal 0 0 1
    outer loop
      vertex 24.4453 9.78636 2
      vertex 6.81458 1.775 2
      vertex 6.5784 1.42153 2
    endloop
  endfacet
  facet normal 0 0 1
    outer loop
      vertex 25 9.75 2
      vertex 6.5784 1.42153 2
      vertex 6.2981 1.1019 2
    endloop
  endfacet
  facet normal 0 0 1
    outer loop
      vertex 25.5547 9.78636 2
      vertex 6.2981 1.1019 2
      vertex 5.97847 0.821601 2
    endloop
  endfacet
  facet normal 0 0 1
    outer loop
      vertex 57.375 0.685417 2
      vertex 5.625 0.585417 2
      vertex 57.7563 0.497391 2
    endloop
  endfacet
  facet normal 0 0 1
    outer loop
      vertex 5.24372 0.397391 2
      vertex 57.7563 0.497391 2
      vertex 5.625 0.585417 2
    endloop
  endfacet
  facet normal 0 0 1
    outer loop
      vertex 57.7563 0.497391 2
      vertex 5.24372 0.397391 2
      vertex 58.1588 0.360741 2
    endloop
  endfacet
  facet normal 0 0 1
    outer loop
      vertex 4.84116 0.26074 2
      vertex 58.1588 0.360741 2
      vertex 5.24372 0.397391 2
    endloop
  endfacet
  facet normal 0 0 1
    outer loop
      vertex 58.1588 0.360741 2
      vertex 4.84116 0.26074 2
      vertex 58.5758 0.277803 2
    endloop
  endfacet
  facet normal 0 0 1
    outer loop
      vertex 4.42421 0.177804 2
      vertex 58.5758 0.277803 2
      vertex 4.84116 0.26074 2
    endloop
  endfacet
  facet normal 0 0 1
    outer loop
      vertex 0.5 -0.5 2
      vertex 58.5758 0.277803 2
      vertex 4.42421 0.177804 2
    endloop
  endfacet
  facet normal 0 0 1
    outer loop
      vertex 0.5 -0.5 2
      vertex 4.42421 0.177804 2
      vertex 4 0.15 2
    endloop
  endfacet
  facet normal 0 0 1
    outer loop
      vertex 59 0.25 2
      vertex 0.5 -0.5 2
      vertex 70 -0.5 2
    endloop
  endfacet
  facet normal 0 0 1
    outer loop
      vertex 3.57579 0.177804 2
      vertex 0.5 -0.5 2
      vertex 4 0.15 2
    endloop
  endfacet
  facet normal 0 0 1
    outer loop
      vertex 3.15884 0.26074 2
      vertex 0.5 -0.5 2
      vertex 3.57579 0.177804 2
    endloop
  endfacet
  facet normal 0 0 1
    outer loop
      vertex 2.75628 0.397391 2
      vertex 0.5 -0.5 2
      vertex 3.15884 0.26074 2
    endloop
  endfacet
  facet normal 0 0 1
    outer loop
      vertex 2.375 0.585417 2
      vertex 0.5 -0.5 2
      vertex 2.75628 0.397391 2
    endloop
  endfacet
  facet normal 0 0 1
    outer loop
      vertex 2.02152 0.821601 2
      vertex 0.5 -0.5 2
      vertex 2.375 0.585417 2
    endloop
  endfacet
  facet normal 0 0 1
    outer loop
      vertex 1.7019 1.1019 2
      vertex 0.5 -0.5 2
      vertex 2.02152 0.821601 2
    endloop
  endfacet
  facet normal 0 0 1
    outer loop
      vertex 1.4216 1.42153 2
      vertex 0.5 -0.5 2
      vertex 1.7019 1.1019 2
    endloop
  endfacet
  facet normal 0 0 1
    outer loop
      vertex -0.5 0.5 2
      vertex 1.4216 1.42153 2
      vertex 1.18542 1.775 2
    endloop
  endfacet
  facet normal 0 0 1
    outer loop
      vertex -0.5 0.5 2
      vertex 1.18542 1.775 2
      vertex 0.997391 2.15628 2
    endloop
  endfacet
  facet normal 0 0 1
    outer loop
      vertex -0.5 0.5 2
      vertex 0.997391 2.15628 2
      vertex 0.860741 2.55884 2
    endloop
  endfacet
  facet normal 0 0 1
    outer loop
      vertex -0.5 0.5 2
      vertex 0.860741 2.55884 2
      vertex 0.777803 2.97579 2
    endloop
  endfacet
  facet normal 0 0 1
    outer loop
      vertex -0.5 0.5 2
      vertex 0.777803 2.97579 2
      vertex 0.75 3.4 2
    endloop
  endfacet
  facet normal 0 0 1
    outer loop
      vertex 0.860741 4.24116 2
      vertex -0.5 0.5 2
      vertex 0.777803 3.82421 2
    endloop
  endfacet
  facet normal 0 0 1
    outer loop
      vertex -0.5 37.5 2
      vertex 0.5 38.5 2
      vertex 0.369476 38.4914 2
    endloop
  endfacet
  facet normal 0 0 1
    outer loop
      vertex 0.777803 3.82421 2
      vertex -0.5 0.5 2
      vertex 0.75 3.4 2
    endloop
  endfacet
  facet normal 0 0 1
    outer loop
      vertex -0.5 37.5 2
      vertex 0.369476 38.4914 2
      vertex 0.24118 38.4659 2
    endloop
  endfacet
  facet normal 0 0 1
    outer loop
      vertex 1.4216 1.42153 2
      vertex -0.5 0.5 2
      vertex 0.5 -0.5 2
    endloop
  endfacet
  facet normal 0 0 1
    outer loop
      vertex -0.5 37.5 2
      vertex 0.24118 38.4659 2
      vertex 0.11731 38.4239 2
    endloop
  endfacet
  facet normal 0 0 1
    outer loop
      vertex 0.5 -0.5 2
      vertex -0.5 0.5 2
      vertex 0.369476 -0.49144 2
    endloop
  endfacet
  facet normal 0 0 1
    outer loop
      vertex -0.5 37.5 2
      vertex 0.11731 38.4239 2
      vertex 0 38.366 2
    endloop
  endfacet
  facet normal 0 0 1
    outer loop
      vertex 0.369476 -0.49144 2
      vertex -0.5 0.5 2
      vertex 0.24118 -0.465927 2
    endloop
  endfacet
  facet normal 0 0 1
    outer loop
      vertex -0.5 37.5 2
      vertex 0 38.366 2
      vertex -0.108765 38.2934 2
    endloop
  endfacet
  facet normal 0 0 1
    outer loop
      vertex 0.24118 -0.465927 2
      vertex -0.5 0.5 2
      vertex 0.11731 -0.423874 2
    endloop
  endfacet
  facet normal 0 0 1
    outer loop
      vertex -0.5 37.5 2
      vertex -0.108765 38.2934 2
      vertex -0.207108 38.2071 2
    endloop
  endfacet
  facet normal 0 0 1
    outer loop
      vertex 0.11731 -0.423874 2
      vertex -0.5 0.5 2
      vertex 0 -0.366028 2
    endloop
  endfacet
  facet normal 0 0 1
    outer loop
      vertex -0.5 37.5 2
      vertex -0.207108 38.2071 2
      vertex -0.29335 38.1088 2
    endloop
  endfacet
  facet normal 0 0 1
    outer loop
      vertex 0 -0.366028 2
      vertex -0.5 0.5 2
      vertex -0.108765 -0.29335 2
    endloop
  endfacet
  facet normal 0 0 1
    outer loop
      vertex -0.5 37.5 2
      vertex -0.29335 38.1088 2
      vertex -0.366028 38 2
    endloop
  endfacet
  facet normal 0 0 1
    outer loop
      vertex -0.108765 -0.29335 2
      vertex -0.5 0.5 2
      vertex -0.207108 -0.207108 2
    endloop
  endfacet
  facet normal 0 0 1
    outer loop
      vertex -0.5 37.5 2
      vertex -0.366028 38 2
      vertex -0.423874 37.8827 2
    endloop
  endfacet
  facet normal 0 0 1
    outer loop
      vertex -0.207108 -0.207108 2
      vertex -0.5 0.5 2
      vertex -0.29335 -0.108765 2
    endloop
  endfacet
  facet normal 0 0 1
    outer loop
      vertex -0.5 37.5 2
      vertex -0.423874 37.8827 2
      vertex -0.465927 37.7588 2
    endloop
  endfacet
  facet normal 0 0 1
    outer loop
      vertex -0.29335 -0.108765 2
      vertex -0.5 0.5 2
      vertex -0.366028 0 2
    endloop
  endfacet
  facet normal 0 0 1
    outer loop
      vertex -0.5 37.5 2
      vertex -0.465927 37.7588 2
      vertex -0.49144 37.6305 2
    endloop
  endfacet
  facet normal 0 0 1
    outer loop
      vertex -0.366028 0 2
      vertex -0.5 0.5 2
      vertex -0.423874 0.11731 2
    endloop
  endfacet
  facet normal 0 0 1
    outer loop
      vertex -0.423874 0.11731 2
      vertex -0.5 0.5 2
      vertex -0.465927 0.24118 2
    endloop
  endfacet
  facet normal 0 0 1
    outer loop
      vertex -0.465927 0.24118 2
      vertex -0.5 0.5 2
      vertex -0.49144 0.369476 2
    endloop
  endfacet
  facet normal 0 0 1
    outer loop
      vertex 47.125 17.6806 2
      vertex 47.1 22 2
      vertex 47.1 17.6929 2
    endloop
  endfacet
  facet normal 0 0 1
    outer loop
      vertex 27.125 17.6806 2
      vertex 27.1 22 2
      vertex 27.1 17.6929 2
    endloop
  endfacet
  facet normal -0.997836 0.0657457 0
    outer loop
      vertex 70.9914 0.369476 2
      vertex 71 0.5 20.1
      vertex 71 0.5 2
    endloop
  endfacet
  facet normal -0.997836 0.0657457 0
    outer loop
      vertex 71 0.5 20.1
      vertex 70.9914 0.369476 2
      vertex 70.9914 0.369476 20.1
    endloop
  endfacet
  facet normal -0.442289 0.896873 0
    outer loop
      vertex 70.5 -0.366028 2
      vertex 70.3827 -0.423874 20.1
      vertex 70.5 -0.366028 20.1
    endloop
  endfacet
  facet normal -0.442289 0.896873 0
    outer loop
      vertex 70.3827 -0.423874 20.1
      vertex 70.5 -0.366028 2
      vertex 70.3827 -0.423874 2
    endloop
  endfacet
  facet normal -0.555465 0.83154 0
    outer loop
      vertex 70.6088 -0.29335 2
      vertex 70.5 -0.366028 20.1
      vertex 70.6088 -0.29335 20.1
    endloop
  endfacet
  facet normal -0.555465 0.83154 0
    outer loop
      vertex 70.5 -0.366028 20.1
      vertex 70.6088 -0.29335 2
      vertex 70.5 -0.366028 2
    endloop
  endfacet
  facet normal -0.65937 0.751818 0
    outer loop
      vertex 57.0215 37.5784 2
      vertex 56.7019 37.2981 7
      vertex 57.0215 37.5784 7
    endloop
  endfacet
  facet normal -0.65937 0.751818 0
    outer loop
      vertex 56.7019 37.2981 7
      vertex 57.0215 37.5784 2
      vertex 56.7019 37.2981 2
    endloop
  endfacet
  facet normal 0.980806 0.194985 0
    outer loop
      vertex 62.2222 35.4242 7
      vertex 62.1393 35.8412 2
      vertex 62.1393 35.8412 7
    endloop
  endfacet
  facet normal 0.980806 0.194985 0
    outer loop
      vertex 62.1393 35.8412 2
      vertex 62.2222 35.4242 7
      vertex 62.2222 35.4242 2
    endloop
  endfacet
  facet normal 0.997859 0.0653948 0
    outer loop
      vertex 62.25 35 7
      vertex 62.2222 35.4242 2
      vertex 62.2222 35.4242 7
    endloop
  endfacet
  facet normal 0.997859 0.0653948 0
    outer loop
      vertex 62.2222 35.4242 2
      vertex 62.25 35 7
      vertex 62.25 35 2
    endloop
  endfacet
  facet normal 0.94688 0.321586 0
    outer loop
      vertex 62.1393 35.8412 7
      vertex 62.0026 36.2437 2
      vertex 62.0026 36.2437 7
    endloop
  endfacet
  facet normal 0.94688 0.321586 0
    outer loop
      vertex 62.0026 36.2437 2
      vertex 62.1393 35.8412 7
      vertex 62.1393 35.8412 2
    endloop
  endfacet
  facet normal -0.751818 0.65937 0
    outer loop
      vertex 56.4216 36.9785 2
      vertex 56.7019 37.2981 7
      vertex 56.7019 37.2981 2
    endloop
  endfacet
  facet normal -0.751818 0.65937 0
    outer loop
      vertex 56.7019 37.2981 7
      vertex 56.4216 36.9785 2
      vertex 56.4216 36.9785 7
    endloop
  endfacet
  facet normal 0.321586 0.94688 -0
    outer loop
      vertex 60.2437 38.0026 2
      vertex 59.8412 38.1393 7
      vertex 60.2437 38.0026 7
    endloop
  endfacet
  facet normal 0.321586 0.94688 0
    outer loop
      vertex 59.8412 38.1393 7
      vertex 60.2437 38.0026 2
      vertex 59.8412 38.1393 2
    endloop
  endfacet
  facet normal -0.321586 0.94688 0
    outer loop
      vertex 58.1588 38.1393 2
      vertex 57.7563 38.0026 7
      vertex 58.1588 38.1393 7
    endloop
  endfacet
  facet normal -0.321586 0.94688 0
    outer loop
      vertex 57.7563 38.0026 7
      vertex 58.1588 38.1393 2
      vertex 57.7563 38.0026 2
    endloop
  endfacet
  facet normal 0.896907 0.44222 0
    outer loop
      vertex 62.0026 36.2437 7
      vertex 61.8146 36.625 2
      vertex 61.8146 36.625 7
    endloop
  endfacet
  facet normal 0.896907 0.44222 0
    outer loop
      vertex 61.8146 36.625 2
      vertex 62.0026 36.2437 7
      vertex 62.0026 36.2437 2
    endloop
  endfacet
  facet normal 0.831471 0.555568 0
    outer loop
      vertex 61.8146 36.625 7
      vertex 61.5784 36.9785 2
      vertex 61.5784 36.9785 7
    endloop
  endfacet
  facet normal 0.831471 0.555568 0
    outer loop
      vertex 61.5784 36.9785 2
      vertex 61.8146 36.625 7
      vertex 61.8146 36.625 2
    endloop
  endfacet
  facet normal 0.94688 -0.321586 0
    outer loop
      vertex 62.0026 33.7563 7
      vertex 62.1393 34.1588 2
      vertex 62.1393 34.1588 7
    endloop
  endfacet
  facet normal 0.94688 -0.321586 0
    outer loop
      vertex 62.1393 34.1588 2
      vertex 62.0026 33.7563 7
      vertex 62.0026 33.7563 2
    endloop
  endfacet
  facet normal 0.65937 -0.751818 0
    outer loop
      vertex 60.9785 32.4216 2
      vertex 61.2981 32.7019 7
      vertex 60.9785 32.4216 7
    endloop
  endfacet
  facet normal 0.65937 -0.751818 0
    outer loop
      vertex 61.2981 32.7019 7
      vertex 60.9785 32.4216 2
      vertex 61.2981 32.7019 2
    endloop
  endfacet
  facet normal -0.0653948 0.997859 0
    outer loop
      vertex 59 38.25 2
      vertex 58.5758 38.2222 7
      vertex 59 38.25 7
    endloop
  endfacet
  facet normal -0.0653948 0.997859 0
    outer loop
      vertex 58.5758 38.2222 7
      vertex 59 38.25 2
      vertex 58.5758 38.2222 2
    endloop
  endfacet
  facet normal -0.194985 -0.980806 0
    outer loop
      vertex 58.1588 31.8607 2
      vertex 58.5758 31.7778 7
      vertex 58.1588 31.8607 7
    endloop
  endfacet
  facet normal -0.194985 -0.980806 -0
    outer loop
      vertex 58.5758 31.7778 7
      vertex 58.1588 31.8607 2
      vertex 58.5758 31.7778 2
    endloop
  endfacet
  facet normal 0.0653948 0.997859 -0
    outer loop
      vertex 59.4242 38.2222 2
      vertex 59 38.25 7
      vertex 59.4242 38.2222 7
    endloop
  endfacet
  facet normal 0.0653948 0.997859 0
    outer loop
      vertex 59 38.25 7
      vertex 59.4242 38.2222 2
      vertex 59 38.25 2
    endloop
  endfacet
  facet normal 0.751818 0.65937 0
    outer loop
      vertex 61.5784 36.9785 7
      vertex 61.2981 37.2981 2
      vertex 61.2981 37.2981 7
    endloop
  endfacet
  facet normal 0.751818 0.65937 0
    outer loop
      vertex 61.2981 37.2981 2
      vertex 61.5784 36.9785 7
      vertex 61.5784 36.9785 2
    endloop
  endfacet
  facet normal -0.997859 0.0653948 0
    outer loop
      vertex 55.75 35 2
      vertex 55.7778 35.4242 7
      vertex 55.7778 35.4242 2
    endloop
  endfacet
  facet normal -0.997859 0.0653948 0
    outer loop
      vertex 55.7778 35.4242 7
      vertex 55.75 35 2
      vertex 55.75 35 7
    endloop
  endfacet
  facet normal -0.980806 0.194985 0
    outer loop
      vertex 55.7778 35.4242 2
      vertex 55.8607 35.8412 7
      vertex 55.8607 35.8412 2
    endloop
  endfacet
  facet normal -0.980806 0.194985 0
    outer loop
      vertex 55.8607 35.8412 7
      vertex 55.7778 35.4242 2
      vertex 55.7778 35.4242 7
    endloop
  endfacet
  facet normal -0.896907 -0.44222 0
    outer loop
      vertex 56.1854 33.375 2
      vertex 55.9974 33.7563 7
      vertex 55.9974 33.7563 2
    endloop
  endfacet
  facet normal -0.896907 -0.44222 0
    outer loop
      vertex 55.9974 33.7563 7
      vertex 56.1854 33.375 2
      vertex 56.1854 33.375 7
    endloop
  endfacet
  facet normal -0.94688 0.321586 0
    outer loop
      vertex 55.8607 35.8412 2
      vertex 55.9974 36.2437 7
      vertex 55.9974 36.2437 2
    endloop
  endfacet
  facet normal -0.94688 0.321586 0
    outer loop
      vertex 55.9974 36.2437 7
      vertex 55.8607 35.8412 2
      vertex 55.8607 35.8412 7
    endloop
  endfacet
  facet normal -0.194985 0.980806 0
    outer loop
      vertex 58.5758 38.2222 2
      vertex 58.1588 38.1393 7
      vertex 58.5758 38.2222 7
    endloop
  endfacet
  facet normal -0.194985 0.980806 0
    outer loop
      vertex 58.1588 38.1393 7
      vertex 58.5758 38.2222 2
      vertex 58.1588 38.1393 2
    endloop
  endfacet
  facet normal 0.44222 -0.896907 0
    outer loop
      vertex 60.2437 31.9974 2
      vertex 60.625 32.1854 7
      vertex 60.2437 31.9974 7
    endloop
  endfacet
  facet normal 0.44222 -0.896907 0
    outer loop
      vertex 60.625 32.1854 7
      vertex 60.2437 31.9974 2
      vertex 60.625 32.1854 2
    endloop
  endfacet
  facet normal 0.65937 0.751818 -0
    outer loop
      vertex 61.2981 37.2981 2
      vertex 60.9785 37.5784 7
      vertex 61.2981 37.2981 7
    endloop
  endfacet
  facet normal 0.65937 0.751818 0
    outer loop
      vertex 60.9785 37.5784 7
      vertex 61.2981 37.2981 2
      vertex 60.9785 37.5784 2
    endloop
  endfacet
  facet normal 0.321586 -0.94688 0
    outer loop
      vertex 59.8412 31.8607 2
      vertex 60.2437 31.9974 7
      vertex 59.8412 31.8607 7
    endloop
  endfacet
  facet normal 0.321586 -0.94688 0
    outer loop
      vertex 60.2437 31.9974 7
      vertex 59.8412 31.8607 2
      vertex 60.2437 31.9974 2
    endloop
  endfacet
  facet normal 0.831471 -0.555568 0
    outer loop
      vertex 61.5784 33.0215 7
      vertex 61.8146 33.375 2
      vertex 61.8146 33.375 7
    endloop
  endfacet
  facet normal 0.831471 -0.555568 0
    outer loop
      vertex 61.8146 33.375 2
      vertex 61.5784 33.0215 7
      vertex 61.5784 33.0215 2
    endloop
  endfacet
  facet normal -0.896907 0.44222 0
    outer loop
      vertex 55.9974 36.2437 2
      vertex 56.1854 36.625 7
      vertex 56.1854 36.625 2
    endloop
  endfacet
  facet normal -0.896907 0.44222 0
    outer loop
      vertex 56.1854 36.625 7
      vertex 55.9974 36.2437 2
      vertex 55.9974 36.2437 7
    endloop
  endfacet
  facet normal -0.555568 0.831471 0
    outer loop
      vertex 57.375 37.8146 2
      vertex 57.0215 37.5784 7
      vertex 57.375 37.8146 7
    endloop
  endfacet
  facet normal -0.555568 0.831471 0
    outer loop
      vertex 57.0215 37.5784 7
      vertex 57.375 37.8146 2
      vertex 57.0215 37.5784 2
    endloop
  endfacet
  facet normal -0.980806 -0.194985 0
    outer loop
      vertex 55.8607 34.1588 2
      vertex 55.7778 34.5758 7
      vertex 55.7778 34.5758 2
    endloop
  endfacet
  facet normal -0.980806 -0.194985 0
    outer loop
      vertex 55.7778 34.5758 7
      vertex 55.8607 34.1588 2
      vertex 55.8607 34.1588 7
    endloop
  endfacet
  facet normal 0.555568 0.831471 -0
    outer loop
      vertex 60.9785 37.5784 2
      vertex 60.625 37.8146 7
      vertex 60.9785 37.5784 7
    endloop
  endfacet
  facet normal 0.555568 0.831471 0
    outer loop
      vertex 60.625 37.8146 7
      vertex 60.9785 37.5784 2
      vertex 60.625 37.8146 2
    endloop
  endfacet
  facet normal -0.997859 -0.0653948 0
    outer loop
      vertex 55.7778 34.5758 2
      vertex 55.75 35 7
      vertex 55.75 35 2
    endloop
  endfacet
  facet normal -0.997859 -0.0653948 0
    outer loop
      vertex 55.75 35 7
      vertex 55.7778 34.5758 2
      vertex 55.7778 34.5758 7
    endloop
  endfacet
  facet normal -0.94688 -0.321586 0
    outer loop
      vertex 55.9974 33.7563 2
      vertex 55.8607 34.1588 7
      vertex 55.8607 34.1588 2
    endloop
  endfacet
  facet normal -0.94688 -0.321586 0
    outer loop
      vertex 55.8607 34.1588 7
      vertex 55.9974 33.7563 2
      vertex 55.9974 33.7563 7
    endloop
  endfacet
  facet normal -0.831471 0.555568 0
    outer loop
      vertex 56.1854 36.625 2
      vertex 56.4216 36.9785 7
      vertex 56.4216 36.9785 2
    endloop
  endfacet
  facet normal -0.831471 0.555568 0
    outer loop
      vertex 56.4216 36.9785 7
      vertex 56.1854 36.625 2
      vertex 56.1854 36.625 7
    endloop
  endfacet
  facet normal -0.44222 0.896907 0
    outer loop
      vertex 57.7563 38.0026 2
      vertex 57.375 37.8146 7
      vertex 57.7563 38.0026 7
    endloop
  endfacet
  facet normal -0.44222 0.896907 0
    outer loop
      vertex 57.375 37.8146 7
      vertex 57.7563 38.0026 2
      vertex 57.375 37.8146 2
    endloop
  endfacet
  facet normal 0.194985 -0.980806 0
    outer loop
      vertex 59.4242 31.7778 2
      vertex 59.8412 31.8607 7
      vertex 59.4242 31.7778 7
    endloop
  endfacet
  facet normal 0.194985 -0.980806 0
    outer loop
      vertex 59.8412 31.8607 7
      vertex 59.4242 31.7778 2
      vertex 59.8412 31.8607 2
    endloop
  endfacet
  facet normal 0.751818 -0.65937 0
    outer loop
      vertex 61.2981 32.7019 7
      vertex 61.5784 33.0215 2
      vertex 61.5784 33.0215 7
    endloop
  endfacet
  facet normal 0.751818 -0.65937 0
    outer loop
      vertex 61.5784 33.0215 2
      vertex 61.2981 32.7019 7
      vertex 61.2981 32.7019 2
    endloop
  endfacet
  facet normal -0.831471 -0.555568 0
    outer loop
      vertex 56.4216 33.0215 2
      vertex 56.1854 33.375 7
      vertex 56.1854 33.375 2
    endloop
  endfacet
  facet normal -0.831471 -0.555568 0
    outer loop
      vertex 56.1854 33.375 7
      vertex 56.4216 33.0215 2
      vertex 56.4216 33.0215 7
    endloop
  endfacet
  facet normal -0.44222 -0.896907 0
    outer loop
      vertex 57.375 32.1854 2
      vertex 57.7563 31.9974 7
      vertex 57.375 32.1854 7
    endloop
  endfacet
  facet normal -0.44222 -0.896907 -0
    outer loop
      vertex 57.7563 31.9974 7
      vertex 57.375 32.1854 2
      vertex 57.7563 31.9974 2
    endloop
  endfacet
  facet normal 0.980806 -0.194985 0
    outer loop
      vertex 62.1393 34.1588 7
      vertex 62.2222 34.5758 2
      vertex 62.2222 34.5758 7
    endloop
  endfacet
  facet normal 0.980806 -0.194985 0
    outer loop
      vertex 62.2222 34.5758 2
      vertex 62.1393 34.1588 7
      vertex 62.1393 34.1588 2
    endloop
  endfacet
  facet normal -0.65937 -0.751818 0
    outer loop
      vertex 56.7019 32.7019 2
      vertex 57.0215 32.4216 7
      vertex 56.7019 32.7019 7
    endloop
  endfacet
  facet normal -0.65937 -0.751818 -0
    outer loop
      vertex 57.0215 32.4216 7
      vertex 56.7019 32.7019 2
      vertex 57.0215 32.4216 2
    endloop
  endfacet
  facet normal 0.896907 -0.44222 0
    outer loop
      vertex 61.8146 33.375 7
      vertex 62.0026 33.7563 2
      vertex 62.0026 33.7563 7
    endloop
  endfacet
  facet normal 0.896907 -0.44222 0
    outer loop
      vertex 62.0026 33.7563 2
      vertex 61.8146 33.375 7
      vertex 61.8146 33.375 2
    endloop
  endfacet
  facet normal 0.555568 -0.831471 0
    outer loop
      vertex 60.625 32.1854 2
      vertex 60.9785 32.4216 7
      vertex 60.625 32.1854 7
    endloop
  endfacet
  facet normal 0.555568 -0.831471 0
    outer loop
      vertex 60.9785 32.4216 7
      vertex 60.625 32.1854 2
      vertex 60.9785 32.4216 2
    endloop
  endfacet
  facet normal 0.44222 0.896907 -0
    outer loop
      vertex 60.625 37.8146 2
      vertex 60.2437 38.0026 7
      vertex 60.625 37.8146 7
    endloop
  endfacet
  facet normal 0.44222 0.896907 0
    outer loop
      vertex 60.2437 38.0026 7
      vertex 60.625 37.8146 2
      vertex 60.2437 38.0026 2
    endloop
  endfacet
  facet normal -0.751818 -0.65937 0
    outer loop
      vertex 56.7019 32.7019 2
      vertex 56.4216 33.0215 7
      vertex 56.4216 33.0215 2
    endloop
  endfacet
  facet normal -0.751818 -0.65937 0
    outer loop
      vertex 56.4216 33.0215 7
      vertex 56.7019 32.7019 2
      vertex 56.7019 32.7019 7
    endloop
  endfacet
  facet normal 0.997859 -0.0653948 0
    outer loop
      vertex 62.2222 34.5758 7
      vertex 62.25 35 2
      vertex 62.25 35 7
    endloop
  endfacet
  facet normal 0.997859 -0.0653948 0
    outer loop
      vertex 62.25 35 2
      vertex 62.2222 34.5758 7
      vertex 62.2222 34.5758 2
    endloop
  endfacet
  facet normal 0.0653948 -0.997859 0
    outer loop
      vertex 59 31.75 2
      vertex 59.4242 31.7778 7
      vertex 59 31.75 7
    endloop
  endfacet
  facet normal 0.0653948 -0.997859 0
    outer loop
      vertex 59.4242 31.7778 7
      vertex 59 31.75 2
      vertex 59.4242 31.7778 2
    endloop
  endfacet
  facet normal -0.0653948 -0.997859 0
    outer loop
      vertex 58.5758 31.7778 2
      vertex 59 31.75 7
      vertex 58.5758 31.7778 7
    endloop
  endfacet
  facet normal -0.0653948 -0.997859 -0
    outer loop
      vertex 59 31.75 7
      vertex 58.5758 31.7778 2
      vertex 59 31.75 2
    endloop
  endfacet
  facet normal -0.321586 -0.94688 0
    outer loop
      vertex 57.7563 31.9974 2
      vertex 58.1588 31.8607 7
      vertex 57.7563 31.9974 7
    endloop
  endfacet
  facet normal -0.321586 -0.94688 -0
    outer loop
      vertex 58.1588 31.8607 7
      vertex 57.7563 31.9974 2
      vertex 58.1588 31.8607 2
    endloop
  endfacet
  facet normal 0.194985 0.980806 -0
    outer loop
      vertex 59.8412 38.1393 2
      vertex 59.4242 38.2222 7
      vertex 59.8412 38.1393 7
    endloop
  endfacet
  facet normal 0.194985 0.980806 0
    outer loop
      vertex 59.4242 38.2222 7
      vertex 59.8412 38.1393 2
      vertex 59.4242 38.2222 2
    endloop
  endfacet
  facet normal -0.555568 -0.831471 0
    outer loop
      vertex 57.0215 32.4216 2
      vertex 57.375 32.1854 7
      vertex 57.0215 32.4216 7
    endloop
  endfacet
  facet normal -0.555568 -0.831471 -0
    outer loop
      vertex 57.375 32.1854 7
      vertex 57.0215 32.4216 2
      vertex 57.375 32.1854 2
    endloop
  endfacet
  facet normal 0 0 1
    outer loop
      vertex 60.3 35 7
      vertex 62.25 35 7
      vertex 62.2222 35.4242 7
    endloop
  endfacet
  facet normal 0 0 1
    outer loop
      vertex 60.2889 35.1697 7
      vertex 62.2222 35.4242 7
      vertex 62.1393 35.8412 7
    endloop
  endfacet
  facet normal 0 0 1
    outer loop
      vertex 62.25 35 7
      vertex 60.3 35 7
      vertex 62.2222 34.5758 7
    endloop
  endfacet
  facet normal 0 0 1
    outer loop
      vertex 60.2557 35.3365 7
      vertex 62.1393 35.8412 7
      vertex 62.0026 36.2437 7
    endloop
  endfacet
  facet normal -0 0 1
    outer loop
      vertex 60.2889 34.8303 7
      vertex 62.2222 34.5758 7
      vertex 60.3 35 7
    endloop
  endfacet
  facet normal 0 0 1
    outer loop
      vertex 60.201 35.4975 7
      vertex 62.0026 36.2437 7
      vertex 61.8146 36.625 7
    endloop
  endfacet
  facet normal 0 0 1
    outer loop
      vertex 62.2222 34.5758 7
      vertex 60.2889 34.8303 7
      vertex 62.1393 34.1588 7
    endloop
  endfacet
  facet normal 0 0 1
    outer loop
      vertex 60.1258 35.65 7
      vertex 61.8146 36.625 7
      vertex 61.5784 36.9785 7
    endloop
  endfacet
  facet normal -0 0 1
    outer loop
      vertex 60.2557 34.6635 7
      vertex 62.1393 34.1588 7
      vertex 60.2889 34.8303 7
    endloop
  endfacet
  facet normal 0 0 1
    outer loop
      vertex 60.0314 35.7914 7
      vertex 61.5784 36.9785 7
      vertex 61.2981 37.2981 7
    endloop
  endfacet
  facet normal 0 0 1
    outer loop
      vertex 62.1393 34.1588 7
      vertex 60.2557 34.6635 7
      vertex 62.0026 33.7563 7
    endloop
  endfacet
  facet normal 0 0 1
    outer loop
      vertex 59.9192 35.9192 7
      vertex 61.2981 37.2981 7
      vertex 60.9785 37.5784 7
    endloop
  endfacet
  facet normal -0 0 1
    outer loop
      vertex 60.201 34.5025 7
      vertex 62.0026 33.7563 7
      vertex 60.2557 34.6635 7
    endloop
  endfacet
  facet normal 0 0 1
    outer loop
      vertex 59.7914 36.0314 7
      vertex 60.9785 37.5784 7
      vertex 60.625 37.8146 7
    endloop
  endfacet
  facet normal 0 0 1
    outer loop
      vertex 62.0026 33.7563 7
      vertex 60.201 34.5025 7
      vertex 61.8146 33.375 7
    endloop
  endfacet
  facet normal -0 0 1
    outer loop
      vertex 60.1258 34.35 7
      vertex 61.8146 33.375 7
      vertex 60.201 34.5025 7
    endloop
  endfacet
  facet normal 0 0 1
    outer loop
      vertex 62.2222 35.4242 7
      vertex 60.2889 35.1697 7
      vertex 60.3 35 7
    endloop
  endfacet
  facet normal 0 0 1
    outer loop
      vertex 62.1393 35.8412 7
      vertex 60.2557 35.3365 7
      vertex 60.2889 35.1697 7
    endloop
  endfacet
  facet normal 0 0 1
    outer loop
      vertex 59.65 36.1258 7
      vertex 60.625 37.8146 7
      vertex 60.2437 38.0026 7
    endloop
  endfacet
  facet normal 0 0 1
    outer loop
      vertex 62.0026 36.2437 7
      vertex 60.201 35.4975 7
      vertex 60.2557 35.3365 7
    endloop
  endfacet
  facet normal 0 0 1
    outer loop
      vertex 61.8146 36.625 7
      vertex 60.1258 35.65 7
      vertex 60.201 35.4975 7
    endloop
  endfacet
  facet normal 0 0 1
    outer loop
      vertex 61.5784 36.9785 7
      vertex 60.0314 35.7914 7
      vertex 60.1258 35.65 7
    endloop
  endfacet
  facet normal 0 0 1
    outer loop
      vertex 61.2981 37.2981 7
      vertex 59.9192 35.9192 7
      vertex 60.0314 35.7914 7
    endloop
  endfacet
  facet normal 0 0 1
    outer loop
      vertex 59.4975 36.201 7
      vertex 60.2437 38.0026 7
      vertex 59.8412 38.1393 7
    endloop
  endfacet
  facet normal 0 0 1
    outer loop
      vertex 60.9785 37.5784 7
      vertex 59.7914 36.0314 7
      vertex 59.9192 35.9192 7
    endloop
  endfacet
  facet normal 0 0 1
    outer loop
      vertex 60.625 37.8146 7
      vertex 59.65 36.1258 7
      vertex 59.7914 36.0314 7
    endloop
  endfacet
  facet normal 0 0 1
    outer loop
      vertex 60.2437 38.0026 7
      vertex 59.4975 36.201 7
      vertex 59.65 36.1258 7
    endloop
  endfacet
  facet normal 0 0 1
    outer loop
      vertex 59.3365 36.2557 7
      vertex 59.8412 38.1393 7
      vertex 59.4242 38.2222 7
    endloop
  endfacet
  facet normal 0 0 1
    outer loop
      vertex 59.8412 38.1393 7
      vertex 59.3365 36.2557 7
      vertex 59.4975 36.201 7
    endloop
  endfacet
  facet normal 0 0 1
    outer loop
      vertex 59.4242 38.2222 7
      vertex 59.1697 36.2889 7
      vertex 59.3365 36.2557 7
    endloop
  endfacet
  facet normal 0 0 1
    outer loop
      vertex 59 38.25 7
      vertex 59.1697 36.2889 7
      vertex 59.4242 38.2222 7
    endloop
  endfacet
  facet normal 0 0 1
    outer loop
      vertex 59 38.25 7
      vertex 59 36.3 7
      vertex 59.1697 36.2889 7
    endloop
  endfacet
  facet normal 0 0 1
    outer loop
      vertex 59 38.25 7
      vertex 58.8303 36.2889 7
      vertex 59 36.3 7
    endloop
  endfacet
  facet normal -0 0 1
    outer loop
      vertex 58.5758 38.2222 7
      vertex 58.8303 36.2889 7
      vertex 59 38.25 7
    endloop
  endfacet
  facet normal 0 0 1
    outer loop
      vertex 58.8303 36.2889 7
      vertex 58.5758 38.2222 7
      vertex 58.6635 36.2557 7
    endloop
  endfacet
  facet normal -0 0 1
    outer loop
      vertex 58.1588 38.1393 7
      vertex 58.6635 36.2557 7
      vertex 58.5758 38.2222 7
    endloop
  endfacet
  facet normal 0 0 1
    outer loop
      vertex 58.6635 36.2557 7
      vertex 58.1588 38.1393 7
      vertex 58.5025 36.201 7
    endloop
  endfacet
  facet normal -0 0 1
    outer loop
      vertex 57.7563 38.0026 7
      vertex 58.5025 36.201 7
      vertex 58.1588 38.1393 7
    endloop
  endfacet
  facet normal 0 0 1
    outer loop
      vertex 58.5025 36.201 7
      vertex 57.7563 38.0026 7
      vertex 58.35 36.1258 7
    endloop
  endfacet
  facet normal -0 0 1
    outer loop
      vertex 57.375 37.8146 7
      vertex 58.35 36.1258 7
      vertex 57.7563 38.0026 7
    endloop
  endfacet
  facet normal 0 0 1
    outer loop
      vertex 58.35 36.1258 7
      vertex 57.375 37.8146 7
      vertex 58.2086 36.0314 7
    endloop
  endfacet
  facet normal -0 0 1
    outer loop
      vertex 57.0215 37.5784 7
      vertex 58.2086 36.0314 7
      vertex 57.375 37.8146 7
    endloop
  endfacet
  facet normal 0 0 1
    outer loop
      vertex 58.2086 36.0314 7
      vertex 57.0215 37.5784 7
      vertex 58.0808 35.9192 7
    endloop
  endfacet
  facet normal -0 0 1
    outer loop
      vertex 56.7019 37.2981 7
      vertex 58.0808 35.9192 7
      vertex 57.0215 37.5784 7
    endloop
  endfacet
  facet normal 0 0 1
    outer loop
      vertex 58.0808 35.9192 7
      vertex 56.7019 37.2981 7
      vertex 57.9686 35.7914 7
    endloop
  endfacet
  facet normal -0 0 1
    outer loop
      vertex 56.4216 36.9785 7
      vertex 57.9686 35.7914 7
      vertex 56.7019 37.2981 7
    endloop
  endfacet
  facet normal 0 0 1
    outer loop
      vertex 57.9686 35.7914 7
      vertex 56.4216 36.9785 7
      vertex 57.8742 35.65 7
    endloop
  endfacet
  facet normal -0 0 1
    outer loop
      vertex 56.1854 36.625 7
      vertex 57.8742 35.65 7
      vertex 56.4216 36.9785 7
    endloop
  endfacet
  facet normal 0 0 1
    outer loop
      vertex 61.8146 33.375 7
      vertex 60.1258 34.35 7
      vertex 61.5784 33.0215 7
    endloop
  endfacet
  facet normal -0 0 1
    outer loop
      vertex 60.0314 34.2086 7
      vertex 61.5784 33.0215 7
      vertex 60.1258 34.35 7
    endloop
  endfacet
  facet normal 0 0 1
    outer loop
      vertex 61.5784 33.0215 7
      vertex 60.0314 34.2086 7
      vertex 61.2981 32.7019 7
    endloop
  endfacet
  facet normal -0 0 1
    outer loop
      vertex 59.9192 34.0808 7
      vertex 61.2981 32.7019 7
      vertex 60.0314 34.2086 7
    endloop
  endfacet
  facet normal 0 0 1
    outer loop
      vertex 61.2981 32.7019 7
      vertex 59.9192 34.0808 7
      vertex 60.9785 32.4216 7
    endloop
  endfacet
  facet normal -0 0 1
    outer loop
      vertex 59.7914 33.9686 7
      vertex 60.9785 32.4216 7
      vertex 59.9192 34.0808 7
    endloop
  endfacet
  facet normal 0 0 1
    outer loop
      vertex 60.9785 32.4216 7
      vertex 59.7914 33.9686 7
      vertex 60.625 32.1854 7
    endloop
  endfacet
  facet normal -0 0 1
    outer loop
      vertex 59.65 33.8742 7
      vertex 60.625 32.1854 7
      vertex 59.7914 33.9686 7
    endloop
  endfacet
  facet normal 0 0 1
    outer loop
      vertex 60.625 32.1854 7
      vertex 59.65 33.8742 7
      vertex 60.2437 31.9974 7
    endloop
  endfacet
  facet normal -0 0 1
    outer loop
      vertex 59.4975 33.799 7
      vertex 60.2437 31.9974 7
      vertex 59.65 33.8742 7
    endloop
  endfacet
  facet normal 0 0 1
    outer loop
      vertex 60.2437 31.9974 7
      vertex 59.4975 33.799 7
      vertex 59.8412 31.8607 7
    endloop
  endfacet
  facet normal -0 0 1
    outer loop
      vertex 59.3365 33.7443 7
      vertex 59.8412 31.8607 7
      vertex 59.4975 33.799 7
    endloop
  endfacet
  facet normal 0 0 1
    outer loop
      vertex 59.8412 31.8607 7
      vertex 59.3365 33.7443 7
      vertex 59.4242 31.7778 7
    endloop
  endfacet
  facet normal -0 0 1
    outer loop
      vertex 59.1697 33.7111 7
      vertex 59.4242 31.7778 7
      vertex 59.3365 33.7443 7
    endloop
  endfacet
  facet normal -0 0 1
    outer loop
      vertex 59 33.7 7
      vertex 59.4242 31.7778 7
      vertex 59.1697 33.7111 7
    endloop
  endfacet
  facet normal 0 0 1
    outer loop
      vertex 59 33.7 7
      vertex 59 31.75 7
      vertex 59.4242 31.7778 7
    endloop
  endfacet
  facet normal 0 0 1
    outer loop
      vertex 58.8303 33.7111 7
      vertex 59 31.75 7
      vertex 59 33.7 7
    endloop
  endfacet
  facet normal 0 0 1
    outer loop
      vertex 58.5758 31.7778 7
      vertex 58.8303 33.7111 7
      vertex 58.6635 33.7443 7
    endloop
  endfacet
  facet normal 0 0 1
    outer loop
      vertex 58.8303 33.7111 7
      vertex 58.5758 31.7778 7
      vertex 59 31.75 7
    endloop
  endfacet
  facet normal 0 0 1
    outer loop
      vertex 58.1588 31.8607 7
      vertex 58.6635 33.7443 7
      vertex 58.5025 33.799 7
    endloop
  endfacet
  facet normal 0 0 1
    outer loop
      vertex 57.7563 31.9974 7
      vertex 58.5025 33.799 7
      vertex 58.35 33.8742 7
    endloop
  endfacet
  facet normal 0 0 1
    outer loop
      vertex 57.375 32.1854 7
      vertex 58.35 33.8742 7
      vertex 58.2086 33.9686 7
    endloop
  endfacet
  facet normal 0 0 1
    outer loop
      vertex 58.6635 33.7443 7
      vertex 58.1588 31.8607 7
      vertex 58.5758 31.7778 7
    endloop
  endfacet
  facet normal 0 0 1
    outer loop
      vertex 57.0215 32.4216 7
      vertex 58.2086 33.9686 7
      vertex 58.0808 34.0808 7
    endloop
  endfacet
  facet normal 0 0 1
    outer loop
      vertex 56.7019 32.7019 7
      vertex 58.0808 34.0808 7
      vertex 57.9686 34.2086 7
    endloop
  endfacet
  facet normal 0 0 1
    outer loop
      vertex 56.4216 33.0215 7
      vertex 57.9686 34.2086 7
      vertex 57.8742 34.35 7
    endloop
  endfacet
  facet normal 0 0 1
    outer loop
      vertex 56.1854 33.375 7
      vertex 57.8742 34.35 7
      vertex 57.799 34.5025 7
    endloop
  endfacet
  facet normal 0 0 1
    outer loop
      vertex 58.5025 33.799 7
      vertex 57.7563 31.9974 7
      vertex 58.1588 31.8607 7
    endloop
  endfacet
  facet normal 0 0 1
    outer loop
      vertex 55.9974 33.7563 7
      vertex 57.799 34.5025 7
      vertex 57.7443 34.6635 7
    endloop
  endfacet
  facet normal 0 0 1
    outer loop
      vertex 55.8607 34.1588 7
      vertex 57.7443 34.6635 7
      vertex 57.7111 34.8303 7
    endloop
  endfacet
  facet normal 0 0 1
    outer loop
      vertex 55.7778 34.5758 7
      vertex 57.7111 34.8303 7
      vertex 57.7 35 7
    endloop
  endfacet
  facet normal 0 0 1
    outer loop
      vertex 57.8742 35.65 7
      vertex 56.1854 36.625 7
      vertex 57.799 35.4975 7
    endloop
  endfacet
  facet normal 0 0 1
    outer loop
      vertex 58.35 33.8742 7
      vertex 57.375 32.1854 7
      vertex 57.7563 31.9974 7
    endloop
  endfacet
  facet normal -0 0 1
    outer loop
      vertex 55.9974 36.2437 7
      vertex 57.799 35.4975 7
      vertex 56.1854 36.625 7
    endloop
  endfacet
  facet normal 0 0 1
    outer loop
      vertex 58.2086 33.9686 7
      vertex 57.0215 32.4216 7
      vertex 57.375 32.1854 7
    endloop
  endfacet
  facet normal 0 0 1
    outer loop
      vertex 57.799 35.4975 7
      vertex 55.9974 36.2437 7
      vertex 57.7443 35.3365 7
    endloop
  endfacet
  facet normal 0 0 1
    outer loop
      vertex 58.0808 34.0808 7
      vertex 56.7019 32.7019 7
      vertex 57.0215 32.4216 7
    endloop
  endfacet
  facet normal -0 0 1
    outer loop
      vertex 55.8607 35.8412 7
      vertex 57.7443 35.3365 7
      vertex 55.9974 36.2437 7
    endloop
  endfacet
  facet normal 0 0 1
    outer loop
      vertex 57.9686 34.2086 7
      vertex 56.4216 33.0215 7
      vertex 56.7019 32.7019 7
    endloop
  endfacet
  facet normal 0 0 1
    outer loop
      vertex 57.7443 35.3365 7
      vertex 55.8607 35.8412 7
      vertex 57.7111 35.1697 7
    endloop
  endfacet
  facet normal 0 0 1
    outer loop
      vertex 57.8742 34.35 7
      vertex 56.1854 33.375 7
      vertex 56.4216 33.0215 7
    endloop
  endfacet
  facet normal -0 0 1
    outer loop
      vertex 55.7778 35.4242 7
      vertex 57.7111 35.1697 7
      vertex 55.8607 35.8412 7
    endloop
  endfacet
  facet normal 0 0 1
    outer loop
      vertex 57.799 34.5025 7
      vertex 55.9974 33.7563 7
      vertex 56.1854 33.375 7
    endloop
  endfacet
  facet normal 0 0 1
    outer loop
      vertex 57.7111 35.1697 7
      vertex 55.7778 35.4242 7
      vertex 57.7 35 7
    endloop
  endfacet
  facet normal 0 0 1
    outer loop
      vertex 57.7443 34.6635 7
      vertex 55.8607 34.1588 7
      vertex 55.9974 33.7563 7
    endloop
  endfacet
  facet normal 0 0 1
    outer loop
      vertex 55.75 35 7
      vertex 57.7 35 7
      vertex 55.7778 35.4242 7
    endloop
  endfacet
  facet normal 0 0 1
    outer loop
      vertex 57.7111 34.8303 7
      vertex 55.7778 34.5758 7
      vertex 55.8607 34.1588 7
    endloop
  endfacet
  facet normal 0 0 1
    outer loop
      vertex 57.7 35 7
      vertex 55.75 35 7
      vertex 55.7778 34.5758 7
    endloop
  endfacet
  facet normal -0.65937 0.751818 0
    outer loop
      vertex 57.0215 6.0784 2
      vertex 56.7019 5.7981 7
      vertex 57.0215 6.0784 7
    endloop
  endfacet
  facet normal -0.65937 0.751818 0
    outer loop
      vertex 56.7019 5.7981 7
      vertex 57.0215 6.0784 2
      vertex 56.7019 5.7981 2
    endloop
  endfacet
  facet normal 0.980802 0.195008 0
    outer loop
      vertex 62.2222 3.92421 7
      vertex 62.1393 4.34116 2
      vertex 62.1393 4.34116 7
    endloop
  endfacet
  facet normal 0.980802 0.195008 0
    outer loop
      vertex 62.1393 4.34116 2
      vertex 62.2222 3.92421 7
      vertex 62.2222 3.92421 2
    endloop
  endfacet
  facet normal 0.99786 0.0653933 0
    outer loop
      vertex 62.25 3.5 7
      vertex 62.2222 3.92421 2
      vertex 62.2222 3.92421 7
    endloop
  endfacet
  facet normal 0.99786 0.0653933 0
    outer loop
      vertex 62.2222 3.92421 2
      vertex 62.25 3.5 7
      vertex 62.25 3.5 2
    endloop
  endfacet
  facet normal 0.946895 0.321543 0
    outer loop
      vertex 62.1393 4.34116 7
      vertex 62.0026 4.74372 2
      vertex 62.0026 4.74372 7
    endloop
  endfacet
  facet normal 0.946895 0.321543 0
    outer loop
      vertex 62.0026 4.74372 2
      vertex 62.1393 4.34116 7
      vertex 62.1393 4.34116 2
    endloop
  endfacet
  facet normal -0.751849 0.659335 0
    outer loop
      vertex 56.4216 5.47847 2
      vertex 56.7019 5.7981 7
      vertex 56.7019 5.7981 2
    endloop
  endfacet
  facet normal -0.751849 0.659335 0
    outer loop
      vertex 56.7019 5.7981 7
      vertex 56.4216 5.47847 2
      vertex 56.4216 5.47847 7
    endloop
  endfacet
  facet normal 0.321481 0.946916 -0
    outer loop
      vertex 60.2437 6.50261 2
      vertex 59.8412 6.63926 7
      vertex 60.2437 6.50261 7
    endloop
  endfacet
  facet normal 0.321481 0.946916 0
    outer loop
      vertex 59.8412 6.63926 7
      vertex 60.2437 6.50261 2
      vertex 59.8412 6.63926 2
    endloop
  endfacet
  facet normal -0.321481 0.946916 0
    outer loop
      vertex 58.1588 6.63926 2
      vertex 57.7563 6.50261 7
      vertex 58.1588 6.63926 7
    endloop
  endfacet
  facet normal -0.321481 0.946916 0
    outer loop
      vertex 57.7563 6.50261 7
      vertex 58.1588 6.63926 2
      vertex 57.7563 6.50261 2
    endloop
  endfacet
  facet normal 0.896897 0.442239 0
    outer loop
      vertex 62.0026 4.74372 7
      vertex 61.8146 5.125 2
      vertex 61.8146 5.125 7
    endloop
  endfacet
  facet normal 0.896897 0.442239 0
    outer loop
      vertex 61.8146 5.125 2
      vertex 62.0026 4.74372 7
      vertex 62.0026 4.74372 2
    endloop
  endfacet
  facet normal 0.831449 0.555601 0
    outer loop
      vertex 61.8146 5.125 7
      vertex 61.5784 5.47847 2
      vertex 61.5784 5.47847 7
    endloop
  endfacet
  facet normal 0.831449 0.555601 0
    outer loop
      vertex 61.5784 5.47847 2
      vertex 61.8146 5.125 7
      vertex 61.8146 5.125 2
    endloop
  endfacet
  facet normal 0.946895 -0.321543 0
    outer loop
      vertex 62.0026 2.25628 7
      vertex 62.1393 2.65884 2
      vertex 62.1393 2.65884 7
    endloop
  endfacet
  facet normal 0.946895 -0.321543 0
    outer loop
      vertex 62.1393 2.65884 2
      vertex 62.0026 2.25628 7
      vertex 62.0026 2.25628 2
    endloop
  endfacet
  facet normal 0.659369 -0.75182 0
    outer loop
      vertex 60.9785 0.921601 2
      vertex 61.2981 1.2019 7
      vertex 60.9785 0.921601 7
    endloop
  endfacet
  facet normal 0.659369 -0.75182 0
    outer loop
      vertex 61.2981 1.2019 7
      vertex 60.9785 0.921601 2
      vertex 61.2981 1.2019 2
    endloop
  endfacet
  facet normal -0.0653948 0.997859 0
    outer loop
      vertex 59 6.75 2
      vertex 58.5758 6.7222 7
      vertex 59 6.75 7
    endloop
  endfacet
  facet normal -0.0653948 0.997859 0
    outer loop
      vertex 58.5758 6.7222 7
      vertex 59 6.75 2
      vertex 58.5758 6.7222 2
    endloop
  endfacet
  facet normal -0.195071 -0.980789 0
    outer loop
      vertex 58.1588 0.360741 2
      vertex 58.5758 0.277803 7
      vertex 58.1588 0.360741 7
    endloop
  endfacet
  facet normal -0.195071 -0.980789 -0
    outer loop
      vertex 58.5758 0.277803 7
      vertex 58.1588 0.360741 2
      vertex 58.5758 0.277803 2
    endloop
  endfacet
  facet normal 0.0653948 0.997859 -0
    outer loop
      vertex 59.4242 6.7222 2
      vertex 59 6.75 7
      vertex 59.4242 6.7222 7
    endloop
  endfacet
  facet normal 0.0653948 0.997859 0
    outer loop
      vertex 59 6.75 7
      vertex 59.4242 6.7222 2
      vertex 59 6.75 2
    endloop
  endfacet
  facet normal 0.751849 0.659335 0
    outer loop
      vertex 61.5784 5.47847 7
      vertex 61.2981 5.7981 2
      vertex 61.2981 5.7981 7
    endloop
  endfacet
  facet normal 0.751849 0.659335 0
    outer loop
      vertex 61.2981 5.7981 2
      vertex 61.5784 5.47847 7
      vertex 61.5784 5.47847 2
    endloop
  endfacet
  facet normal -0.99786 0.0653933 0
    outer loop
      vertex 55.75 3.5 2
      vertex 55.7778 3.92421 7
      vertex 55.7778 3.92421 2
    endloop
  endfacet
  facet normal -0.99786 0.0653933 0
    outer loop
      vertex 55.7778 3.92421 7
      vertex 55.75 3.5 2
      vertex 55.75 3.5 7
    endloop
  endfacet
  facet normal -0.980802 0.195008 0
    outer loop
      vertex 55.7778 3.92421 2
      vertex 55.8607 4.34116 7
      vertex 55.8607 4.34116 2
    endloop
  endfacet
  facet normal -0.980802 0.195008 0
    outer loop
      vertex 55.8607 4.34116 7
      vertex 55.7778 3.92421 2
      vertex 55.7778 3.92421 7
    endloop
  endfacet
  facet normal -0.896897 -0.442239 0
    outer loop
      vertex 56.1854 1.875 2
      vertex 55.9974 2.25628 7
      vertex 55.9974 2.25628 2
    endloop
  endfacet
  facet normal -0.896897 -0.442239 0
    outer loop
      vertex 55.9974 2.25628 7
      vertex 56.1854 1.875 2
      vertex 56.1854 1.875 7
    endloop
  endfacet
  facet normal -0.946895 0.321543 0
    outer loop
      vertex 55.8607 4.34116 2
      vertex 55.9974 4.74372 7
      vertex 55.9974 4.74372 2
    endloop
  endfacet
  facet normal -0.946895 0.321543 0
    outer loop
      vertex 55.9974 4.74372 7
      vertex 55.8607 4.34116 2
      vertex 55.8607 4.34116 7
    endloop
  endfacet
  facet normal -0.195076 0.980788 0
    outer loop
      vertex 58.5758 6.7222 2
      vertex 58.1588 6.63926 7
      vertex 58.5758 6.7222 7
    endloop
  endfacet
  facet normal -0.195076 0.980788 0
    outer loop
      vertex 58.1588 6.63926 7
      vertex 58.5758 6.7222 2
      vertex 58.1588 6.63926 2
    endloop
  endfacet
  facet normal 0.442269 -0.896882 0
    outer loop
      vertex 60.2437 0.497391 2
      vertex 60.625 0.685417 7
      vertex 60.2437 0.497391 7
    endloop
  endfacet
  facet normal 0.442269 -0.896882 0
    outer loop
      vertex 60.625 0.685417 7
      vertex 60.2437 0.497391 2
      vertex 60.625 0.685417 2
    endloop
  endfacet
  facet normal 0.65937 0.751818 -0
    outer loop
      vertex 61.2981 5.7981 2
      vertex 60.9785 6.0784 7
      vertex 61.2981 5.7981 7
    endloop
  endfacet
  facet normal 0.65937 0.751818 0
    outer loop
      vertex 60.9785 6.0784 7
      vertex 61.2981 5.7981 2
      vertex 60.9785 6.0784 2
    endloop
  endfacet
  facet normal 0.321481 -0.946916 0
    outer loop
      vertex 59.8412 0.360741 2
      vertex 60.2437 0.497391 7
      vertex 59.8412 0.360741 7
    endloop
  endfacet
  facet normal 0.321481 -0.946916 0
    outer loop
      vertex 60.2437 0.497391 7
      vertex 59.8412 0.360741 2
      vertex 60.2437 0.497391 2
    endloop
  endfacet
  facet normal 0.831456 -0.55559 0
    outer loop
      vertex 61.5784 1.52152 7
      vertex 61.8146 1.875 2
      vertex 61.8146 1.875 7
    endloop
  endfacet
  facet normal 0.831456 -0.55559 0
    outer loop
      vertex 61.8146 1.875 2
      vertex 61.5784 1.52152 7
      vertex 61.5784 1.52152 2
    endloop
  endfacet
  facet normal -0.896897 0.442239 0
    outer loop
      vertex 55.9974 4.74372 2
      vertex 56.1854 5.125 7
      vertex 56.1854 5.125 2
    endloop
  endfacet
  facet normal -0.896897 0.442239 0
    outer loop
      vertex 56.1854 5.125 7
      vertex 55.9974 4.74372 2
      vertex 55.9974 4.74372 7
    endloop
  endfacet
  facet normal -0.555536 0.831493 0
    outer loop
      vertex 57.375 6.31458 2
      vertex 57.0215 6.0784 7
      vertex 57.375 6.31458 7
    endloop
  endfacet
  facet normal -0.555536 0.831493 0
    outer loop
      vertex 57.0215 6.0784 7
      vertex 57.375 6.31458 2
      vertex 57.0215 6.0784 2
    endloop
  endfacet
  facet normal -0.980802 -0.195008 0
    outer loop
      vertex 55.8607 2.65884 2
      vertex 55.7778 3.07579 7
      vertex 55.7778 3.07579 2
    endloop
  endfacet
  facet normal -0.980802 -0.195008 0
    outer loop
      vertex 55.7778 3.07579 7
      vertex 55.8607 2.65884 2
      vertex 55.8607 2.65884 7
    endloop
  endfacet
  facet normal 0.555536 0.831493 -0
    outer loop
      vertex 60.9785 6.0784 2
      vertex 60.625 6.31458 7
      vertex 60.9785 6.0784 7
    endloop
  endfacet
  facet normal 0.555536 0.831493 0
    outer loop
      vertex 60.625 6.31458 7
      vertex 60.9785 6.0784 2
      vertex 60.625 6.31458 2
    endloop
  endfacet
  facet normal -0.99786 -0.0653933 0
    outer loop
      vertex 55.7778 3.07579 2
      vertex 55.75 3.5 7
      vertex 55.75 3.5 2
    endloop
  endfacet
  facet normal -0.99786 -0.0653933 0
    outer loop
      vertex 55.75 3.5 7
      vertex 55.7778 3.07579 2
      vertex 55.7778 3.07579 7
    endloop
  endfacet
  facet normal -0.946895 -0.321543 0
    outer loop
      vertex 55.9974 2.25628 2
      vertex 55.8607 2.65884 7
      vertex 55.8607 2.65884 2
    endloop
  endfacet
  facet normal -0.946895 -0.321543 0
    outer loop
      vertex 55.8607 2.65884 7
      vertex 55.9974 2.25628 2
      vertex 55.9974 2.25628 7
    endloop
  endfacet
  facet normal -0.831449 0.555601 0
    outer loop
      vertex 56.1854 5.125 2
      vertex 56.4216 5.47847 7
      vertex 56.4216 5.47847 2
    endloop
  endfacet
  facet normal -0.831449 0.555601 0
    outer loop
      vertex 56.4216 5.47847 7
      vertex 56.1854 5.125 2
      vertex 56.1854 5.125 7
    endloop
  endfacet
  facet normal -0.442277 0.896879 0
    outer loop
      vertex 57.7563 6.50261 2
      vertex 57.375 6.31458 7
      vertex 57.7563 6.50261 7
    endloop
  endfacet
  facet normal -0.442277 0.896879 0
    outer loop
      vertex 57.375 6.31458 7
      vertex 57.7563 6.50261 2
      vertex 57.375 6.31458 2
    endloop
  endfacet
  facet normal 0.195071 -0.980789 0
    outer loop
      vertex 59.4242 0.277803 2
      vertex 59.8412 0.360741 7
      vertex 59.4242 0.277803 7
    endloop
  endfacet
  facet normal 0.195071 -0.980789 0
    outer loop
      vertex 59.8412 0.360741 7
      vertex 59.4242 0.277803 2
      vertex 59.8412 0.360741 2
    endloop
  endfacet
  facet normal 0.751839 -0.659347 0
    outer loop
      vertex 61.2981 1.2019 7
      vertex 61.5784 1.52152 2
      vertex 61.5784 1.52152 7
    endloop
  endfacet
  facet normal 0.751839 -0.659347 0
    outer loop
      vertex 61.5784 1.52152 2
      vertex 61.2981 1.2019 7
      vertex 61.2981 1.2019 2
    endloop
  endfacet
  facet normal -0.831456 -0.55559 0
    outer loop
      vertex 56.4216 1.52152 2
      vertex 56.1854 1.875 7
      vertex 56.1854 1.875 2
    endloop
  endfacet
  facet normal -0.831456 -0.55559 0
    outer loop
      vertex 56.1854 1.875 7
      vertex 56.4216 1.52152 2
      vertex 56.4216 1.52152 7
    endloop
  endfacet
  facet normal -0.442269 -0.896882 0
    outer loop
      vertex 57.375 0.685417 2
      vertex 57.7563 0.497391 7
      vertex 57.375 0.685417 7
    endloop
  endfacet
  facet normal -0.442269 -0.896882 -0
    outer loop
      vertex 57.7563 0.497391 7
      vertex 57.375 0.685417 2
      vertex 57.7563 0.497391 2
    endloop
  endfacet
  facet normal 0.980802 -0.195008 0
    outer loop
      vertex 62.1393 2.65884 7
      vertex 62.2222 3.07579 2
      vertex 62.2222 3.07579 7
    endloop
  endfacet
  facet normal 0.980802 -0.195008 0
    outer loop
      vertex 62.2222 3.07579 2
      vertex 62.1393 2.65884 7
      vertex 62.1393 2.65884 2
    endloop
  endfacet
  facet normal -0.659369 -0.75182 0
    outer loop
      vertex 56.7019 1.2019 2
      vertex 57.0215 0.921601 7
      vertex 56.7019 1.2019 7
    endloop
  endfacet
  facet normal -0.659369 -0.75182 -0
    outer loop
      vertex 57.0215 0.921601 7
      vertex 56.7019 1.2019 2
      vertex 57.0215 0.921601 2
    endloop
  endfacet
  facet normal 0.896897 -0.442239 0
    outer loop
      vertex 61.8146 1.875 7
      vertex 62.0026 2.25628 2
      vertex 62.0026 2.25628 7
    endloop
  endfacet
  facet normal 0.896897 -0.442239 0
    outer loop
      vertex 62.0026 2.25628 2
      vertex 61.8146 1.875 7
      vertex 61.8146 1.875 2
    endloop
  endfacet
  facet normal 0.555542 -0.831488 0
    outer loop
      vertex 60.625 0.685417 2
      vertex 60.9785 0.921601 7
      vertex 60.625 0.685417 7
    endloop
  endfacet
  facet normal 0.555542 -0.831488 0
    outer loop
      vertex 60.9785 0.921601 7
      vertex 60.625 0.685417 2
      vertex 60.9785 0.921601 2
    endloop
  endfacet
  facet normal 0.442277 0.896879 -0
    outer loop
      vertex 60.625 6.31458 2
      vertex 60.2437 6.50261 7
      vertex 60.625 6.31458 7
    endloop
  endfacet
  facet normal 0.442277 0.896879 0
    outer loop
      vertex 60.2437 6.50261 7
      vertex 60.625 6.31458 2
      vertex 60.2437 6.50261 2
    endloop
  endfacet
  facet normal -0.751839 -0.659347 0
    outer loop
      vertex 56.7019 1.2019 2
      vertex 56.4216 1.52152 7
      vertex 56.4216 1.52152 2
    endloop
  endfacet
  facet normal -0.751839 -0.659347 0
    outer loop
      vertex 56.4216 1.52152 7
      vertex 56.7019 1.2019 2
      vertex 56.7019 1.2019 7
    endloop
  endfacet
  facet normal 0.99786 -0.0653933 0
    outer loop
      vertex 62.2222 3.07579 7
      vertex 62.25 3.5 2
      vertex 62.25 3.5 7
    endloop
  endfacet
  facet normal 0.99786 -0.0653933 0
    outer loop
      vertex 62.25 3.5 2
      vertex 62.2222 3.07579 7
      vertex 62.2222 3.07579 2
    endloop
  endfacet
  facet normal 0.0654019 -0.997859 0
    outer loop
      vertex 59 0.25 2
      vertex 59.4242 0.277803 7
      vertex 59 0.25 7
    endloop
  endfacet
  facet normal 0.0654019 -0.997859 0
    outer loop
      vertex 59.4242 0.277803 7
      vertex 59 0.25 2
      vertex 59.4242 0.277803 2
    endloop
  endfacet
  facet normal -0.0654019 -0.997859 0
    outer loop
      vertex 58.5758 0.277803 2
      vertex 59 0.25 7
      vertex 58.5758 0.277803 7
    endloop
  endfacet
  facet normal -0.0654019 -0.997859 -0
    outer loop
      vertex 59 0.25 7
      vertex 58.5758 0.277803 2
      vertex 59 0.25 2
    endloop
  endfacet
  facet normal -0.321481 -0.946916 0
    outer loop
      vertex 57.7563 0.497391 2
      vertex 58.1588 0.360741 7
      vertex 57.7563 0.497391 7
    endloop
  endfacet
  facet normal -0.321481 -0.946916 -0
    outer loop
      vertex 58.1588 0.360741 7
      vertex 57.7563 0.497391 2
      vertex 58.1588 0.360741 2
    endloop
  endfacet
  facet normal 0.195076 0.980788 -0
    outer loop
      vertex 59.8412 6.63926 2
      vertex 59.4242 6.7222 7
      vertex 59.8412 6.63926 7
    endloop
  endfacet
  facet normal 0.195076 0.980788 0
    outer loop
      vertex 59.4242 6.7222 7
      vertex 59.8412 6.63926 2
      vertex 59.4242 6.7222 2
    endloop
  endfacet
  facet normal -0.555542 -0.831488 0
    outer loop
      vertex 57.0215 0.921601 2
      vertex 57.375 0.685417 7
      vertex 57.0215 0.921601 7
    endloop
  endfacet
  facet normal -0.555542 -0.831488 -0
    outer loop
      vertex 57.375 0.685417 7
      vertex 57.0215 0.921601 2
      vertex 57.375 0.685417 2
    endloop
  endfacet
  facet normal 0 0 1
    outer loop
      vertex 60.3 3.5 7
      vertex 62.25 3.5 7
      vertex 62.2222 3.92421 7
    endloop
  endfacet
  facet normal 0 0 1
    outer loop
      vertex 60.2889 3.66968 7
      vertex 62.2222 3.92421 7
      vertex 62.1393 4.34116 7
    endloop
  endfacet
  facet normal 0 0 1
    outer loop
      vertex 62.25 3.5 7
      vertex 60.3 3.5 7
      vertex 62.2222 3.07579 7
    endloop
  endfacet
  facet normal 0 0 1
    outer loop
      vertex 60.2557 3.83646 7
      vertex 62.1393 4.34116 7
      vertex 62.0026 4.74372 7
    endloop
  endfacet
  facet normal -0 0 1
    outer loop
      vertex 60.2889 3.33032 7
      vertex 62.2222 3.07579 7
      vertex 60.3 3.5 7
    endloop
  endfacet
  facet normal 0 0 1
    outer loop
      vertex 60.201 3.99749 7
      vertex 62.0026 4.74372 7
      vertex 61.8146 5.125 7
    endloop
  endfacet
  facet normal 0 0 1
    outer loop
      vertex 62.2222 3.07579 7
      vertex 60.2889 3.33032 7
      vertex 62.1393 2.65884 7
    endloop
  endfacet
  facet normal 0 0 1
    outer loop
      vertex 60.1258 4.15 7
      vertex 61.8146 5.125 7
      vertex 61.5784 5.47847 7
    endloop
  endfacet
  facet normal -0 0 1
    outer loop
      vertex 60.2557 3.16354 7
      vertex 62.1393 2.65884 7
      vertex 60.2889 3.33032 7
    endloop
  endfacet
  facet normal 0 0 1
    outer loop
      vertex 60.0314 4.29139 7
      vertex 61.5784 5.47847 7
      vertex 61.2981 5.7981 7
    endloop
  endfacet
  facet normal 0 0 1
    outer loop
      vertex 62.1393 2.65884 7
      vertex 60.2557 3.16354 7
      vertex 62.0026 2.25628 7
    endloop
  endfacet
  facet normal 0 0 1
    outer loop
      vertex 59.9192 4.41924 7
      vertex 61.2981 5.7981 7
      vertex 60.9785 6.0784 7
    endloop
  endfacet
  facet normal -0 0 1
    outer loop
      vertex 60.201 3.00251 7
      vertex 62.0026 2.25628 7
      vertex 60.2557 3.16354 7
    endloop
  endfacet
  facet normal 0 0 1
    outer loop
      vertex 59.7914 4.53136 7
      vertex 60.9785 6.0784 7
      vertex 60.625 6.31458 7
    endloop
  endfacet
  facet normal 0 0 1
    outer loop
      vertex 62.0026 2.25628 7
      vertex 60.201 3.00251 7
      vertex 61.8146 1.875 7
    endloop
  endfacet
  facet normal -0 0 1
    outer loop
      vertex 60.1258 2.85 7
      vertex 61.8146 1.875 7
      vertex 60.201 3.00251 7
    endloop
  endfacet
  facet normal 0 0 1
    outer loop
      vertex 62.2222 3.92421 7
      vertex 60.2889 3.66968 7
      vertex 60.3 3.5 7
    endloop
  endfacet
  facet normal 0 0 1
    outer loop
      vertex 62.1393 4.34116 7
      vertex 60.2557 3.83646 7
      vertex 60.2889 3.66968 7
    endloop
  endfacet
  facet normal 0 0 1
    outer loop
      vertex 59.65 4.62583 7
      vertex 60.625 6.31458 7
      vertex 60.2437 6.50261 7
    endloop
  endfacet
  facet normal 0 0 1
    outer loop
      vertex 62.0026 4.74372 7
      vertex 60.201 3.99749 7
      vertex 60.2557 3.83646 7
    endloop
  endfacet
  facet normal 0 0 1
    outer loop
      vertex 61.8146 5.125 7
      vertex 60.1258 4.15 7
      vertex 60.201 3.99749 7
    endloop
  endfacet
  facet normal 0 0 1
    outer loop
      vertex 61.5784 5.47847 7
      vertex 60.0314 4.29139 7
      vertex 60.1258 4.15 7
    endloop
  endfacet
  facet normal 0 0 1
    outer loop
      vertex 61.2981 5.7981 7
      vertex 59.9192 4.41924 7
      vertex 60.0314 4.29139 7
    endloop
  endfacet
  facet normal 0 0 1
    outer loop
      vertex 59.4975 4.70104 7
      vertex 60.2437 6.50261 7
      vertex 59.8412 6.63926 7
    endloop
  endfacet
  facet normal 0 0 1
    outer loop
      vertex 60.9785 6.0784 7
      vertex 59.7914 4.53136 7
      vertex 59.9192 4.41924 7
    endloop
  endfacet
  facet normal 0 0 1
    outer loop
      vertex 60.625 6.31458 7
      vertex 59.65 4.62583 7
      vertex 59.7914 4.53136 7
    endloop
  endfacet
  facet normal 0 0 1
    outer loop
      vertex 60.2437 6.50261 7
      vertex 59.4975 4.70104 7
      vertex 59.65 4.62583 7
    endloop
  endfacet
  facet normal 0 0 1
    outer loop
      vertex 59.3365 4.7557 7
      vertex 59.8412 6.63926 7
      vertex 59.4242 6.7222 7
    endloop
  endfacet
  facet normal 0 0 1
    outer loop
      vertex 59.8412 6.63926 7
      vertex 59.3365 4.7557 7
      vertex 59.4975 4.70104 7
    endloop
  endfacet
  facet normal 0 0 1
    outer loop
      vertex 59.4242 6.7222 7
      vertex 59.1697 4.78888 7
      vertex 59.3365 4.7557 7
    endloop
  endfacet
  facet normal 0 0 1
    outer loop
      vertex 59 6.75 7
      vertex 59.1697 4.78888 7
      vertex 59.4242 6.7222 7
    endloop
  endfacet
  facet normal 0 0 1
    outer loop
      vertex 59 6.75 7
      vertex 59 4.8 7
      vertex 59.1697 4.78888 7
    endloop
  endfacet
  facet normal 0 0 1
    outer loop
      vertex 59 6.75 7
      vertex 58.8303 4.78888 7
      vertex 59 4.8 7
    endloop
  endfacet
  facet normal -0 0 1
    outer loop
      vertex 58.5758 6.7222 7
      vertex 58.8303 4.78888 7
      vertex 59 6.75 7
    endloop
  endfacet
  facet normal 0 0 1
    outer loop
      vertex 58.8303 4.78888 7
      vertex 58.5758 6.7222 7
      vertex 58.6635 4.7557 7
    endloop
  endfacet
  facet normal -0 0 1
    outer loop
      vertex 58.1588 6.63926 7
      vertex 58.6635 4.7557 7
      vertex 58.5758 6.7222 7
    endloop
  endfacet
  facet normal 0 0 1
    outer loop
      vertex 58.6635 4.7557 7
      vertex 58.1588 6.63926 7
      vertex 58.5025 4.70104 7
    endloop
  endfacet
  facet normal -0 0 1
    outer loop
      vertex 57.7563 6.50261 7
      vertex 58.5025 4.70104 7
      vertex 58.1588 6.63926 7
    endloop
  endfacet
  facet normal 0 0 1
    outer loop
      vertex 58.5025 4.70104 7
      vertex 57.7563 6.50261 7
      vertex 58.35 4.62583 7
    endloop
  endfacet
  facet normal -0 0 1
    outer loop
      vertex 57.375 6.31458 7
      vertex 58.35 4.62583 7
      vertex 57.7563 6.50261 7
    endloop
  endfacet
  facet normal 0 0 1
    outer loop
      vertex 58.35 4.62583 7
      vertex 57.375 6.31458 7
      vertex 58.2086 4.53136 7
    endloop
  endfacet
  facet normal -0 0 1
    outer loop
      vertex 57.0215 6.0784 7
      vertex 58.2086 4.53136 7
      vertex 57.375 6.31458 7
    endloop
  endfacet
  facet normal 0 0 1
    outer loop
      vertex 58.2086 4.53136 7
      vertex 57.0215 6.0784 7
      vertex 58.0808 4.41924 7
    endloop
  endfacet
  facet normal -0 0 1
    outer loop
      vertex 56.7019 5.7981 7
      vertex 58.0808 4.41924 7
      vertex 57.0215 6.0784 7
    endloop
  endfacet
  facet normal 0 0 1
    outer loop
      vertex 58.0808 4.41924 7
      vertex 56.7019 5.7981 7
      vertex 57.9686 4.29139 7
    endloop
  endfacet
  facet normal -0 0 1
    outer loop
      vertex 56.4216 5.47847 7
      vertex 57.9686 4.29139 7
      vertex 56.7019 5.7981 7
    endloop
  endfacet
  facet normal 0 0 1
    outer loop
      vertex 57.9686 4.29139 7
      vertex 56.4216 5.47847 7
      vertex 57.8742 4.15 7
    endloop
  endfacet
  facet normal -0 0 1
    outer loop
      vertex 56.1854 5.125 7
      vertex 57.8742 4.15 7
      vertex 56.4216 5.47847 7
    endloop
  endfacet
  facet normal 0 0 1
    outer loop
      vertex 61.8146 1.875 7
      vertex 60.1258 2.85 7
      vertex 61.5784 1.52152 7
    endloop
  endfacet
  facet normal -0 0 1
    outer loop
      vertex 60.0314 2.70861 7
      vertex 61.5784 1.52152 7
      vertex 60.1258 2.85 7
    endloop
  endfacet
  facet normal 0 0 1
    outer loop
      vertex 61.5784 1.52152 7
      vertex 60.0314 2.70861 7
      vertex 61.2981 1.2019 7
    endloop
  endfacet
  facet normal -0 0 1
    outer loop
      vertex 59.9192 2.58076 7
      vertex 61.2981 1.2019 7
      vertex 60.0314 2.70861 7
    endloop
  endfacet
  facet normal 0 0 1
    outer loop
      vertex 61.2981 1.2019 7
      vertex 59.9192 2.58076 7
      vertex 60.9785 0.921601 7
    endloop
  endfacet
  facet normal -0 0 1
    outer loop
      vertex 59.7914 2.46864 7
      vertex 60.9785 0.921601 7
      vertex 59.9192 2.58076 7
    endloop
  endfacet
  facet normal 0 0 1
    outer loop
      vertex 60.9785 0.921601 7
      vertex 59.7914 2.46864 7
      vertex 60.625 0.685417 7
    endloop
  endfacet
  facet normal -0 0 1
    outer loop
      vertex 59.65 2.37417 7
      vertex 60.625 0.685417 7
      vertex 59.7914 2.46864 7
    endloop
  endfacet
  facet normal 0 0 1
    outer loop
      vertex 60.625 0.685417 7
      vertex 59.65 2.37417 7
      vertex 60.2437 0.497391 7
    endloop
  endfacet
  facet normal -0 0 1
    outer loop
      vertex 59.4975 2.29896 7
      vertex 60.2437 0.497391 7
      vertex 59.65 2.37417 7
    endloop
  endfacet
  facet normal 0 0 1
    outer loop
      vertex 60.2437 0.497391 7
      vertex 59.4975 2.29896 7
      vertex 59.8412 0.360741 7
    endloop
  endfacet
  facet normal -0 0 1
    outer loop
      vertex 59.3365 2.2443 7
      vertex 59.8412 0.360741 7
      vertex 59.4975 2.29896 7
    endloop
  endfacet
  facet normal 0 0 1
    outer loop
      vertex 59.8412 0.360741 7
      vertex 59.3365 2.2443 7
      vertex 59.4242 0.277803 7
    endloop
  endfacet
  facet normal -0 0 1
    outer loop
      vertex 59.1697 2.21112 7
      vertex 59.4242 0.277803 7
      vertex 59.3365 2.2443 7
    endloop
  endfacet
  facet normal -0 0 1
    outer loop
      vertex 59 2.2 7
      vertex 59.4242 0.277803 7
      vertex 59.1697 2.21112 7
    endloop
  endfacet
  facet normal 0 0 1
    outer loop
      vertex 59 2.2 7
      vertex 59 0.25 7
      vertex 59.4242 0.277803 7
    endloop
  endfacet
  facet normal 0 0 1
    outer loop
      vertex 58.8303 2.21112 7
      vertex 59 0.25 7
      vertex 59 2.2 7
    endloop
  endfacet
  facet normal 0 0 1
    outer loop
      vertex 58.5758 0.277803 7
      vertex 58.8303 2.21112 7
      vertex 58.6635 2.2443 7
    endloop
  endfacet
  facet normal 0 0 1
    outer loop
      vertex 58.8303 2.21112 7
      vertex 58.5758 0.277803 7
      vertex 59 0.25 7
    endloop
  endfacet
  facet normal 0 0 1
    outer loop
      vertex 58.1588 0.360741 7
      vertex 58.6635 2.2443 7
      vertex 58.5025 2.29896 7
    endloop
  endfacet
  facet normal 0 0 1
    outer loop
      vertex 57.7563 0.497391 7
      vertex 58.5025 2.29896 7
      vertex 58.35 2.37417 7
    endloop
  endfacet
  facet normal 0 0 1
    outer loop
      vertex 57.375 0.685417 7
      vertex 58.35 2.37417 7
      vertex 58.2086 2.46864 7
    endloop
  endfacet
  facet normal 0 0 1
    outer loop
      vertex 58.6635 2.2443 7
      vertex 58.1588 0.360741 7
      vertex 58.5758 0.277803 7
    endloop
  endfacet
  facet normal 0 0 1
    outer loop
      vertex 57.0215 0.921601 7
      vertex 58.2086 2.46864 7
      vertex 58.0808 2.58076 7
    endloop
  endfacet
  facet normal 0 0 1
    outer loop
      vertex 56.7019 1.2019 7
      vertex 58.0808 2.58076 7
      vertex 57.9686 2.70861 7
    endloop
  endfacet
  facet normal 0 0 1
    outer loop
      vertex 56.4216 1.52152 7
      vertex 57.9686 2.70861 7
      vertex 57.8742 2.85 7
    endloop
  endfacet
  facet normal 0 0 1
    outer loop
      vertex 56.1854 1.875 7
      vertex 57.8742 2.85 7
      vertex 57.799 3.00251 7
    endloop
  endfacet
  facet normal 0 0 1
    outer loop
      vertex 58.5025 2.29896 7
      vertex 57.7563 0.497391 7
      vertex 58.1588 0.360741 7
    endloop
  endfacet
  facet normal 0 0 1
    outer loop
      vertex 55.9974 2.25628 7
      vertex 57.799 3.00251 7
      vertex 57.7443 3.16354 7
    endloop
  endfacet
  facet normal 0 0 1
    outer loop
      vertex 55.8607 2.65884 7
      vertex 57.7443 3.16354 7
      vertex 57.7111 3.33032 7
    endloop
  endfacet
  facet normal 0 0 1
    outer loop
      vertex 55.7778 3.07579 7
      vertex 57.7111 3.33032 7
      vertex 57.7 3.5 7
    endloop
  endfacet
  facet normal 0 0 1
    outer loop
      vertex 57.8742 4.15 7
      vertex 56.1854 5.125 7
      vertex 57.799 3.99749 7
    endloop
  endfacet
  facet normal 0 0 1
    outer loop
      vertex 58.35 2.37417 7
      vertex 57.375 0.685417 7
      vertex 57.7563 0.497391 7
    endloop
  endfacet
  facet normal -0 0 1
    outer loop
      vertex 55.9974 4.74372 7
      vertex 57.799 3.99749 7
      vertex 56.1854 5.125 7
    endloop
  endfacet
  facet normal 0 0 1
    outer loop
      vertex 58.2086 2.46864 7
      vertex 57.0215 0.921601 7
      vertex 57.375 0.685417 7
    endloop
  endfacet
  facet normal 0 0 1
    outer loop
      vertex 57.799 3.99749 7
      vertex 55.9974 4.74372 7
      vertex 57.7443 3.83646 7
    endloop
  endfacet
  facet normal 0 0 1
    outer loop
      vertex 58.0808 2.58076 7
      vertex 56.7019 1.2019 7
      vertex 57.0215 0.921601 7
    endloop
  endfacet
  facet normal -0 0 1
    outer loop
      vertex 55.8607 4.34116 7
      vertex 57.7443 3.83646 7
      vertex 55.9974 4.74372 7
    endloop
  endfacet
  facet normal 0 0 1
    outer loop
      vertex 57.9686 2.70861 7
      vertex 56.4216 1.52152 7
      vertex 56.7019 1.2019 7
    endloop
  endfacet
  facet normal 0 0 1
    outer loop
      vertex 57.7443 3.83646 7
      vertex 55.8607 4.34116 7
      vertex 57.7111 3.66968 7
    endloop
  endfacet
  facet normal 0 0 1
    outer loop
      vertex 57.8742 2.85 7
      vertex 56.1854 1.875 7
      vertex 56.4216 1.52152 7
    endloop
  endfacet
  facet normal -0 0 1
    outer loop
      vertex 55.7778 3.92421 7
      vertex 57.7111 3.66968 7
      vertex 55.8607 4.34116 7
    endloop
  endfacet
  facet normal 0 0 1
    outer loop
      vertex 57.799 3.00251 7
      vertex 55.9974 2.25628 7
      vertex 56.1854 1.875 7
    endloop
  endfacet
  facet normal 0 0 1
    outer loop
      vertex 57.7111 3.66968 7
      vertex 55.7778 3.92421 7
      vertex 57.7 3.5 7
    endloop
  endfacet
  facet normal 0 0 1
    outer loop
      vertex 57.7443 3.16354 7
      vertex 55.8607 2.65884 7
      vertex 55.9974 2.25628 7
    endloop
  endfacet
  facet normal 0 0 1
    outer loop
      vertex 55.75 3.5 7
      vertex 57.7 3.5 7
      vertex 55.7778 3.92421 7
    endloop
  endfacet
  facet normal 0 0 1
    outer loop
      vertex 57.7111 3.33032 7
      vertex 55.7778 3.07579 7
      vertex 55.8607 2.65884 7
    endloop
  endfacet
  facet normal 0 0 1
    outer loop
      vertex 57.7 3.5 7
      vertex 55.75 3.5 7
      vertex 55.7778 3.07579 7
    endloop
  endfacet
  facet normal 0.980784 0.195098 0
    outer loop
      vertex 7.2222 3.82421 7
      vertex 7.13926 4.24116 2
      vertex 7.13926 4.24116 7
    endloop
  endfacet
  facet normal 0.980784 0.195098 0
    outer loop
      vertex 7.13926 4.24116 2
      vertex 7.2222 3.82421 7
      vertex 7.2222 3.82421 2
    endloop
  endfacet
  facet normal 0.99786 0.0653933 0
    outer loop
      vertex 7.25 3.4 7
      vertex 7.2222 3.82421 2
      vertex 7.2222 3.82421 7
    endloop
  endfacet
  facet normal 0.99786 0.0653933 0
    outer loop
      vertex 7.2222 3.82421 2
      vertex 7.25 3.4 7
      vertex 7.25 3.4 2
    endloop
  endfacet
  facet normal 0.946931 0.321438 0
    outer loop
      vertex 7.13926 4.24116 7
      vertex 7.00261 4.64372 2
      vertex 7.00261 4.64372 7
    endloop
  endfacet
  facet normal 0.946931 0.321438 0
    outer loop
      vertex 7.00261 4.64372 2
      vertex 7.13926 4.24116 7
      vertex 7.13926 4.24116 2
    endloop
  endfacet
  facet normal 0.659335 0.751849 -0
    outer loop
      vertex 6.2981 5.6981 2
      vertex 5.97847 5.9784 7
      vertex 6.2981 5.6981 7
    endloop
  endfacet
  facet normal 0.659335 0.751849 0
    outer loop
      vertex 5.97847 5.9784 7
      vertex 6.2981 5.6981 2
      vertex 5.97847 5.9784 2
    endloop
  endfacet
  facet normal -0.89687 -0.442293 0
    outer loop
      vertex 1.18542 1.775 2
      vertex 0.997391 2.15628 7
      vertex 0.997391 2.15628 2
    endloop
  endfacet
  facet normal -0.89687 -0.442293 0
    outer loop
      vertex 0.997391 2.15628 7
      vertex 1.18542 1.775 2
      vertex 1.18542 1.775 7
    endloop
  endfacet
  facet normal 0.980784 -0.195098 0
    outer loop
      vertex 7.13926 2.55884 7
      vertex 7.2222 2.97579 2
      vertex 7.2222 2.97579 7
    endloop
  endfacet
  facet normal 0.980784 -0.195098 0
    outer loop
      vertex 7.2222 2.97579 2
      vertex 7.13926 2.55884 7
      vertex 7.13926 2.55884 2
    endloop
  endfacet
  facet normal -0.442295 0.896869 0
    outer loop
      vertex 2.75628 6.40261 2
      vertex 2.375 6.21458 7
      vertex 2.75628 6.40261 7
    endloop
  endfacet
  facet normal -0.442295 0.896869 0
    outer loop
      vertex 2.375 6.21458 7
      vertex 2.75628 6.40261 2
      vertex 2.375 6.21458 2
    endloop
  endfacet
  facet normal 0.32144 -0.94693 0
    outer loop
      vertex 4.84116 0.26074 2
      vertex 5.24372 0.397391 7
      vertex 4.84116 0.26074 7
    endloop
  endfacet
  facet normal 0.32144 -0.94693 0
    outer loop
      vertex 5.24372 0.397391 7
      vertex 4.84116 0.26074 2
      vertex 5.24372 0.397391 2
    endloop
  endfacet
  facet normal 0.831471 0.555568 0
    outer loop
      vertex 6.81458 5.025 7
      vertex 6.5784 5.37847 2
      vertex 6.5784 5.37847 7
    endloop
  endfacet
  facet normal 0.831471 0.555568 0
    outer loop
      vertex 6.5784 5.37847 2
      vertex 6.81458 5.025 7
      vertex 6.81458 5.025 2
    endloop
  endfacet
  facet normal 0.896869 0.442295 0
    outer loop
      vertex 7.00261 4.64372 7
      vertex 6.81458 5.025 2
      vertex 6.81458 5.025 7
    endloop
  endfacet
  facet normal 0.896869 0.442295 0
    outer loop
      vertex 6.81458 5.025 2
      vertex 7.00261 4.64372 7
      vertex 7.00261 4.64372 2
    endloop
  endfacet
  facet normal 0.321438 0.946931 -0
    outer loop
      vertex 5.24372 6.40261 2
      vertex 4.84116 6.53926 7
      vertex 5.24372 6.40261 7
    endloop
  endfacet
  facet normal 0.321438 0.946931 0
    outer loop
      vertex 4.84116 6.53926 7
      vertex 5.24372 6.40261 2
      vertex 4.84116 6.53926 2
    endloop
  endfacet
  facet normal 0.831471 -0.555568 0
    outer loop
      vertex 6.5784 1.42153 7
      vertex 6.81458 1.775 2
      vertex 6.81458 1.775 7
    endloop
  endfacet
  facet normal 0.831471 -0.555568 0
    outer loop
      vertex 6.81458 1.775 2
      vertex 6.5784 1.42153 7
      vertex 6.5784 1.42153 2
    endloop
  endfacet
  facet normal -0.831471 0.555568 0
    outer loop
      vertex 1.18542 5.025 2
      vertex 1.4216 5.37847 7
      vertex 1.4216 5.37847 2
    endloop
  endfacet
  facet normal -0.831471 0.555568 0
    outer loop
      vertex 1.4216 5.37847 7
      vertex 1.18542 5.025 2
      vertex 1.18542 5.025 7
    endloop
  endfacet
  facet normal 0.896869 -0.442295 0
    outer loop
      vertex 6.81458 1.775 7
      vertex 7.00261 2.15628 2
      vertex 7.00261 2.15628 7
    endloop
  endfacet
  facet normal 0.896869 -0.442295 0
    outer loop
      vertex 7.00261 2.15628 2
      vertex 6.81458 1.775 7
      vertex 6.81458 1.775 2
    endloop
  endfacet
  facet normal 0.751849 0.659335 0
    outer loop
      vertex 6.5784 5.37847 7
      vertex 6.2981 5.6981 2
      vertex 6.2981 5.6981 7
    endloop
  endfacet
  facet normal 0.751849 0.659335 0
    outer loop
      vertex 6.2981 5.6981 2
      vertex 6.5784 5.37847 7
      vertex 6.5784 5.37847 2
    endloop
  endfacet
  facet normal -0.659347 0.751839 0
    outer loop
      vertex 2.02152 5.9784 2
      vertex 1.7019 5.6981 7
      vertex 2.02152 5.9784 7
    endloop
  endfacet
  facet normal -0.659347 0.751839 0
    outer loop
      vertex 1.7019 5.6981 7
      vertex 2.02152 5.9784 2
      vertex 1.7019 5.6981 2
    endloop
  endfacet
  facet normal 0.555575 -0.831466 0
    outer loop
      vertex 5.625 0.585417 2
      vertex 5.97847 0.821601 7
      vertex 5.625 0.585417 7
    endloop
  endfacet
  facet normal 0.555575 -0.831466 0
    outer loop
      vertex 5.97847 0.821601 7
      vertex 5.625 0.585417 2
      vertex 5.97847 0.821601 2
    endloop
  endfacet
  facet normal 0.946931 -0.321438 0
    outer loop
      vertex 7.00261 2.15628 7
      vertex 7.13926 2.55884 2
      vertex 7.13926 2.55884 7
    endloop
  endfacet
  facet normal 0.946931 -0.321438 0
    outer loop
      vertex 7.13926 2.55884 2
      vertex 7.00261 2.15628 7
      vertex 7.00261 2.15628 2
    endloop
  endfacet
  facet normal 0.195089 -0.980786 0
    outer loop
      vertex 4.42421 0.177804 2
      vertex 4.84116 0.26074 7
      vertex 4.42421 0.177804 7
    endloop
  endfacet
  facet normal 0.195089 -0.980786 0
    outer loop
      vertex 4.84116 0.26074 7
      vertex 4.42421 0.177804 2
      vertex 4.84116 0.26074 2
    endloop
  endfacet
  facet normal 0.555568 0.831471 -0
    outer loop
      vertex 5.97847 5.9784 2
      vertex 5.625 6.21458 7
      vertex 5.97847 5.9784 7
    endloop
  endfacet
  facet normal 0.555568 0.831471 0
    outer loop
      vertex 5.625 6.21458 7
      vertex 5.97847 5.9784 2
      vertex 5.625 6.21458 2
    endloop
  endfacet
  facet normal -0.0653933 0.99786 0
    outer loop
      vertex 4 6.65 2
      vertex 3.57579 6.6222 7
      vertex 4 6.65 7
    endloop
  endfacet
  facet normal -0.0653933 0.99786 0
    outer loop
      vertex 3.57579 6.6222 7
      vertex 4 6.65 2
      vertex 3.57579 6.6222 2
    endloop
  endfacet
  facet normal -0.442288 -0.896873 0
    outer loop
      vertex 2.375 0.585417 2
      vertex 2.75628 0.397391 7
      vertex 2.375 0.585417 7
    endloop
  endfacet
  facet normal -0.442288 -0.896873 -0
    outer loop
      vertex 2.75628 0.397391 7
      vertex 2.375 0.585417 2
      vertex 2.75628 0.397391 2
    endloop
  endfacet
  facet normal -0.997859 0.0654003 0
    outer loop
      vertex 0.75 3.4 2
      vertex 0.777803 3.82421 7
      vertex 0.777803 3.82421 2
    endloop
  endfacet
  facet normal -0.997859 0.0654003 0
    outer loop
      vertex 0.777803 3.82421 7
      vertex 0.75 3.4 2
      vertex 0.75 3.4 7
    endloop
  endfacet
  facet normal -0.0654027 -0.997859 0
    outer loop
      vertex 3.57579 0.177804 2
      vertex 4 0.15 7
      vertex 3.57579 0.177804 7
    endloop
  endfacet
  facet normal -0.0654027 -0.997859 -0
    outer loop
      vertex 4 0.15 7
      vertex 3.57579 0.177804 2
      vertex 4 0.15 2
    endloop
  endfacet
  facet normal 0.659334 -0.75185 0
    outer loop
      vertex 5.97847 0.821601 2
      vertex 6.2981 1.1019 7
      vertex 5.97847 0.821601 7
    endloop
  endfacet
  facet normal 0.659334 -0.75185 0
    outer loop
      vertex 6.2981 1.1019 7
      vertex 5.97847 0.821601 2
      vertex 6.2981 1.1019 2
    endloop
  endfacet
  facet normal -0.980785 0.195094 0
    outer loop
      vertex 0.777803 3.82421 2
      vertex 0.860741 4.24116 7
      vertex 0.860741 4.24116 2
    endloop
  endfacet
  facet normal -0.980785 0.195094 0
    outer loop
      vertex 0.860741 4.24116 7
      vertex 0.777803 3.82421 2
      vertex 0.777803 3.82421 7
    endloop
  endfacet
  facet normal -0.555558 0.831478 0
    outer loop
      vertex 2.375 6.21458 2
      vertex 2.02152 5.9784 7
      vertex 2.375 6.21458 7
    endloop
  endfacet
  facet normal -0.555558 0.831478 0
    outer loop
      vertex 2.02152 5.9784 7
      vertex 2.375 6.21458 2
      vertex 2.02152 5.9784 2
    endloop
  endfacet
  facet normal -0.980785 -0.195094 0
    outer loop
      vertex 0.860741 2.55884 2
      vertex 0.777803 2.97579 7
      vertex 0.777803 2.97579 2
    endloop
  endfacet
  facet normal -0.980785 -0.195094 0
    outer loop
      vertex 0.777803 2.97579 7
      vertex 0.860741 2.55884 2
      vertex 0.860741 2.55884 7
    endloop
  endfacet
  facet normal -0.751849 -0.659335 0
    outer loop
      vertex 1.7019 1.1019 2
      vertex 1.4216 1.42153 7
      vertex 1.4216 1.42153 2
    endloop
  endfacet
  facet normal -0.751849 -0.659335 0
    outer loop
      vertex 1.4216 1.42153 7
      vertex 1.7019 1.1019 2
      vertex 1.7019 1.1019 7
    endloop
  endfacet
  facet normal 0.195098 0.980784 -0
    outer loop
      vertex 4.84116 6.53926 2
      vertex 4.42421 6.6222 7
      vertex 4.84116 6.53926 7
    endloop
  endfacet
  facet normal 0.195098 0.980784 0
    outer loop
      vertex 4.42421 6.6222 7
      vertex 4.84116 6.53926 2
      vertex 4.42421 6.6222 2
    endloop
  endfacet
  facet normal 0.442295 0.896869 -0
    outer loop
      vertex 5.625 6.21458 2
      vertex 5.24372 6.40261 7
      vertex 5.625 6.21458 7
    endloop
  endfacet
  facet normal 0.442295 0.896869 0
    outer loop
      vertex 5.24372 6.40261 7
      vertex 5.625 6.21458 2
      vertex 5.24372 6.40261 2
    endloop
  endfacet
  facet normal 0.99786 -0.0653933 0
    outer loop
      vertex 7.2222 2.97579 7
      vertex 7.25 3.4 2
      vertex 7.25 3.4 7
    endloop
  endfacet
  facet normal 0.99786 -0.0653933 0
    outer loop
      vertex 7.25 3.4 2
      vertex 7.2222 2.97579 7
      vertex 7.2222 2.97579 2
    endloop
  endfacet
  facet normal 0.0653933 0.99786 -0
    outer loop
      vertex 4.42421 6.6222 2
      vertex 4 6.65 7
      vertex 4.42421 6.6222 7
    endloop
  endfacet
  facet normal 0.0653933 0.99786 0
    outer loop
      vertex 4 6.65 7
      vertex 4.42421 6.6222 2
      vertex 4 6.65 2
    endloop
  endfacet
  facet normal 0.751849 -0.659335 0
    outer loop
      vertex 6.2981 1.1019 7
      vertex 6.5784 1.42153 2
      vertex 6.5784 1.42153 7
    endloop
  endfacet
  facet normal 0.751849 -0.659335 0
    outer loop
      vertex 6.5784 1.42153 2
      vertex 6.2981 1.1019 7
      vertex 6.2981 1.1019 2
    endloop
  endfacet
  facet normal -0.946931 -0.321438 0
    outer loop
      vertex 0.997391 2.15628 2
      vertex 0.860741 2.55884 7
      vertex 0.860741 2.55884 2
    endloop
  endfacet
  facet normal -0.946931 -0.321438 0
    outer loop
      vertex 0.860741 2.55884 7
      vertex 0.997391 2.15628 2
      vertex 0.997391 2.15628 7
    endloop
  endfacet
  facet normal 0.0654027 -0.997859 0
    outer loop
      vertex 4 0.15 2
      vertex 4.42421 0.177804 7
      vertex 4 0.15 7
    endloop
  endfacet
  facet normal 0.0654027 -0.997859 0
    outer loop
      vertex 4.42421 0.177804 7
      vertex 4 0.15 2
      vertex 4.42421 0.177804 2
    endloop
  endfacet
  facet normal -0.946931 0.321438 0
    outer loop
      vertex 0.860741 4.24116 2
      vertex 0.997391 4.64372 7
      vertex 0.997391 4.64372 2
    endloop
  endfacet
  facet normal -0.946931 0.321438 0
    outer loop
      vertex 0.997391 4.64372 7
      vertex 0.860741 4.24116 2
      vertex 0.860741 4.24116 7
    endloop
  endfacet
  facet normal -0.659346 -0.75184 0
    outer loop
      vertex 1.7019 1.1019 2
      vertex 2.02152 0.821601 7
      vertex 1.7019 1.1019 7
    endloop
  endfacet
  facet normal -0.659346 -0.75184 -0
    outer loop
      vertex 2.02152 0.821601 7
      vertex 1.7019 1.1019 2
      vertex 2.02152 0.821601 2
    endloop
  endfacet
  facet normal 0.442288 -0.896873 0
    outer loop
      vertex 5.24372 0.397391 2
      vertex 5.625 0.585417 7
      vertex 5.24372 0.397391 7
    endloop
  endfacet
  facet normal 0.442288 -0.896873 0
    outer loop
      vertex 5.625 0.585417 7
      vertex 5.24372 0.397391 2
      vertex 5.625 0.585417 2
    endloop
  endfacet
  facet normal -0.751849 0.659335 0
    outer loop
      vertex 1.4216 5.37847 2
      vertex 1.7019 5.6981 7
      vertex 1.7019 5.6981 2
    endloop
  endfacet
  facet normal -0.751849 0.659335 0
    outer loop
      vertex 1.7019 5.6981 7
      vertex 1.4216 5.37847 2
      vertex 1.4216 5.37847 7
    endloop
  endfacet
  facet normal -0.321438 0.946931 0
    outer loop
      vertex 3.15884 6.53926 2
      vertex 2.75628 6.40261 7
      vertex 3.15884 6.53926 7
    endloop
  endfacet
  facet normal -0.321438 0.946931 0
    outer loop
      vertex 2.75628 6.40261 7
      vertex 3.15884 6.53926 2
      vertex 2.75628 6.40261 2
    endloop
  endfacet
  facet normal -0.195089 -0.980786 0
    outer loop
      vertex 3.15884 0.26074 2
      vertex 3.57579 0.177804 7
      vertex 3.15884 0.26074 7
    endloop
  endfacet
  facet normal -0.195089 -0.980786 -0
    outer loop
      vertex 3.57579 0.177804 7
      vertex 3.15884 0.26074 2
      vertex 3.57579 0.177804 2
    endloop
  endfacet
  facet normal -0.195098 0.980784 0
    outer loop
      vertex 3.57579 6.6222 2
      vertex 3.15884 6.53926 7
      vertex 3.57579 6.6222 7
    endloop
  endfacet
  facet normal -0.195098 0.980784 0
    outer loop
      vertex 3.15884 6.53926 7
      vertex 3.57579 6.6222 2
      vertex 3.15884 6.53926 2
    endloop
  endfacet
  facet normal -0.831471 -0.555568 0
    outer loop
      vertex 1.4216 1.42153 2
      vertex 1.18542 1.775 7
      vertex 1.18542 1.775 2
    endloop
  endfacet
  facet normal -0.831471 -0.555568 0
    outer loop
      vertex 1.18542 1.775 7
      vertex 1.4216 1.42153 2
      vertex 1.4216 1.42153 7
    endloop
  endfacet
  facet normal 0 0 1
    outer loop
      vertex 5.3 3.4 7
      vertex 7.25 3.4 7
      vertex 7.2222 3.82421 7
    endloop
  endfacet
  facet normal 0 0 1
    outer loop
      vertex 5.28888 3.56968 7
      vertex 7.2222 3.82421 7
      vertex 7.13926 4.24116 7
    endloop
  endfacet
  facet normal 0 0 1
    outer loop
      vertex 7.25 3.4 7
      vertex 5.3 3.4 7
      vertex 7.2222 2.97579 7
    endloop
  endfacet
  facet normal 0 0 1
    outer loop
      vertex 5.2557 3.73646 7
      vertex 7.13926 4.24116 7
      vertex 7.00261 4.64372 7
    endloop
  endfacet
  facet normal -0 0 1
    outer loop
      vertex 5.28888 3.23032 7
      vertex 7.2222 2.97579 7
      vertex 5.3 3.4 7
    endloop
  endfacet
  facet normal 0 0 1
    outer loop
      vertex 5.20104 3.89749 7
      vertex 7.00261 4.64372 7
      vertex 6.81458 5.025 7
    endloop
  endfacet
  facet normal 0 0 1
    outer loop
      vertex 7.2222 2.97579 7
      vertex 5.28888 3.23032 7
      vertex 7.13926 2.55884 7
    endloop
  endfacet
  facet normal 0 0 1
    outer loop
      vertex 5.12583 4.05 7
      vertex 6.81458 5.025 7
      vertex 6.5784 5.37847 7
    endloop
  endfacet
  facet normal -0 0 1
    outer loop
      vertex 5.2557 3.06353 7
      vertex 7.13926 2.55884 7
      vertex 5.28888 3.23032 7
    endloop
  endfacet
  facet normal 0 0 1
    outer loop
      vertex 5.03136 4.19139 7
      vertex 6.5784 5.37847 7
      vertex 6.2981 5.6981 7
    endloop
  endfacet
  facet normal 0 0 1
    outer loop
      vertex 7.13926 2.55884 7
      vertex 5.2557 3.06353 7
      vertex 7.00261 2.15628 7
    endloop
  endfacet
  facet normal 0 0 1
    outer loop
      vertex 4.91924 4.31924 7
      vertex 6.2981 5.6981 7
      vertex 5.97847 5.9784 7
    endloop
  endfacet
  facet normal -0 0 1
    outer loop
      vertex 5.20104 2.90251 7
      vertex 7.00261 2.15628 7
      vertex 5.2557 3.06353 7
    endloop
  endfacet
  facet normal 0 0 1
    outer loop
      vertex 4.79139 4.43136 7
      vertex 5.97847 5.9784 7
      vertex 5.625 6.21458 7
    endloop
  endfacet
  facet normal 0 0 1
    outer loop
      vertex 7.00261 2.15628 7
      vertex 5.20104 2.90251 7
      vertex 6.81458 1.775 7
    endloop
  endfacet
  facet normal -0 0 1
    outer loop
      vertex 5.12583 2.75 7
      vertex 6.81458 1.775 7
      vertex 5.20104 2.90251 7
    endloop
  endfacet
  facet normal 0 0 1
    outer loop
      vertex 7.2222 3.82421 7
      vertex 5.28888 3.56968 7
      vertex 5.3 3.4 7
    endloop
  endfacet
  facet normal 0 0 1
    outer loop
      vertex 7.13926 4.24116 7
      vertex 5.2557 3.73646 7
      vertex 5.28888 3.56968 7
    endloop
  endfacet
  facet normal 0 0 1
    outer loop
      vertex 4.65 4.52583 7
      vertex 5.625 6.21458 7
      vertex 5.24372 6.40261 7
    endloop
  endfacet
  facet normal 0 0 1
    outer loop
      vertex 7.00261 4.64372 7
      vertex 5.20104 3.89749 7
      vertex 5.2557 3.73646 7
    endloop
  endfacet
  facet normal 0 0 1
    outer loop
      vertex 6.81458 5.025 7
      vertex 5.12583 4.05 7
      vertex 5.20104 3.89749 7
    endloop
  endfacet
  facet normal 0 0 1
    outer loop
      vertex 6.5784 5.37847 7
      vertex 5.03136 4.19139 7
      vertex 5.12583 4.05 7
    endloop
  endfacet
  facet normal 0 0 1
    outer loop
      vertex 6.2981 5.6981 7
      vertex 4.91924 4.31924 7
      vertex 5.03136 4.19139 7
    endloop
  endfacet
  facet normal 0 0 1
    outer loop
      vertex 4.49749 4.60104 7
      vertex 5.24372 6.40261 7
      vertex 4.84116 6.53926 7
    endloop
  endfacet
  facet normal 0 0 1
    outer loop
      vertex 5.97847 5.9784 7
      vertex 4.79139 4.43136 7
      vertex 4.91924 4.31924 7
    endloop
  endfacet
  facet normal 0 0 1
    outer loop
      vertex 5.625 6.21458 7
      vertex 4.65 4.52583 7
      vertex 4.79139 4.43136 7
    endloop
  endfacet
  facet normal 0 0 1
    outer loop
      vertex 5.24372 6.40261 7
      vertex 4.49749 4.60104 7
      vertex 4.65 4.52583 7
    endloop
  endfacet
  facet normal 0 0 1
    outer loop
      vertex 4.33646 4.6557 7
      vertex 4.84116 6.53926 7
      vertex 4.42421 6.6222 7
    endloop
  endfacet
  facet normal 0 0 1
    outer loop
      vertex 4.84116 6.53926 7
      vertex 4.33646 4.6557 7
      vertex 4.49749 4.60104 7
    endloop
  endfacet
  facet normal 0 0 1
    outer loop
      vertex 4.42421 6.6222 7
      vertex 4.16968 4.68888 7
      vertex 4.33646 4.6557 7
    endloop
  endfacet
  facet normal 0 0 1
    outer loop
      vertex 4 6.65 7
      vertex 4.16968 4.68888 7
      vertex 4.42421 6.6222 7
    endloop
  endfacet
  facet normal 0 0 1
    outer loop
      vertex 4 6.65 7
      vertex 4 4.7 7
      vertex 4.16968 4.68888 7
    endloop
  endfacet
  facet normal 0 0 1
    outer loop
      vertex 4 6.65 7
      vertex 3.83032 4.68888 7
      vertex 4 4.7 7
    endloop
  endfacet
  facet normal -0 0 1
    outer loop
      vertex 3.57579 6.6222 7
      vertex 3.83032 4.68888 7
      vertex 4 6.65 7
    endloop
  endfacet
  facet normal 0 0 1
    outer loop
      vertex 3.83032 4.68888 7
      vertex 3.57579 6.6222 7
      vertex 3.66354 4.6557 7
    endloop
  endfacet
  facet normal -0 0 1
    outer loop
      vertex 3.15884 6.53926 7
      vertex 3.66354 4.6557 7
      vertex 3.57579 6.6222 7
    endloop
  endfacet
  facet normal 0 0 1
    outer loop
      vertex 3.66354 4.6557 7
      vertex 3.15884 6.53926 7
      vertex 3.50251 4.60104 7
    endloop
  endfacet
  facet normal -0 0 1
    outer loop
      vertex 2.75628 6.40261 7
      vertex 3.50251 4.60104 7
      vertex 3.15884 6.53926 7
    endloop
  endfacet
  facet normal 0 0 1
    outer loop
      vertex 3.50251 4.60104 7
      vertex 2.75628 6.40261 7
      vertex 3.35 4.52583 7
    endloop
  endfacet
  facet normal -0 0 1
    outer loop
      vertex 2.375 6.21458 7
      vertex 3.35 4.52583 7
      vertex 2.75628 6.40261 7
    endloop
  endfacet
  facet normal 0 0 1
    outer loop
      vertex 3.35 4.52583 7
      vertex 2.375 6.21458 7
      vertex 3.20861 4.43136 7
    endloop
  endfacet
  facet normal -0 0 1
    outer loop
      vertex 2.02152 5.9784 7
      vertex 3.20861 4.43136 7
      vertex 2.375 6.21458 7
    endloop
  endfacet
  facet normal 0 0 1
    outer loop
      vertex 3.20861 4.43136 7
      vertex 2.02152 5.9784 7
      vertex 3.08076 4.31924 7
    endloop
  endfacet
  facet normal -0 0 1
    outer loop
      vertex 1.7019 5.6981 7
      vertex 3.08076 4.31924 7
      vertex 2.02152 5.9784 7
    endloop
  endfacet
  facet normal 0 0 1
    outer loop
      vertex 3.08076 4.31924 7
      vertex 1.7019 5.6981 7
      vertex 2.96864 4.19139 7
    endloop
  endfacet
  facet normal -0 0 1
    outer loop
      vertex 1.4216 5.37847 7
      vertex 2.96864 4.19139 7
      vertex 1.7019 5.6981 7
    endloop
  endfacet
  facet normal 0 0 1
    outer loop
      vertex 2.96864 4.19139 7
      vertex 1.4216 5.37847 7
      vertex 2.87417 4.05 7
    endloop
  endfacet
  facet normal -0 0 1
    outer loop
      vertex 1.18542 5.025 7
      vertex 2.87417 4.05 7
      vertex 1.4216 5.37847 7
    endloop
  endfacet
  facet normal 0 0 1
    outer loop
      vertex 6.81458 1.775 7
      vertex 5.12583 2.75 7
      vertex 6.5784 1.42153 7
    endloop
  endfacet
  facet normal -0 0 1
    outer loop
      vertex 5.03136 2.60861 7
      vertex 6.5784 1.42153 7
      vertex 5.12583 2.75 7
    endloop
  endfacet
  facet normal 0 0 1
    outer loop
      vertex 6.5784 1.42153 7
      vertex 5.03136 2.60861 7
      vertex 6.2981 1.1019 7
    endloop
  endfacet
  facet normal -0 0 1
    outer loop
      vertex 4.91924 2.48076 7
      vertex 6.2981 1.1019 7
      vertex 5.03136 2.60861 7
    endloop
  endfacet
  facet normal 0 0 1
    outer loop
      vertex 6.2981 1.1019 7
      vertex 4.91924 2.48076 7
      vertex 5.97847 0.821601 7
    endloop
  endfacet
  facet normal -0 0 1
    outer loop
      vertex 4.79139 2.36864 7
      vertex 5.97847 0.821601 7
      vertex 4.91924 2.48076 7
    endloop
  endfacet
  facet normal 0 0 1
    outer loop
      vertex 5.97847 0.821601 7
      vertex 4.79139 2.36864 7
      vertex 5.625 0.585417 7
    endloop
  endfacet
  facet normal -0 0 1
    outer loop
      vertex 4.65 2.27417 7
      vertex 5.625 0.585417 7
      vertex 4.79139 2.36864 7
    endloop
  endfacet
  facet normal 0 0 1
    outer loop
      vertex 5.625 0.585417 7
      vertex 4.65 2.27417 7
      vertex 5.24372 0.397391 7
    endloop
  endfacet
  facet normal -0 0 1
    outer loop
      vertex 4.49749 2.19896 7
      vertex 5.24372 0.397391 7
      vertex 4.65 2.27417 7
    endloop
  endfacet
  facet normal 0 0 1
    outer loop
      vertex 5.24372 0.397391 7
      vertex 4.49749 2.19896 7
      vertex 4.84116 0.26074 7
    endloop
  endfacet
  facet normal -0 0 1
    outer loop
      vertex 4.33646 2.1443 7
      vertex 4.84116 0.26074 7
      vertex 4.49749 2.19896 7
    endloop
  endfacet
  facet normal 0 0 1
    outer loop
      vertex 4.84116 0.26074 7
      vertex 4.33646 2.1443 7
      vertex 4.42421 0.177804 7
    endloop
  endfacet
  facet normal -0 0 1
    outer loop
      vertex 4.16968 2.11112 7
      vertex 4.42421 0.177804 7
      vertex 4.33646 2.1443 7
    endloop
  endfacet
  facet normal -0 0 1
    outer loop
      vertex 4 2.1 7
      vertex 4.42421 0.177804 7
      vertex 4.16968 2.11112 7
    endloop
  endfacet
  facet normal 0 0 1
    outer loop
      vertex 4 2.1 7
      vertex 4 0.15 7
      vertex 4.42421 0.177804 7
    endloop
  endfacet
  facet normal 0 0 1
    outer loop
      vertex 3.83032 2.11112 7
      vertex 4 0.15 7
      vertex 4 2.1 7
    endloop
  endfacet
  facet normal 0 0 1
    outer loop
      vertex 3.57579 0.177804 7
      vertex 3.83032 2.11112 7
      vertex 3.66354 2.1443 7
    endloop
  endfacet
  facet normal 0 0 1
    outer loop
      vertex 3.83032 2.11112 7
      vertex 3.57579 0.177804 7
      vertex 4 0.15 7
    endloop
  endfacet
  facet normal 0 0 1
    outer loop
      vertex 3.15884 0.26074 7
      vertex 3.66354 2.1443 7
      vertex 3.50251 2.19896 7
    endloop
  endfacet
  facet normal 0 0 1
    outer loop
      vertex 2.75628 0.397391 7
      vertex 3.50251 2.19896 7
      vertex 3.35 2.27417 7
    endloop
  endfacet
  facet normal 0 0 1
    outer loop
      vertex 2.375 0.585417 7
      vertex 3.35 2.27417 7
      vertex 3.20861 2.36864 7
    endloop
  endfacet
  facet normal 0 0 1
    outer loop
      vertex 3.66354 2.1443 7
      vertex 3.15884 0.26074 7
      vertex 3.57579 0.177804 7
    endloop
  endfacet
  facet normal 0 0 1
    outer loop
      vertex 2.02152 0.821601 7
      vertex 3.20861 2.36864 7
      vertex 3.08076 2.48076 7
    endloop
  endfacet
  facet normal 0 0 1
    outer loop
      vertex 1.7019 1.1019 7
      vertex 3.08076 2.48076 7
      vertex 2.96864 2.60861 7
    endloop
  endfacet
  facet normal 0 0 1
    outer loop
      vertex 1.4216 1.42153 7
      vertex 2.96864 2.60861 7
      vertex 2.87417 2.75 7
    endloop
  endfacet
  facet normal 0 0 1
    outer loop
      vertex 1.18542 1.775 7
      vertex 2.87417 2.75 7
      vertex 2.79896 2.90251 7
    endloop
  endfacet
  facet normal 0 0 1
    outer loop
      vertex 3.50251 2.19896 7
      vertex 2.75628 0.397391 7
      vertex 3.15884 0.26074 7
    endloop
  endfacet
  facet normal 0 0 1
    outer loop
      vertex 0.997391 2.15628 7
      vertex 2.79896 2.90251 7
      vertex 2.7443 3.06353 7
    endloop
  endfacet
  facet normal 0 0 1
    outer loop
      vertex 0.860741 2.55884 7
      vertex 2.7443 3.06353 7
      vertex 2.71112 3.23032 7
    endloop
  endfacet
  facet normal 0 0 1
    outer loop
      vertex 0.777803 2.97579 7
      vertex 2.71112 3.23032 7
      vertex 2.7 3.4 7
    endloop
  endfacet
  facet normal 0 0 1
    outer loop
      vertex 2.87417 4.05 7
      vertex 1.18542 5.025 7
      vertex 2.79896 3.89749 7
    endloop
  endfacet
  facet normal 0 0 1
    outer loop
      vertex 3.35 2.27417 7
      vertex 2.375 0.585417 7
      vertex 2.75628 0.397391 7
    endloop
  endfacet
  facet normal -0 0 1
    outer loop
      vertex 0.997391 4.64372 7
      vertex 2.79896 3.89749 7
      vertex 1.18542 5.025 7
    endloop
  endfacet
  facet normal 0 0 1
    outer loop
      vertex 3.20861 2.36864 7
      vertex 2.02152 0.821601 7
      vertex 2.375 0.585417 7
    endloop
  endfacet
  facet normal 0 0 1
    outer loop
      vertex 2.79896 3.89749 7
      vertex 0.997391 4.64372 7
      vertex 2.7443 3.73646 7
    endloop
  endfacet
  facet normal 0 0 1
    outer loop
      vertex 3.08076 2.48076 7
      vertex 1.7019 1.1019 7
      vertex 2.02152 0.821601 7
    endloop
  endfacet
  facet normal -0 0 1
    outer loop
      vertex 0.860741 4.24116 7
      vertex 2.7443 3.73646 7
      vertex 0.997391 4.64372 7
    endloop
  endfacet
  facet normal 0 0 1
    outer loop
      vertex 2.96864 2.60861 7
      vertex 1.4216 1.42153 7
      vertex 1.7019 1.1019 7
    endloop
  endfacet
  facet normal 0 0 1
    outer loop
      vertex 2.7443 3.73646 7
      vertex 0.860741 4.24116 7
      vertex 2.71112 3.56968 7
    endloop
  endfacet
  facet normal 0 0 1
    outer loop
      vertex 2.87417 2.75 7
      vertex 1.18542 1.775 7
      vertex 1.4216 1.42153 7
    endloop
  endfacet
  facet normal -0 0 1
    outer loop
      vertex 0.777803 3.82421 7
      vertex 2.71112 3.56968 7
      vertex 0.860741 4.24116 7
    endloop
  endfacet
  facet normal 0 0 1
    outer loop
      vertex 2.79896 2.90251 7
      vertex 0.997391 2.15628 7
      vertex 1.18542 1.775 7
    endloop
  endfacet
  facet normal 0 0 1
    outer loop
      vertex 2.71112 3.56968 7
      vertex 0.777803 3.82421 7
      vertex 2.7 3.4 7
    endloop
  endfacet
  facet normal 0 0 1
    outer loop
      vertex 2.7443 3.06353 7
      vertex 0.860741 2.55884 7
      vertex 0.997391 2.15628 7
    endloop
  endfacet
  facet normal 0 0 1
    outer loop
      vertex 0.75 3.4 7
      vertex 2.7 3.4 7
      vertex 0.777803 3.82421 7
    endloop
  endfacet
  facet normal 0 0 1
    outer loop
      vertex 2.71112 3.23032 7
      vertex 0.777803 2.97579 7
      vertex 0.860741 2.55884 7
    endloop
  endfacet
  facet normal 0 0 1
    outer loop
      vertex 2.7 3.4 7
      vertex 0.75 3.4 7
      vertex 0.777803 2.97579 7
    endloop
  endfacet
  facet normal -0.997859 -0.0654003 0
    outer loop
      vertex 0.777803 2.97579 2
      vertex 0.75 3.4 7
      vertex 0.75 3.4 2
    endloop
  endfacet
  facet normal -0.997859 -0.0654003 0
    outer loop
      vertex 0.75 3.4 7
      vertex 0.777803 2.97579 2
      vertex 0.777803 2.97579 7
    endloop
  endfacet
  facet normal -0.32144 -0.94693 0
    outer loop
      vertex 2.75628 0.397391 2
      vertex 3.15884 0.26074 7
      vertex 2.75628 0.397391 7
    endloop
  endfacet
  facet normal -0.32144 -0.94693 -0
    outer loop
      vertex 3.15884 0.26074 7
      vertex 2.75628 0.397391 2
      vertex 3.15884 0.26074 2
    endloop
  endfacet
  facet normal -0.555564 -0.831474 0
    outer loop
      vertex 2.02152 0.821601 2
      vertex 2.375 0.585417 7
      vertex 2.02152 0.821601 7
    endloop
  endfacet
  facet normal -0.555564 -0.831474 -0
    outer loop
      vertex 2.375 0.585417 7
      vertex 2.02152 0.821601 2
      vertex 2.375 0.585417 2
    endloop
  endfacet
  facet normal -0.89687 0.442293 0
    outer loop
      vertex 0.997391 4.64372 2
      vertex 1.18542 5.025 7
      vertex 1.18542 5.025 2
    endloop
  endfacet
  facet normal -0.89687 0.442293 0
    outer loop
      vertex 1.18542 5.025 7
      vertex 0.997391 4.64372 2
      vertex 0.997391 4.64372 7
    endloop
  endfacet
  facet normal 0.980806 0.194985 0
    outer loop
      vertex 17.7222 21.6242 7
      vertex 17.6393 22.0412 2
      vertex 17.6393 22.0412 7
    endloop
  endfacet
  facet normal 0.980806 0.194985 0
    outer loop
      vertex 17.6393 22.0412 2
      vertex 17.7222 21.6242 7
      vertex 17.7222 21.6242 2
    endloop
  endfacet
  facet normal 0.997859 0.0653948 0
    outer loop
      vertex 17.75 21.2 7
      vertex 17.7222 21.6242 2
      vertex 17.7222 21.6242 7
    endloop
  endfacet
  facet normal 0.997859 0.0653948 0
    outer loop
      vertex 17.7222 21.6242 2
      vertex 17.75 21.2 7
      vertex 17.75 21.2 2
    endloop
  endfacet
  facet normal 0.94688 0.321586 0
    outer loop
      vertex 17.6393 22.0412 7
      vertex 17.5026 22.4437 2
      vertex 17.5026 22.4437 7
    endloop
  endfacet
  facet normal 0.94688 0.321586 0
    outer loop
      vertex 17.5026 22.4437 2
      vertex 17.6393 22.0412 7
      vertex 17.6393 22.0412 2
    endloop
  endfacet
  facet normal 0.65937 0.751818 -0
    outer loop
      vertex 16.7981 23.4981 2
      vertex 16.4785 23.7784 7
      vertex 16.7981 23.4981 7
    endloop
  endfacet
  facet normal 0.65937 0.751818 0
    outer loop
      vertex 16.4785 23.7784 7
      vertex 16.7981 23.4981 2
      vertex 16.4785 23.7784 2
    endloop
  endfacet
  facet normal -0.896907 -0.44222 0
    outer loop
      vertex 11.6854 19.575 2
      vertex 11.4974 19.9563 7
      vertex 11.4974 19.9563 2
    endloop
  endfacet
  facet normal -0.896907 -0.44222 0
    outer loop
      vertex 11.4974 19.9563 7
      vertex 11.6854 19.575 2
      vertex 11.6854 19.575 7
    endloop
  endfacet
  facet normal 0.321586 0.94688 -0
    outer loop
      vertex 15.7437 24.2026 2
      vertex 15.3412 24.3393 7
      vertex 15.7437 24.2026 7
    endloop
  endfacet
  facet normal 0.321586 0.94688 0
    outer loop
      vertex 15.3412 24.3393 7
      vertex 15.7437 24.2026 2
      vertex 15.3412 24.3393 2
    endloop
  endfacet
  facet normal -0.321586 0.94688 0
    outer loop
      vertex 13.6588 24.3393 2
      vertex 13.2563 24.2026 7
      vertex 13.6588 24.3393 7
    endloop
  endfacet
  facet normal -0.321586 0.94688 0
    outer loop
      vertex 13.2563 24.2026 7
      vertex 13.6588 24.3393 2
      vertex 13.2563 24.2026 2
    endloop
  endfacet
  facet normal 0.321586 -0.94688 0
    outer loop
      vertex 15.3412 18.0607 2
      vertex 15.7437 18.1974 7
      vertex 15.3412 18.0607 7
    endloop
  endfacet
  facet normal 0.321586 -0.94688 0
    outer loop
      vertex 15.7437 18.1974 7
      vertex 15.3412 18.0607 2
      vertex 15.7437 18.1974 2
    endloop
  endfacet
  facet normal 0.831471 0.555568 0
    outer loop
      vertex 17.3146 22.825 7
      vertex 17.0784 23.1785 2
      vertex 17.0784 23.1785 7
    endloop
  endfacet
  facet normal 0.831471 0.555568 0
    outer loop
      vertex 17.0784 23.1785 2
      vertex 17.3146 22.825 7
      vertex 17.3146 22.825 2
    endloop
  endfacet
  facet normal 0.896907 0.44222 0
    outer loop
      vertex 17.5026 22.4437 7
      vertex 17.3146 22.825 2
      vertex 17.3146 22.825 7
    endloop
  endfacet
  facet normal 0.896907 0.44222 0
    outer loop
      vertex 17.3146 22.825 2
      vertex 17.5026 22.4437 7
      vertex 17.5026 22.4437 2
    endloop
  endfacet
  facet normal 0.980806 -0.194985 0
    outer loop
      vertex 17.6393 20.3588 7
      vertex 17.7222 20.7758 2
      vertex 17.7222 20.7758 7
    endloop
  endfacet
  facet normal 0.980806 -0.194985 0
    outer loop
      vertex 17.7222 20.7758 2
      vertex 17.6393 20.3588 7
      vertex 17.6393 20.3588 2
    endloop
  endfacet
  facet normal -0.751818 -0.65937 0
    outer loop
      vertex 12.2019 18.9019 2
      vertex 11.9216 19.2215 7
      vertex 11.9216 19.2215 2
    endloop
  endfacet
  facet normal -0.751818 -0.65937 0
    outer loop
      vertex 11.9216 19.2215 7
      vertex 12.2019 18.9019 2
      vertex 12.2019 18.9019 7
    endloop
  endfacet
  facet normal 0.831471 -0.555568 0
    outer loop
      vertex 17.0784 19.2215 7
      vertex 17.3146 19.575 2
      vertex 17.3146 19.575 7
    endloop
  endfacet
  facet normal 0.831471 -0.555568 0
    outer loop
      vertex 17.3146 19.575 2
      vertex 17.0784 19.2215 7
      vertex 17.0784 19.2215 2
    endloop
  endfacet
  facet normal -0.831471 0.555568 0
    outer loop
      vertex 11.6854 22.825 2
      vertex 11.9216 23.1785 7
      vertex 11.9216 23.1785 2
    endloop
  endfacet
  facet normal -0.831471 0.555568 0
    outer loop
      vertex 11.9216 23.1785 7
      vertex 11.6854 22.825 2
      vertex 11.6854 22.825 7
    endloop
  endfacet
  facet normal 0.896907 -0.44222 0
    outer loop
      vertex 17.3146 19.575 7
      vertex 17.5026 19.9563 2
      vertex 17.5026 19.9563 7
    endloop
  endfacet
  facet normal 0.896907 -0.44222 0
    outer loop
      vertex 17.5026 19.9563 2
      vertex 17.3146 19.575 7
      vertex 17.3146 19.575 2
    endloop
  endfacet
  facet normal -0.980806 0.194985 0
    outer loop
      vertex 11.2778 21.6242 2
      vertex 11.3607 22.0412 7
      vertex 11.3607 22.0412 2
    endloop
  endfacet
  facet normal -0.980806 0.194985 0
    outer loop
      vertex 11.3607 22.0412 7
      vertex 11.2778 21.6242 2
      vertex 11.2778 21.6242 7
    endloop
  endfacet
  facet normal -0.65937 0.751818 0
    outer loop
      vertex 12.5215 23.7784 2
      vertex 12.2019 23.4981 7
      vertex 12.5215 23.7784 7
    endloop
  endfacet
  facet normal -0.65937 0.751818 0
    outer loop
      vertex 12.2019 23.4981 7
      vertex 12.5215 23.7784 2
      vertex 12.2019 23.4981 2
    endloop
  endfacet
  facet normal 0.94688 -0.321586 0
    outer loop
      vertex 17.5026 19.9563 7
      vertex 17.6393 20.3588 2
      vertex 17.6393 20.3588 7
    endloop
  endfacet
  facet normal 0.94688 -0.321586 0
    outer loop
      vertex 17.6393 20.3588 2
      vertex 17.5026 19.9563 7
      vertex 17.5026 19.9563 2
    endloop
  endfacet
  facet normal 0.194985 -0.980806 0
    outer loop
      vertex 14.9242 17.9778 2
      vertex 15.3412 18.0607 7
      vertex 14.9242 17.9778 7
    endloop
  endfacet
  facet normal 0.194985 -0.980806 0
    outer loop
      vertex 15.3412 18.0607 7
      vertex 14.9242 17.9778 2
      vertex 15.3412 18.0607 2
    endloop
  endfacet
  facet normal -0.194985 0.980806 0
    outer loop
      vertex 14.0758 24.4222 2
      vertex 13.6588 24.3393 7
      vertex 14.0758 24.4222 7
    endloop
  endfacet
  facet normal -0.194985 0.980806 0
    outer loop
      vertex 13.6588 24.3393 7
      vertex 14.0758 24.4222 2
      vertex 13.6588 24.3393 2
    endloop
  endfacet
  facet normal -0.0653948 0.997859 0
    outer loop
      vertex 14.5 24.45 2
      vertex 14.0758 24.4222 7
      vertex 14.5 24.45 7
    endloop
  endfacet
  facet normal -0.0653948 0.997859 0
    outer loop
      vertex 14.0758 24.4222 7
      vertex 14.5 24.45 2
      vertex 14.0758 24.4222 2
    endloop
  endfacet
  facet normal -0.44222 -0.896907 0
    outer loop
      vertex 12.875 18.3854 2
      vertex 13.2563 18.1974 7
      vertex 12.875 18.3854 7
    endloop
  endfacet
  facet normal -0.44222 -0.896907 -0
    outer loop
      vertex 13.2563 18.1974 7
      vertex 12.875 18.3854 2
      vertex 13.2563 18.1974 2
    endloop
  endfacet
  facet normal -0.44222 0.896907 0
    outer loop
      vertex 13.2563 24.2026 2
      vertex 12.875 24.0146 7
      vertex 13.2563 24.2026 7
    endloop
  endfacet
  facet normal -0.44222 0.896907 0
    outer loop
      vertex 12.875 24.0146 7
      vertex 13.2563 24.2026 2
      vertex 12.875 24.0146 2
    endloop
  endfacet
  facet normal -0.0653948 -0.997859 0
    outer loop
      vertex 14.0758 17.9778 2
      vertex 14.5 17.95 7
      vertex 14.0758 17.9778 7
    endloop
  endfacet
  facet normal -0.0653948 -0.997859 -0
    outer loop
      vertex 14.5 17.95 7
      vertex 14.0758 17.9778 2
      vertex 14.5 17.95 2
    endloop
  endfacet
  facet normal 0.555568 -0.831471 0
    outer loop
      vertex 16.125 18.3854 2
      vertex 16.4785 18.6216 7
      vertex 16.125 18.3854 7
    endloop
  endfacet
  facet normal 0.555568 -0.831471 0
    outer loop
      vertex 16.4785 18.6216 7
      vertex 16.125 18.3854 2
      vertex 16.4785 18.6216 2
    endloop
  endfacet
  facet normal 0.555568 0.831471 -0
    outer loop
      vertex 16.4785 23.7784 2
      vertex 16.125 24.0146 7
      vertex 16.4785 23.7784 7
    endloop
  endfacet
  facet normal 0.555568 0.831471 0
    outer loop
      vertex 16.125 24.0146 7
      vertex 16.4785 23.7784 2
      vertex 16.125 24.0146 2
    endloop
  endfacet
  facet normal -0.980806 -0.194985 0
    outer loop
      vertex 11.3607 20.3588 2
      vertex 11.2778 20.7758 7
      vertex 11.2778 20.7758 2
    endloop
  endfacet
  facet normal -0.980806 -0.194985 0
    outer loop
      vertex 11.2778 20.7758 7
      vertex 11.3607 20.3588 2
      vertex 11.3607 20.3588 7
    endloop
  endfacet
  facet normal -0.555568 0.831471 0
    outer loop
      vertex 12.875 24.0146 2
      vertex 12.5215 23.7784 7
      vertex 12.875 24.0146 7
    endloop
  endfacet
  facet normal -0.555568 0.831471 0
    outer loop
      vertex 12.5215 23.7784 7
      vertex 12.875 24.0146 2
      vertex 12.5215 23.7784 2
    endloop
  endfacet
  facet normal 0.194985 0.980806 -0
    outer loop
      vertex 15.3412 24.3393 2
      vertex 14.9242 24.4222 7
      vertex 15.3412 24.3393 7
    endloop
  endfacet
  facet normal 0.194985 0.980806 0
    outer loop
      vertex 14.9242 24.4222 7
      vertex 15.3412 24.3393 2
      vertex 14.9242 24.4222 2
    endloop
  endfacet
  facet normal 0.751818 0.65937 0
    outer loop
      vertex 17.0784 23.1785 7
      vertex 16.7981 23.4981 2
      vertex 16.7981 23.4981 7
    endloop
  endfacet
  facet normal 0.751818 0.65937 0
    outer loop
      vertex 16.7981 23.4981 2
      vertex 17.0784 23.1785 7
      vertex 17.0784 23.1785 2
    endloop
  endfacet
  facet normal 0.997859 -0.0653948 0
    outer loop
      vertex 17.7222 20.7758 7
      vertex 17.75 21.2 2
      vertex 17.75 21.2 7
    endloop
  endfacet
  facet normal 0.997859 -0.0653948 0
    outer loop
      vertex 17.75 21.2 2
      vertex 17.7222 20.7758 7
      vertex 17.7222 20.7758 2
    endloop
  endfacet
  facet normal 0.751818 -0.65937 0
    outer loop
      vertex 16.7981 18.9019 7
      vertex 17.0784 19.2215 2
      vertex 17.0784 19.2215 7
    endloop
  endfacet
  facet normal 0.751818 -0.65937 0
    outer loop
      vertex 17.0784 19.2215 2
      vertex 16.7981 18.9019 7
      vertex 16.7981 18.9019 2
    endloop
  endfacet
  facet normal -0.997859 0.0653948 0
    outer loop
      vertex 11.25 21.2 2
      vertex 11.2778 21.6242 7
      vertex 11.2778 21.6242 2
    endloop
  endfacet
  facet normal -0.997859 0.0653948 0
    outer loop
      vertex 11.2778 21.6242 7
      vertex 11.25 21.2 2
      vertex 11.25 21.2 7
    endloop
  endfacet
  facet normal 0.0653948 0.997859 -0
    outer loop
      vertex 14.9242 24.4222 2
      vertex 14.5 24.45 7
      vertex 14.9242 24.4222 7
    endloop
  endfacet
  facet normal 0.0653948 0.997859 0
    outer loop
      vertex 14.5 24.45 7
      vertex 14.9242 24.4222 2
      vertex 14.5 24.45 2
    endloop
  endfacet
  facet normal 0.0653948 -0.997859 0
    outer loop
      vertex 14.5 17.95 2
      vertex 14.9242 17.9778 7
      vertex 14.5 17.95 7
    endloop
  endfacet
  facet normal 0.0653948 -0.997859 0
    outer loop
      vertex 14.9242 17.9778 7
      vertex 14.5 17.95 2
      vertex 14.9242 17.9778 2
    endloop
  endfacet
  facet normal -0.94688 0.321586 0
    outer loop
      vertex 11.3607 22.0412 2
      vertex 11.4974 22.4437 7
      vertex 11.4974 22.4437 2
    endloop
  endfacet
  facet normal -0.94688 0.321586 0
    outer loop
      vertex 11.4974 22.4437 7
      vertex 11.3607 22.0412 2
      vertex 11.3607 22.0412 7
    endloop
  endfacet
  facet normal -0.65937 -0.751818 0
    outer loop
      vertex 12.2019 18.9019 2
      vertex 12.5215 18.6216 7
      vertex 12.2019 18.9019 7
    endloop
  endfacet
  facet normal -0.65937 -0.751818 -0
    outer loop
      vertex 12.5215 18.6216 7
      vertex 12.2019 18.9019 2
      vertex 12.5215 18.6216 2
    endloop
  endfacet
  facet normal 0.44222 -0.896907 0
    outer loop
      vertex 15.7437 18.1974 2
      vertex 16.125 18.3854 7
      vertex 15.7437 18.1974 7
    endloop
  endfacet
  facet normal 0.44222 -0.896907 0
    outer loop
      vertex 16.125 18.3854 7
      vertex 15.7437 18.1974 2
      vertex 16.125 18.3854 2
    endloop
  endfacet
  facet normal -0.751818 0.65937 0
    outer loop
      vertex 11.9216 23.1785 2
      vertex 12.2019 23.4981 7
      vertex 12.2019 23.4981 2
    endloop
  endfacet
  facet normal -0.751818 0.65937 0
    outer loop
      vertex 12.2019 23.4981 7
      vertex 11.9216 23.1785 2
      vertex 11.9216 23.1785 7
    endloop
  endfacet
  facet normal 0.44222 0.896907 -0
    outer loop
      vertex 16.125 24.0146 2
      vertex 15.7437 24.2026 7
      vertex 16.125 24.0146 7
    endloop
  endfacet
  facet normal 0.44222 0.896907 0
    outer loop
      vertex 15.7437 24.2026 7
      vertex 16.125 24.0146 2
      vertex 15.7437 24.2026 2
    endloop
  endfacet
  facet normal 0.65937 -0.751818 0
    outer loop
      vertex 16.4785 18.6216 2
      vertex 16.7981 18.9019 7
      vertex 16.4785 18.6216 7
    endloop
  endfacet
  facet normal 0.65937 -0.751818 0
    outer loop
      vertex 16.7981 18.9019 7
      vertex 16.4785 18.6216 2
      vertex 16.7981 18.9019 2
    endloop
  endfacet
  facet normal -0.194985 -0.980806 0
    outer loop
      vertex 13.6588 18.0607 2
      vertex 14.0758 17.9778 7
      vertex 13.6588 18.0607 7
    endloop
  endfacet
  facet normal -0.194985 -0.980806 -0
    outer loop
      vertex 14.0758 17.9778 7
      vertex 13.6588 18.0607 2
      vertex 14.0758 17.9778 2
    endloop
  endfacet
  facet normal -0.831471 -0.555568 0
    outer loop
      vertex 11.9216 19.2215 2
      vertex 11.6854 19.575 7
      vertex 11.6854 19.575 2
    endloop
  endfacet
  facet normal -0.831471 -0.555568 0
    outer loop
      vertex 11.6854 19.575 7
      vertex 11.9216 19.2215 2
      vertex 11.9216 19.2215 7
    endloop
  endfacet
  facet normal 0 0 1
    outer loop
      vertex 15.8 21.2 7
      vertex 17.75 21.2 7
      vertex 17.7222 21.6242 7
    endloop
  endfacet
  facet normal 0 0 1
    outer loop
      vertex 15.7889 21.3697 7
      vertex 17.7222 21.6242 7
      vertex 17.6393 22.0412 7
    endloop
  endfacet
  facet normal 0 0 1
    outer loop
      vertex 17.75 21.2 7
      vertex 15.8 21.2 7
      vertex 17.7222 20.7758 7
    endloop
  endfacet
  facet normal 0 0 1
    outer loop
      vertex 15.7557 21.5365 7
      vertex 17.6393 22.0412 7
      vertex 17.5026 22.4437 7
    endloop
  endfacet
  facet normal -0 0 1
    outer loop
      vertex 15.7889 21.0303 7
      vertex 17.7222 20.7758 7
      vertex 15.8 21.2 7
    endloop
  endfacet
  facet normal 0 0 1
    outer loop
      vertex 15.701 21.6975 7
      vertex 17.5026 22.4437 7
      vertex 17.3146 22.825 7
    endloop
  endfacet
  facet normal 0 0 1
    outer loop
      vertex 17.7222 20.7758 7
      vertex 15.7889 21.0303 7
      vertex 17.6393 20.3588 7
    endloop
  endfacet
  facet normal 0 0 1
    outer loop
      vertex 15.6258 21.85 7
      vertex 17.3146 22.825 7
      vertex 17.0784 23.1785 7
    endloop
  endfacet
  facet normal -0 0 1
    outer loop
      vertex 15.7557 20.8635 7
      vertex 17.6393 20.3588 7
      vertex 15.7889 21.0303 7
    endloop
  endfacet
  facet normal 0 0 1
    outer loop
      vertex 15.5314 21.9914 7
      vertex 17.0784 23.1785 7
      vertex 16.7981 23.4981 7
    endloop
  endfacet
  facet normal 0 0 1
    outer loop
      vertex 17.6393 20.3588 7
      vertex 15.7557 20.8635 7
      vertex 17.5026 19.9563 7
    endloop
  endfacet
  facet normal 0 0 1
    outer loop
      vertex 15.4192 22.1192 7
      vertex 16.7981 23.4981 7
      vertex 16.4785 23.7784 7
    endloop
  endfacet
  facet normal -0 0 1
    outer loop
      vertex 15.701 20.7025 7
      vertex 17.5026 19.9563 7
      vertex 15.7557 20.8635 7
    endloop
  endfacet
  facet normal 0 0 1
    outer loop
      vertex 15.2914 22.2314 7
      vertex 16.4785 23.7784 7
      vertex 16.125 24.0146 7
    endloop
  endfacet
  facet normal 0 0 1
    outer loop
      vertex 17.5026 19.9563 7
      vertex 15.701 20.7025 7
      vertex 17.3146 19.575 7
    endloop
  endfacet
  facet normal -0 0 1
    outer loop
      vertex 15.6258 20.55 7
      vertex 17.3146 19.575 7
      vertex 15.701 20.7025 7
    endloop
  endfacet
  facet normal 0 0 1
    outer loop
      vertex 17.7222 21.6242 7
      vertex 15.7889 21.3697 7
      vertex 15.8 21.2 7
    endloop
  endfacet
  facet normal 0 0 1
    outer loop
      vertex 17.6393 22.0412 7
      vertex 15.7557 21.5365 7
      vertex 15.7889 21.3697 7
    endloop
  endfacet
  facet normal 0 0 1
    outer loop
      vertex 15.15 22.3258 7
      vertex 16.125 24.0146 7
      vertex 15.7437 24.2026 7
    endloop
  endfacet
  facet normal 0 0 1
    outer loop
      vertex 17.5026 22.4437 7
      vertex 15.701 21.6975 7
      vertex 15.7557 21.5365 7
    endloop
  endfacet
  facet normal 0 0 1
    outer loop
      vertex 17.3146 22.825 7
      vertex 15.6258 21.85 7
      vertex 15.701 21.6975 7
    endloop
  endfacet
  facet normal 0 0 1
    outer loop
      vertex 17.0784 23.1785 7
      vertex 15.5314 21.9914 7
      vertex 15.6258 21.85 7
    endloop
  endfacet
  facet normal 0 0 1
    outer loop
      vertex 16.7981 23.4981 7
      vertex 15.4192 22.1192 7
      vertex 15.5314 21.9914 7
    endloop
  endfacet
  facet normal 0 0 1
    outer loop
      vertex 14.9975 22.401 7
      vertex 15.7437 24.2026 7
      vertex 15.3412 24.3393 7
    endloop
  endfacet
  facet normal 0 0 1
    outer loop
      vertex 16.4785 23.7784 7
      vertex 15.2914 22.2314 7
      vertex 15.4192 22.1192 7
    endloop
  endfacet
  facet normal 0 0 1
    outer loop
      vertex 16.125 24.0146 7
      vertex 15.15 22.3258 7
      vertex 15.2914 22.2314 7
    endloop
  endfacet
  facet normal 0 0 1
    outer loop
      vertex 15.7437 24.2026 7
      vertex 14.9975 22.401 7
      vertex 15.15 22.3258 7
    endloop
  endfacet
  facet normal 0 0 1
    outer loop
      vertex 14.8365 22.4557 7
      vertex 15.3412 24.3393 7
      vertex 14.9242 24.4222 7
    endloop
  endfacet
  facet normal 0 0 1
    outer loop
      vertex 15.3412 24.3393 7
      vertex 14.8365 22.4557 7
      vertex 14.9975 22.401 7
    endloop
  endfacet
  facet normal 0 0 1
    outer loop
      vertex 14.9242 24.4222 7
      vertex 14.6697 22.4889 7
      vertex 14.8365 22.4557 7
    endloop
  endfacet
  facet normal 0 0 1
    outer loop
      vertex 14.5 24.45 7
      vertex 14.6697 22.4889 7
      vertex 14.9242 24.4222 7
    endloop
  endfacet
  facet normal 0 0 1
    outer loop
      vertex 14.5 24.45 7
      vertex 14.5 22.5 7
      vertex 14.6697 22.4889 7
    endloop
  endfacet
  facet normal 0 0 1
    outer loop
      vertex 14.5 24.45 7
      vertex 14.3303 22.4889 7
      vertex 14.5 22.5 7
    endloop
  endfacet
  facet normal -0 0 1
    outer loop
      vertex 14.0758 24.4222 7
      vertex 14.3303 22.4889 7
      vertex 14.5 24.45 7
    endloop
  endfacet
  facet normal 0 0 1
    outer loop
      vertex 14.3303 22.4889 7
      vertex 14.0758 24.4222 7
      vertex 14.1635 22.4557 7
    endloop
  endfacet
  facet normal -0 0 1
    outer loop
      vertex 13.6588 24.3393 7
      vertex 14.1635 22.4557 7
      vertex 14.0758 24.4222 7
    endloop
  endfacet
  facet normal 0 0 1
    outer loop
      vertex 14.1635 22.4557 7
      vertex 13.6588 24.3393 7
      vertex 14.0025 22.401 7
    endloop
  endfacet
  facet normal -0 0 1
    outer loop
      vertex 13.2563 24.2026 7
      vertex 14.0025 22.401 7
      vertex 13.6588 24.3393 7
    endloop
  endfacet
  facet normal 0 0 1
    outer loop
      vertex 14.0025 22.401 7
      vertex 13.2563 24.2026 7
      vertex 13.85 22.3258 7
    endloop
  endfacet
  facet normal -0 0 1
    outer loop
      vertex 12.875 24.0146 7
      vertex 13.85 22.3258 7
      vertex 13.2563 24.2026 7
    endloop
  endfacet
  facet normal 0 0 1
    outer loop
      vertex 13.85 22.3258 7
      vertex 12.875 24.0146 7
      vertex 13.7086 22.2314 7
    endloop
  endfacet
  facet normal -0 0 1
    outer loop
      vertex 12.5215 23.7784 7
      vertex 13.7086 22.2314 7
      vertex 12.875 24.0146 7
    endloop
  endfacet
  facet normal 0 0 1
    outer loop
      vertex 13.7086 22.2314 7
      vertex 12.5215 23.7784 7
      vertex 13.5808 22.1192 7
    endloop
  endfacet
  facet normal -0 0 1
    outer loop
      vertex 12.2019 23.4981 7
      vertex 13.5808 22.1192 7
      vertex 12.5215 23.7784 7
    endloop
  endfacet
  facet normal 0 0 1
    outer loop
      vertex 13.5808 22.1192 7
      vertex 12.2019 23.4981 7
      vertex 13.4686 21.9914 7
    endloop
  endfacet
  facet normal -0 0 1
    outer loop
      vertex 11.9216 23.1785 7
      vertex 13.4686 21.9914 7
      vertex 12.2019 23.4981 7
    endloop
  endfacet
  facet normal 0 0 1
    outer loop
      vertex 13.4686 21.9914 7
      vertex 11.9216 23.1785 7
      vertex 13.3742 21.85 7
    endloop
  endfacet
  facet normal -0 0 1
    outer loop
      vertex 11.6854 22.825 7
      vertex 13.3742 21.85 7
      vertex 11.9216 23.1785 7
    endloop
  endfacet
  facet normal 0 0 1
    outer loop
      vertex 17.3146 19.575 7
      vertex 15.6258 20.55 7
      vertex 17.0784 19.2215 7
    endloop
  endfacet
  facet normal -0 0 1
    outer loop
      vertex 15.5314 20.4086 7
      vertex 17.0784 19.2215 7
      vertex 15.6258 20.55 7
    endloop
  endfacet
  facet normal 0 0 1
    outer loop
      vertex 17.0784 19.2215 7
      vertex 15.5314 20.4086 7
      vertex 16.7981 18.9019 7
    endloop
  endfacet
  facet normal -0 0 1
    outer loop
      vertex 15.4192 20.2808 7
      vertex 16.7981 18.9019 7
      vertex 15.5314 20.4086 7
    endloop
  endfacet
  facet normal 0 0 1
    outer loop
      vertex 16.7981 18.9019 7
      vertex 15.4192 20.2808 7
      vertex 16.4785 18.6216 7
    endloop
  endfacet
  facet normal -0 0 1
    outer loop
      vertex 15.2914 20.1686 7
      vertex 16.4785 18.6216 7
      vertex 15.4192 20.2808 7
    endloop
  endfacet
  facet normal 0 0 1
    outer loop
      vertex 16.4785 18.6216 7
      vertex 15.2914 20.1686 7
      vertex 16.125 18.3854 7
    endloop
  endfacet
  facet normal -0 0 1
    outer loop
      vertex 15.15 20.0742 7
      vertex 16.125 18.3854 7
      vertex 15.2914 20.1686 7
    endloop
  endfacet
  facet normal 0 0 1
    outer loop
      vertex 16.125 18.3854 7
      vertex 15.15 20.0742 7
      vertex 15.7437 18.1974 7
    endloop
  endfacet
  facet normal -0 0 1
    outer loop
      vertex 14.9975 19.999 7
      vertex 15.7437 18.1974 7
      vertex 15.15 20.0742 7
    endloop
  endfacet
  facet normal 0 0 1
    outer loop
      vertex 15.7437 18.1974 7
      vertex 14.9975 19.999 7
      vertex 15.3412 18.0607 7
    endloop
  endfacet
  facet normal -0 0 1
    outer loop
      vertex 14.8365 19.9443 7
      vertex 15.3412 18.0607 7
      vertex 14.9975 19.999 7
    endloop
  endfacet
  facet normal 0 0 1
    outer loop
      vertex 15.3412 18.0607 7
      vertex 14.8365 19.9443 7
      vertex 14.9242 17.9778 7
    endloop
  endfacet
  facet normal -0 0 1
    outer loop
      vertex 14.6697 19.9111 7
      vertex 14.9242 17.9778 7
      vertex 14.8365 19.9443 7
    endloop
  endfacet
  facet normal -0 0 1
    outer loop
      vertex 14.5 19.9 7
      vertex 14.9242 17.9778 7
      vertex 14.6697 19.9111 7
    endloop
  endfacet
  facet normal 0 0 1
    outer loop
      vertex 14.5 19.9 7
      vertex 14.5 17.95 7
      vertex 14.9242 17.9778 7
    endloop
  endfacet
  facet normal 0 0 1
    outer loop
      vertex 14.3303 19.9111 7
      vertex 14.5 17.95 7
      vertex 14.5 19.9 7
    endloop
  endfacet
  facet normal 0 0 1
    outer loop
      vertex 14.0758 17.9778 7
      vertex 14.3303 19.9111 7
      vertex 14.1635 19.9443 7
    endloop
  endfacet
  facet normal 0 0 1
    outer loop
      vertex 14.3303 19.9111 7
      vertex 14.0758 17.9778 7
      vertex 14.5 17.95 7
    endloop
  endfacet
  facet normal 0 0 1
    outer loop
      vertex 13.6588 18.0607 7
      vertex 14.1635 19.9443 7
      vertex 14.0025 19.999 7
    endloop
  endfacet
  facet normal 0 0 1
    outer loop
      vertex 13.2563 18.1974 7
      vertex 14.0025 19.999 7
      vertex 13.85 20.0742 7
    endloop
  endfacet
  facet normal 0 0 1
    outer loop
      vertex 12.875 18.3854 7
      vertex 13.85 20.0742 7
      vertex 13.7086 20.1686 7
    endloop
  endfacet
  facet normal 0 0 1
    outer loop
      vertex 14.1635 19.9443 7
      vertex 13.6588 18.0607 7
      vertex 14.0758 17.9778 7
    endloop
  endfacet
  facet normal 0 0 1
    outer loop
      vertex 12.5215 18.6216 7
      vertex 13.7086 20.1686 7
      vertex 13.5808 20.2808 7
    endloop
  endfacet
  facet normal 0 0 1
    outer loop
      vertex 12.2019 18.9019 7
      vertex 13.5808 20.2808 7
      vertex 13.4686 20.4086 7
    endloop
  endfacet
  facet normal 0 0 1
    outer loop
      vertex 11.9216 19.2215 7
      vertex 13.4686 20.4086 7
      vertex 13.3742 20.55 7
    endloop
  endfacet
  facet normal 0 0 1
    outer loop
      vertex 11.6854 19.575 7
      vertex 13.3742 20.55 7
      vertex 13.299 20.7025 7
    endloop
  endfacet
  facet normal 0 0 1
    outer loop
      vertex 14.0025 19.999 7
      vertex 13.2563 18.1974 7
      vertex 13.6588 18.0607 7
    endloop
  endfacet
  facet normal 0 0 1
    outer loop
      vertex 11.4974 19.9563 7
      vertex 13.299 20.7025 7
      vertex 13.2443 20.8635 7
    endloop
  endfacet
  facet normal 0 0 1
    outer loop
      vertex 11.3607 20.3588 7
      vertex 13.2443 20.8635 7
      vertex 13.2111 21.0303 7
    endloop
  endfacet
  facet normal 0 0 1
    outer loop
      vertex 11.2778 20.7758 7
      vertex 13.2111 21.0303 7
      vertex 13.2 21.2 7
    endloop
  endfacet
  facet normal 0 0 1
    outer loop
      vertex 13.3742 21.85 7
      vertex 11.6854 22.825 7
      vertex 13.299 21.6975 7
    endloop
  endfacet
  facet normal 0 0 1
    outer loop
      vertex 13.85 20.0742 7
      vertex 12.875 18.3854 7
      vertex 13.2563 18.1974 7
    endloop
  endfacet
  facet normal -0 0 1
    outer loop
      vertex 11.4974 22.4437 7
      vertex 13.299 21.6975 7
      vertex 11.6854 22.825 7
    endloop
  endfacet
  facet normal 0 0 1
    outer loop
      vertex 13.7086 20.1686 7
      vertex 12.5215 18.6216 7
      vertex 12.875 18.3854 7
    endloop
  endfacet
  facet normal 0 0 1
    outer loop
      vertex 13.299 21.6975 7
      vertex 11.4974 22.4437 7
      vertex 13.2443 21.5365 7
    endloop
  endfacet
  facet normal 0 0 1
    outer loop
      vertex 13.5808 20.2808 7
      vertex 12.2019 18.9019 7
      vertex 12.5215 18.6216 7
    endloop
  endfacet
  facet normal -0 0 1
    outer loop
      vertex 11.3607 22.0412 7
      vertex 13.2443 21.5365 7
      vertex 11.4974 22.4437 7
    endloop
  endfacet
  facet normal 0 0 1
    outer loop
      vertex 13.4686 20.4086 7
      vertex 11.9216 19.2215 7
      vertex 12.2019 18.9019 7
    endloop
  endfacet
  facet normal 0 0 1
    outer loop
      vertex 13.2443 21.5365 7
      vertex 11.3607 22.0412 7
      vertex 13.2111 21.3697 7
    endloop
  endfacet
  facet normal 0 0 1
    outer loop
      vertex 13.3742 20.55 7
      vertex 11.6854 19.575 7
      vertex 11.9216 19.2215 7
    endloop
  endfacet
  facet normal -0 0 1
    outer loop
      vertex 11.2778 21.6242 7
      vertex 13.2111 21.3697 7
      vertex 11.3607 22.0412 7
    endloop
  endfacet
  facet normal 0 0 1
    outer loop
      vertex 13.299 20.7025 7
      vertex 11.4974 19.9563 7
      vertex 11.6854 19.575 7
    endloop
  endfacet
  facet normal 0 0 1
    outer loop
      vertex 13.2111 21.3697 7
      vertex 11.2778 21.6242 7
      vertex 13.2 21.2 7
    endloop
  endfacet
  facet normal 0 0 1
    outer loop
      vertex 13.2443 20.8635 7
      vertex 11.3607 20.3588 7
      vertex 11.4974 19.9563 7
    endloop
  endfacet
  facet normal 0 0 1
    outer loop
      vertex 11.25 21.2 7
      vertex 13.2 21.2 7
      vertex 11.2778 21.6242 7
    endloop
  endfacet
  facet normal 0 0 1
    outer loop
      vertex 13.2111 21.0303 7
      vertex 11.2778 20.7758 7
      vertex 11.3607 20.3588 7
    endloop
  endfacet
  facet normal 0 0 1
    outer loop
      vertex 13.2 21.2 7
      vertex 11.25 21.2 7
      vertex 11.2778 20.7758 7
    endloop
  endfacet
  facet normal -0.997859 -0.0653948 0
    outer loop
      vertex 11.2778 20.7758 2
      vertex 11.25 21.2 7
      vertex 11.25 21.2 2
    endloop
  endfacet
  facet normal -0.997859 -0.0653948 0
    outer loop
      vertex 11.25 21.2 7
      vertex 11.2778 20.7758 2
      vertex 11.2778 20.7758 7
    endloop
  endfacet
  facet normal -0.94688 -0.321586 0
    outer loop
      vertex 11.4974 19.9563 2
      vertex 11.3607 20.3588 7
      vertex 11.3607 20.3588 2
    endloop
  endfacet
  facet normal -0.94688 -0.321586 0
    outer loop
      vertex 11.3607 20.3588 7
      vertex 11.4974 19.9563 2
      vertex 11.4974 19.9563 7
    endloop
  endfacet
  facet normal -0.321586 -0.94688 0
    outer loop
      vertex 13.2563 18.1974 2
      vertex 13.6588 18.0607 7
      vertex 13.2563 18.1974 7
    endloop
  endfacet
  facet normal -0.321586 -0.94688 -0
    outer loop
      vertex 13.6588 18.0607 7
      vertex 13.2563 18.1974 2
      vertex 13.6588 18.0607 2
    endloop
  endfacet
  facet normal -0.555568 -0.831471 0
    outer loop
      vertex 12.5215 18.6216 2
      vertex 12.875 18.3854 7
      vertex 12.5215 18.6216 7
    endloop
  endfacet
  facet normal -0.555568 -0.831471 -0
    outer loop
      vertex 12.875 18.3854 7
      vertex 12.5215 18.6216 2
      vertex 12.875 18.3854 2
    endloop
  endfacet
  facet normal -0.896907 0.44222 0
    outer loop
      vertex 11.4974 22.4437 2
      vertex 11.6854 22.825 7
      vertex 11.6854 22.825 2
    endloop
  endfacet
  facet normal -0.896907 0.44222 0
    outer loop
      vertex 11.6854 22.825 7
      vertex 11.4974 22.4437 2
      vertex 11.4974 22.4437 7
    endloop
  endfacet
  facet normal -0.321692 0.946844 0
    outer loop
      vertex 59.4975 33.799 0.5
      vertex 59.3365 33.7443 7
      vertex 59.4975 33.799 7
    endloop
  endfacet
  facet normal -0.321692 0.946844 0
    outer loop
      vertex 59.3365 33.7443 7
      vertex 59.4975 33.799 0.5
      vertex 59.3365 33.7443 0.5
    endloop
  endfacet
  facet normal -0.980761 -0.195211 0
    outer loop
      vertex 60.2889 35.1697 0.5
      vertex 60.2557 35.3365 7
      vertex 60.2557 35.3365 0.5
    endloop
  endfacet
  facet normal -0.980761 -0.195211 0
    outer loop
      vertex 60.2557 35.3365 7
      vertex 60.2889 35.1697 0.5
      vertex 60.2889 35.1697 7
    endloop
  endfacet
  facet normal -0.997868 -0.0652701 0
    outer loop
      vertex 60.3 35 0.5
      vertex 60.2889 35.1697 7
      vertex 60.2889 35.1697 0.5
    endloop
  endfacet
  facet normal -0.997868 -0.0652701 0
    outer loop
      vertex 60.2889 35.1697 7
      vertex 60.3 35 0.5
      vertex 60.3 35 7
    endloop
  endfacet
  facet normal -0.946844 -0.321692 0
    outer loop
      vertex 60.2557 35.3365 0.5
      vertex 60.201 35.4975 7
      vertex 60.201 35.4975 0.5
    endloop
  endfacet
  facet normal -0.946844 -0.321692 0
    outer loop
      vertex 60.201 35.4975 7
      vertex 60.2557 35.3365 0.5
      vertex 60.2557 35.3365 7
    endloop
  endfacet
  facet normal -0.321692 -0.946844 0
    outer loop
      vertex 59.3365 36.2557 0.5
      vertex 59.4975 36.201 7
      vertex 59.3365 36.2557 7
    endloop
  endfacet
  facet normal -0.321692 -0.946844 -0
    outer loop
      vertex 59.4975 36.201 7
      vertex 59.3365 36.2557 0.5
      vertex 59.4975 36.201 0.5
    endloop
  endfacet
  facet normal 0.896884 -0.442267 0
    outer loop
      vertex 57.799 35.4975 7
      vertex 57.8742 35.65 0.5
      vertex 57.8742 35.65 7
    endloop
  endfacet
  facet normal 0.896884 -0.442267 0
    outer loop
      vertex 57.8742 35.65 0.5
      vertex 57.799 35.4975 7
      vertex 57.799 35.4975 0.5
    endloop
  endfacet
  facet normal 0.751483 0.659753 0
    outer loop
      vertex 58.0808 34.0808 7
      vertex 57.9686 34.2086 0.5
      vertex 57.9686 34.2086 7
    endloop
  endfacet
  facet normal 0.751483 0.659753 0
    outer loop
      vertex 57.9686 34.2086 0.5
      vertex 58.0808 34.0808 7
      vertex 58.0808 34.0808 0.5
    endloop
  endfacet
  facet normal -0.831688 -0.555243 0
    outer loop
      vertex 60.1258 35.65 0.5
      vertex 60.0314 35.7914 7
      vertex 60.0314 35.7914 0.5
    endloop
  endfacet
  facet normal -0.831688 -0.555243 0
    outer loop
      vertex 60.0314 35.7914 7
      vertex 60.1258 35.65 0.5
      vertex 60.1258 35.65 7
    endloop
  endfacet
  facet normal -0.896884 -0.442267 0
    outer loop
      vertex 60.201 35.4975 0.5
      vertex 60.1258 35.65 7
      vertex 60.1258 35.65 0.5
    endloop
  endfacet
  facet normal -0.896884 -0.442267 0
    outer loop
      vertex 60.1258 35.65 7
      vertex 60.201 35.4975 0.5
      vertex 60.201 35.4975 7
    endloop
  endfacet
  facet normal 0.659753 0.751483 -0
    outer loop
      vertex 58.2086 33.9686 0.5
      vertex 58.0808 34.0808 7
      vertex 58.2086 33.9686 7
    endloop
  endfacet
  facet normal 0.659753 0.751483 0
    outer loop
      vertex 58.0808 34.0808 7
      vertex 58.2086 33.9686 0.5
      vertex 58.0808 34.0808 0.5
    endloop
  endfacet
  facet normal 0.751483 -0.659753 0
    outer loop
      vertex 57.9686 35.7914 7
      vertex 58.0808 35.9192 0.5
      vertex 58.0808 35.9192 7
    endloop
  endfacet
  facet normal 0.751483 -0.659753 0
    outer loop
      vertex 58.0808 35.9192 0.5
      vertex 57.9686 35.7914 7
      vertex 57.9686 35.7914 0.5
    endloop
  endfacet
  facet normal 0.831688 -0.555243 0
    outer loop
      vertex 57.8742 35.65 7
      vertex 57.9686 35.7914 0.5
      vertex 57.9686 35.7914 7
    endloop
  endfacet
  facet normal 0.831688 -0.555243 0
    outer loop
      vertex 57.9686 35.7914 0.5
      vertex 57.8742 35.65 7
      vertex 57.8742 35.65 0.5
    endloop
  endfacet
  facet normal 0.195211 -0.980761 0
    outer loop
      vertex 58.6635 36.2557 0.5
      vertex 58.8303 36.2889 7
      vertex 58.6635 36.2557 7
    endloop
  endfacet
  facet normal 0.195211 -0.980761 0
    outer loop
      vertex 58.8303 36.2889 7
      vertex 58.6635 36.2557 0.5
      vertex 58.8303 36.2889 0.5
    endloop
  endfacet
  facet normal -0.442267 0.896884 0
    outer loop
      vertex 59.65 33.8742 0.5
      vertex 59.4975 33.799 7
      vertex 59.65 33.8742 7
    endloop
  endfacet
  facet normal -0.442267 0.896884 0
    outer loop
      vertex 59.4975 33.799 7
      vertex 59.65 33.8742 0.5
      vertex 59.4975 33.799 0.5
    endloop
  endfacet
  facet normal 0.946844 -0.321692 0
    outer loop
      vertex 57.7443 35.3365 7
      vertex 57.799 35.4975 0.5
      vertex 57.799 35.4975 7
    endloop
  endfacet
  facet normal 0.946844 -0.321692 0
    outer loop
      vertex 57.799 35.4975 0.5
      vertex 57.7443 35.3365 7
      vertex 57.7443 35.3365 0.5
    endloop
  endfacet
  facet normal 0.442267 -0.896884 0
    outer loop
      vertex 58.35 36.1258 0.5
      vertex 58.5025 36.201 7
      vertex 58.35 36.1258 7
    endloop
  endfacet
  facet normal 0.442267 -0.896884 0
    outer loop
      vertex 58.5025 36.201 7
      vertex 58.35 36.1258 0.5
      vertex 58.5025 36.201 0.5
    endloop
  endfacet
  facet normal 0.321692 0.946844 -0
    outer loop
      vertex 58.6635 33.7443 0.5
      vertex 58.5025 33.799 7
      vertex 58.6635 33.7443 7
    endloop
  endfacet
  facet normal 0.321692 0.946844 0
    outer loop
      vertex 58.5025 33.799 7
      vertex 58.6635 33.7443 0.5
      vertex 58.5025 33.799 0.5
    endloop
  endfacet
  facet normal -0.831688 0.555243 0
    outer loop
      vertex 60.0314 34.2086 0.5
      vertex 60.1258 34.35 7
      vertex 60.1258 34.35 0.5
    endloop
  endfacet
  facet normal -0.831688 0.555243 0
    outer loop
      vertex 60.1258 34.35 7
      vertex 60.0314 34.2086 0.5
      vertex 60.0314 34.2086 7
    endloop
  endfacet
  facet normal -0.195211 0.980761 0
    outer loop
      vertex 59.3365 33.7443 0.5
      vertex 59.1697 33.7111 7
      vertex 59.3365 33.7443 7
    endloop
  endfacet
  facet normal -0.195211 0.980761 0
    outer loop
      vertex 59.1697 33.7111 7
      vertex 59.3365 33.7443 0.5
      vertex 59.1697 33.7111 0.5
    endloop
  endfacet
  facet normal -0.0652701 -0.997868 0
    outer loop
      vertex 59 36.3 0.5
      vertex 59.1697 36.2889 7
      vertex 59 36.3 7
    endloop
  endfacet
  facet normal -0.0652701 -0.997868 -0
    outer loop
      vertex 59.1697 36.2889 7
      vertex 59 36.3 0.5
      vertex 59.1697 36.2889 0.5
    endloop
  endfacet
  facet normal -0.980761 0.195211 0
    outer loop
      vertex 60.2557 34.6635 0.5
      vertex 60.2889 34.8303 7
      vertex 60.2889 34.8303 0.5
    endloop
  endfacet
  facet normal -0.980761 0.195211 0
    outer loop
      vertex 60.2889 34.8303 7
      vertex 60.2557 34.6635 0.5
      vertex 60.2557 34.6635 7
    endloop
  endfacet
  facet normal -0.555243 0.831688 0
    outer loop
      vertex 59.7914 33.9686 0.5
      vertex 59.65 33.8742 7
      vertex 59.7914 33.9686 7
    endloop
  endfacet
  facet normal -0.555243 0.831688 0
    outer loop
      vertex 59.65 33.8742 7
      vertex 59.7914 33.9686 0.5
      vertex 59.65 33.8742 0.5
    endloop
  endfacet
  facet normal -0.555243 -0.831688 0
    outer loop
      vertex 59.65 36.1258 0.5
      vertex 59.7914 36.0314 7
      vertex 59.65 36.1258 7
    endloop
  endfacet
  facet normal -0.555243 -0.831688 -0
    outer loop
      vertex 59.7914 36.0314 7
      vertex 59.65 36.1258 0.5
      vertex 59.7914 36.0314 0.5
    endloop
  endfacet
  facet normal -0.896884 0.442267 0
    outer loop
      vertex 60.1258 34.35 0.5
      vertex 60.201 34.5025 7
      vertex 60.201 34.5025 0.5
    endloop
  endfacet
  facet normal -0.896884 0.442267 0
    outer loop
      vertex 60.201 34.5025 7
      vertex 60.1258 34.35 0.5
      vertex 60.1258 34.35 7
    endloop
  endfacet
  facet normal 0.555243 -0.831688 0
    outer loop
      vertex 58.2086 36.0314 0.5
      vertex 58.35 36.1258 7
      vertex 58.2086 36.0314 7
    endloop
  endfacet
  facet normal 0.555243 -0.831688 0
    outer loop
      vertex 58.35 36.1258 7
      vertex 58.2086 36.0314 0.5
      vertex 58.35 36.1258 0.5
    endloop
  endfacet
  facet normal -0.751483 0.659753 0
    outer loop
      vertex 59.9192 34.0808 0.5
      vertex 60.0314 34.2086 7
      vertex 60.0314 34.2086 0.5
    endloop
  endfacet
  facet normal -0.751483 0.659753 0
    outer loop
      vertex 60.0314 34.2086 7
      vertex 59.9192 34.0808 0.5
      vertex 59.9192 34.0808 7
    endloop
  endfacet
  facet normal -0.195211 -0.980761 0
    outer loop
      vertex 59.1697 36.2889 0.5
      vertex 59.3365 36.2557 7
      vertex 59.1697 36.2889 7
    endloop
  endfacet
  facet normal -0.195211 -0.980761 -0
    outer loop
      vertex 59.3365 36.2557 7
      vertex 59.1697 36.2889 0.5
      vertex 59.3365 36.2557 0.5
    endloop
  endfacet
  facet normal 0.659753 -0.751483 0
    outer loop
      vertex 58.0808 35.9192 0.5
      vertex 58.2086 36.0314 7
      vertex 58.0808 35.9192 7
    endloop
  endfacet
  facet normal 0.659753 -0.751483 0
    outer loop
      vertex 58.2086 36.0314 7
      vertex 58.0808 35.9192 0.5
      vertex 58.2086 36.0314 0.5
    endloop
  endfacet
  facet normal 0.321692 -0.946844 0
    outer loop
      vertex 58.5025 36.201 0.5
      vertex 58.6635 36.2557 7
      vertex 58.5025 36.201 7
    endloop
  endfacet
  facet normal 0.321692 -0.946844 0
    outer loop
      vertex 58.6635 36.2557 7
      vertex 58.5025 36.201 0.5
      vertex 58.6635 36.2557 0.5
    endloop
  endfacet
  facet normal -0.997868 0.0652701 0
    outer loop
      vertex 60.2889 34.8303 0.5
      vertex 60.3 35 7
      vertex 60.3 35 0.5
    endloop
  endfacet
  facet normal -0.997868 0.0652701 0
    outer loop
      vertex 60.3 35 7
      vertex 60.2889 34.8303 0.5
      vertex 60.2889 34.8303 7
    endloop
  endfacet
  facet normal 0.980761 0.195211 0
    outer loop
      vertex 57.7443 34.6635 7
      vertex 57.7111 34.8303 0.5
      vertex 57.7111 34.8303 7
    endloop
  endfacet
  facet normal 0.980761 0.195211 0
    outer loop
      vertex 57.7111 34.8303 0.5
      vertex 57.7443 34.6635 7
      vertex 57.7443 34.6635 0.5
    endloop
  endfacet
  facet normal -0.659753 -0.751483 0
    outer loop
      vertex 59.7914 36.0314 0.5
      vertex 59.9192 35.9192 7
      vertex 59.7914 36.0314 7
    endloop
  endfacet
  facet normal -0.659753 -0.751483 -0
    outer loop
      vertex 59.9192 35.9192 7
      vertex 59.7914 36.0314 0.5
      vertex 59.9192 35.9192 0.5
    endloop
  endfacet
  facet normal -0.0652701 0.997868 0
    outer loop
      vertex 59.1697 33.7111 0.5
      vertex 59 33.7 7
      vertex 59.1697 33.7111 7
    endloop
  endfacet
  facet normal -0.0652701 0.997868 0
    outer loop
      vertex 59 33.7 7
      vertex 59.1697 33.7111 0.5
      vertex 59 33.7 0.5
    endloop
  endfacet
  facet normal 0.896884 0.442267 0
    outer loop
      vertex 57.8742 34.35 7
      vertex 57.799 34.5025 0.5
      vertex 57.799 34.5025 7
    endloop
  endfacet
  facet normal 0.896884 0.442267 0
    outer loop
      vertex 57.799 34.5025 0.5
      vertex 57.8742 34.35 7
      vertex 57.8742 34.35 0.5
    endloop
  endfacet
  facet normal 0.442267 0.896884 -0
    outer loop
      vertex 58.5025 33.799 0.5
      vertex 58.35 33.8742 7
      vertex 58.5025 33.799 7
    endloop
  endfacet
  facet normal 0.442267 0.896884 0
    outer loop
      vertex 58.35 33.8742 7
      vertex 58.5025 33.799 0.5
      vertex 58.35 33.8742 0.5
    endloop
  endfacet
  facet normal 0.831688 0.555243 0
    outer loop
      vertex 57.9686 34.2086 7
      vertex 57.8742 34.35 0.5
      vertex 57.8742 34.35 7
    endloop
  endfacet
  facet normal 0.831688 0.555243 0
    outer loop
      vertex 57.8742 34.35 0.5
      vertex 57.9686 34.2086 7
      vertex 57.9686 34.2086 0.5
    endloop
  endfacet
  facet normal -0.751483 -0.659753 0
    outer loop
      vertex 60.0314 35.7914 0.5
      vertex 59.9192 35.9192 7
      vertex 59.9192 35.9192 0.5
    endloop
  endfacet
  facet normal -0.751483 -0.659753 0
    outer loop
      vertex 59.9192 35.9192 7
      vertex 60.0314 35.7914 0.5
      vertex 60.0314 35.7914 7
    endloop
  endfacet
  facet normal -0.946844 0.321692 0
    outer loop
      vertex 60.201 34.5025 0.5
      vertex 60.2557 34.6635 7
      vertex 60.2557 34.6635 0.5
    endloop
  endfacet
  facet normal -0.946844 0.321692 0
    outer loop
      vertex 60.2557 34.6635 7
      vertex 60.201 34.5025 0.5
      vertex 60.201 34.5025 7
    endloop
  endfacet
  facet normal 0.0652701 -0.997868 0
    outer loop
      vertex 58.8303 36.2889 0.5
      vertex 59 36.3 7
      vertex 58.8303 36.2889 7
    endloop
  endfacet
  facet normal 0.0652701 -0.997868 0
    outer loop
      vertex 59 36.3 7
      vertex 58.8303 36.2889 0.5
      vertex 59 36.3 0.5
    endloop
  endfacet
  facet normal -0.442267 -0.896884 0
    outer loop
      vertex 59.4975 36.201 0.5
      vertex 59.65 36.1258 7
      vertex 59.4975 36.201 7
    endloop
  endfacet
  facet normal -0.442267 -0.896884 -0
    outer loop
      vertex 59.65 36.1258 7
      vertex 59.4975 36.201 0.5
      vertex 59.65 36.1258 0.5
    endloop
  endfacet
  facet normal 0.980761 -0.195211 0
    outer loop
      vertex 57.7111 35.1697 7
      vertex 57.7443 35.3365 0.5
      vertex 57.7443 35.3365 7
    endloop
  endfacet
  facet normal 0.980761 -0.195211 0
    outer loop
      vertex 57.7443 35.3365 0.5
      vertex 57.7111 35.1697 7
      vertex 57.7111 35.1697 0.5
    endloop
  endfacet
  facet normal 0.946844 0.321692 0
    outer loop
      vertex 57.799 34.5025 7
      vertex 57.7443 34.6635 0.5
      vertex 57.7443 34.6635 7
    endloop
  endfacet
  facet normal 0.946844 0.321692 0
    outer loop
      vertex 57.7443 34.6635 0.5
      vertex 57.799 34.5025 7
      vertex 57.799 34.5025 0.5
    endloop
  endfacet
  facet normal 0.997868 0.0652701 0
    outer loop
      vertex 57.7111 34.8303 7
      vertex 57.7 35 0.5
      vertex 57.7 35 7
    endloop
  endfacet
  facet normal 0.997868 0.0652701 0
    outer loop
      vertex 57.7 35 0.5
      vertex 57.7111 34.8303 7
      vertex 57.7111 34.8303 0.5
    endloop
  endfacet
  facet normal 0.997868 -0.0652701 0
    outer loop
      vertex 57.7 35 7
      vertex 57.7111 35.1697 0.5
      vertex 57.7111 35.1697 7
    endloop
  endfacet
  facet normal 0.997868 -0.0652701 0
    outer loop
      vertex 57.7111 35.1697 0.5
      vertex 57.7 35 7
      vertex 57.7 35 0.5
    endloop
  endfacet
  facet normal 0.555243 0.831688 -0
    outer loop
      vertex 58.35 33.8742 0.5
      vertex 58.2086 33.9686 7
      vertex 58.35 33.8742 7
    endloop
  endfacet
  facet normal 0.555243 0.831688 0
    outer loop
      vertex 58.2086 33.9686 7
      vertex 58.35 33.8742 0.5
      vertex 58.2086 33.9686 0.5
    endloop
  endfacet
  facet normal 0 0 1
    outer loop
      vertex 60.2889 35.1697 0.5
      vertex 60.2889 34.8303 0.5
      vertex 60.3 35 0.5
    endloop
  endfacet
  facet normal 0 0 1
    outer loop
      vertex 60.2557 35.3365 0.5
      vertex 60.2889 34.8303 0.5
      vertex 60.2889 35.1697 0.5
    endloop
  endfacet
  facet normal 0 0 1
    outer loop
      vertex 60.2557 35.3365 0.5
      vertex 60.2557 34.6635 0.5
      vertex 60.2889 34.8303 0.5
    endloop
  endfacet
  facet normal 0 0 1
    outer loop
      vertex 60.201 35.4975 0.5
      vertex 60.2557 34.6635 0.5
      vertex 60.2557 35.3365 0.5
    endloop
  endfacet
  facet normal 0 0 1
    outer loop
      vertex 60.201 35.4975 0.5
      vertex 60.201 34.5025 0.5
      vertex 60.2557 34.6635 0.5
    endloop
  endfacet
  facet normal 0 0 1
    outer loop
      vertex 60.1258 35.65 0.5
      vertex 60.201 34.5025 0.5
      vertex 60.201 35.4975 0.5
    endloop
  endfacet
  facet normal 0 0 1
    outer loop
      vertex 60.1258 35.65 0.5
      vertex 60.1258 34.35 0.5
      vertex 60.201 34.5025 0.5
    endloop
  endfacet
  facet normal 0 0 1
    outer loop
      vertex 60.0314 35.7914 0.5
      vertex 60.1258 34.35 0.5
      vertex 60.1258 35.65 0.5
    endloop
  endfacet
  facet normal 0 0 1
    outer loop
      vertex 60.0314 35.7914 0.5
      vertex 60.0314 34.2086 0.5
      vertex 60.1258 34.35 0.5
    endloop
  endfacet
  facet normal 0 0 1
    outer loop
      vertex 59.9192 35.9192 0.5
      vertex 60.0314 34.2086 0.5
      vertex 60.0314 35.7914 0.5
    endloop
  endfacet
  facet normal 0 0 1
    outer loop
      vertex 59.9192 35.9192 0.5
      vertex 59.9192 34.0808 0.5
      vertex 60.0314 34.2086 0.5
    endloop
  endfacet
  facet normal 0 0 1
    outer loop
      vertex 59.7914 36.0314 0.5
      vertex 59.9192 34.0808 0.5
      vertex 59.9192 35.9192 0.5
    endloop
  endfacet
  facet normal 0 0 1
    outer loop
      vertex 59.7914 36.0314 0.5
      vertex 59.7914 33.9686 0.5
      vertex 59.9192 34.0808 0.5
    endloop
  endfacet
  facet normal 0 0 1
    outer loop
      vertex 59.65 36.1258 0.5
      vertex 59.7914 33.9686 0.5
      vertex 59.7914 36.0314 0.5
    endloop
  endfacet
  facet normal 0 0 1
    outer loop
      vertex 59.65 36.1258 0.5
      vertex 59.65 33.8742 0.5
      vertex 59.7914 33.9686 0.5
    endloop
  endfacet
  facet normal 0 0 1
    outer loop
      vertex 59.4975 36.201 0.5
      vertex 59.65 33.8742 0.5
      vertex 59.65 36.1258 0.5
    endloop
  endfacet
  facet normal 0 0 1
    outer loop
      vertex 59.4975 36.201 0.5
      vertex 59.4975 33.799 0.5
      vertex 59.65 33.8742 0.5
    endloop
  endfacet
  facet normal 0 0 1
    outer loop
      vertex 59.3365 36.2557 0.5
      vertex 59.4975 33.799 0.5
      vertex 59.4975 36.201 0.5
    endloop
  endfacet
  facet normal 0 0 1
    outer loop
      vertex 59.3365 36.2557 0.5
      vertex 59.3365 33.7443 0.5
      vertex 59.4975 33.799 0.5
    endloop
  endfacet
  facet normal 0 0 1
    outer loop
      vertex 59.1697 36.2889 0.5
      vertex 59.3365 33.7443 0.5
      vertex 59.3365 36.2557 0.5
    endloop
  endfacet
  facet normal 0 0 1
    outer loop
      vertex 59.1697 36.2889 0.5
      vertex 59.1697 33.7111 0.5
      vertex 59.3365 33.7443 0.5
    endloop
  endfacet
  facet normal 0 0 1
    outer loop
      vertex 59 36.3 0.5
      vertex 59.1697 33.7111 0.5
      vertex 59.1697 36.2889 0.5
    endloop
  endfacet
  facet normal 0 0 1
    outer loop
      vertex 59 36.3 0.5
      vertex 59 33.7 0.5
      vertex 59.1697 33.7111 0.5
    endloop
  endfacet
  facet normal -0 0 1
    outer loop
      vertex 58.8303 36.2889 0.5
      vertex 59 33.7 0.5
      vertex 59 36.3 0.5
    endloop
  endfacet
  facet normal 0 0 1
    outer loop
      vertex 58.8303 36.2889 0.5
      vertex 58.8303 33.7111 0.5
      vertex 59 33.7 0.5
    endloop
  endfacet
  facet normal -0 0 1
    outer loop
      vertex 58.6635 36.2557 0.5
      vertex 58.8303 33.7111 0.5
      vertex 58.8303 36.2889 0.5
    endloop
  endfacet
  facet normal 0 0 1
    outer loop
      vertex 58.6635 36.2557 0.5
      vertex 58.6635 33.7443 0.5
      vertex 58.8303 33.7111 0.5
    endloop
  endfacet
  facet normal -0 0 1
    outer loop
      vertex 58.5025 36.201 0.5
      vertex 58.6635 33.7443 0.5
      vertex 58.6635 36.2557 0.5
    endloop
  endfacet
  facet normal 0 0 1
    outer loop
      vertex 58.5025 36.201 0.5
      vertex 58.5025 33.799 0.5
      vertex 58.6635 33.7443 0.5
    endloop
  endfacet
  facet normal -0 0 1
    outer loop
      vertex 58.35 36.1258 0.5
      vertex 58.5025 33.799 0.5
      vertex 58.5025 36.201 0.5
    endloop
  endfacet
  facet normal 0 0 1
    outer loop
      vertex 58.35 36.1258 0.5
      vertex 58.35 33.8742 0.5
      vertex 58.5025 33.799 0.5
    endloop
  endfacet
  facet normal -0 0 1
    outer loop
      vertex 58.2086 36.0314 0.5
      vertex 58.35 33.8742 0.5
      vertex 58.35 36.1258 0.5
    endloop
  endfacet
  facet normal 0 0 1
    outer loop
      vertex 58.2086 36.0314 0.5
      vertex 58.2086 33.9686 0.5
      vertex 58.35 33.8742 0.5
    endloop
  endfacet
  facet normal -0 0 1
    outer loop
      vertex 58.0808 35.9192 0.5
      vertex 58.2086 33.9686 0.5
      vertex 58.2086 36.0314 0.5
    endloop
  endfacet
  facet normal 0 0 1
    outer loop
      vertex 58.0808 35.9192 0.5
      vertex 58.0808 34.0808 0.5
      vertex 58.2086 33.9686 0.5
    endloop
  endfacet
  facet normal -0 0 1
    outer loop
      vertex 57.9686 35.7914 0.5
      vertex 58.0808 34.0808 0.5
      vertex 58.0808 35.9192 0.5
    endloop
  endfacet
  facet normal 0 0 1
    outer loop
      vertex 57.9686 35.7914 0.5
      vertex 57.9686 34.2086 0.5
      vertex 58.0808 34.0808 0.5
    endloop
  endfacet
  facet normal -0 0 1
    outer loop
      vertex 57.8742 35.65 0.5
      vertex 57.9686 34.2086 0.5
      vertex 57.9686 35.7914 0.5
    endloop
  endfacet
  facet normal 0 0 1
    outer loop
      vertex 57.8742 35.65 0.5
      vertex 57.8742 34.35 0.5
      vertex 57.9686 34.2086 0.5
    endloop
  endfacet
  facet normal -0 0 1
    outer loop
      vertex 57.799 35.4975 0.5
      vertex 57.8742 34.35 0.5
      vertex 57.8742 35.65 0.5
    endloop
  endfacet
  facet normal 0 0 1
    outer loop
      vertex 57.799 35.4975 0.5
      vertex 57.799 34.5025 0.5
      vertex 57.8742 34.35 0.5
    endloop
  endfacet
  facet normal -0 0 1
    outer loop
      vertex 57.7443 35.3365 0.5
      vertex 57.799 34.5025 0.5
      vertex 57.799 35.4975 0.5
    endloop
  endfacet
  facet normal 0 0 1
    outer loop
      vertex 57.7443 35.3365 0.5
      vertex 57.7443 34.6635 0.5
      vertex 57.799 34.5025 0.5
    endloop
  endfacet
  facet normal -0 0 1
    outer loop
      vertex 57.7111 35.1697 0.5
      vertex 57.7443 34.6635 0.5
      vertex 57.7443 35.3365 0.5
    endloop
  endfacet
  facet normal 0 0 1
    outer loop
      vertex 57.7111 35.1697 0.5
      vertex 57.7111 34.8303 0.5
      vertex 57.7443 34.6635 0.5
    endloop
  endfacet
  facet normal 0 -0 1
    outer loop
      vertex 57.7111 34.8303 0.5
      vertex 57.7111 35.1697 0.5
      vertex 57.7 35 0.5
    endloop
  endfacet
  facet normal 0.0652701 0.997868 -0
    outer loop
      vertex 59 33.7 0.5
      vertex 58.8303 33.7111 7
      vertex 59 33.7 7
    endloop
  endfacet
  facet normal 0.0652701 0.997868 0
    outer loop
      vertex 58.8303 33.7111 7
      vertex 59 33.7 0.5
      vertex 58.8303 33.7111 0.5
    endloop
  endfacet
  facet normal 0.195211 0.980761 -0
    outer loop
      vertex 58.8303 33.7111 0.5
      vertex 58.6635 33.7443 7
      vertex 58.8303 33.7111 7
    endloop
  endfacet
  facet normal 0.195211 0.980761 0
    outer loop
      vertex 58.6635 33.7443 7
      vertex 58.8303 33.7111 0.5
      vertex 58.6635 33.7443 0.5
    endloop
  endfacet
  facet normal -0.659753 0.751483 0
    outer loop
      vertex 59.9192 34.0808 0.5
      vertex 59.7914 33.9686 7
      vertex 59.9192 34.0808 7
    endloop
  endfacet
  facet normal -0.659753 0.751483 0
    outer loop
      vertex 59.7914 33.9686 7
      vertex 59.9192 34.0808 0.5
      vertex 59.7914 33.9686 0.5
    endloop
  endfacet
  facet normal -0.321481 0.946916 0
    outer loop
      vertex 59.4975 2.29896 0.5
      vertex 59.3365 2.2443 7
      vertex 59.4975 2.29896 7
    endloop
  endfacet
  facet normal -0.321481 0.946916 0
    outer loop
      vertex 59.3365 2.2443 7
      vertex 59.4975 2.29896 0.5
      vertex 59.3365 2.2443 0.5
    endloop
  endfacet
  facet normal -0.980757 -0.195234 0
    outer loop
      vertex 60.2889 3.66968 0.5
      vertex 60.2557 3.83646 7
      vertex 60.2557 3.83646 0.5
    endloop
  endfacet
  facet normal -0.980757 -0.195234 0
    outer loop
      vertex 60.2557 3.83646 7
      vertex 60.2889 3.66968 0.5
      vertex 60.2889 3.66968 7
    endloop
  endfacet
  facet normal -0.997867 -0.0652777 0
    outer loop
      vertex 60.3 3.5 0.5
      vertex 60.2889 3.66968 7
      vertex 60.2889 3.66968 0.5
    endloop
  endfacet
  facet normal -0.997867 -0.0652777 0
    outer loop
      vertex 60.2889 3.66968 7
      vertex 60.3 3.5 0.5
      vertex 60.3 3.5 7
    endloop
  endfacet
  facet normal -0.946863 -0.321638 0
    outer loop
      vertex 60.2557 3.83646 0.5
      vertex 60.201 3.99749 7
      vertex 60.201 3.99749 0.5
    endloop
  endfacet
  facet normal -0.946863 -0.321638 0
    outer loop
      vertex 60.201 3.99749 7
      vertex 60.2557 3.83646 0.5
      vertex 60.2557 3.83646 7
    endloop
  endfacet
  facet normal -0.321481 -0.946916 0
    outer loop
      vertex 59.3365 4.7557 0.5
      vertex 59.4975 4.70104 7
      vertex 59.3365 4.7557 7
    endloop
  endfacet
  facet normal -0.321481 -0.946916 -0
    outer loop
      vertex 59.4975 4.70104 7
      vertex 59.3365 4.7557 0.5
      vertex 59.4975 4.70104 0.5
    endloop
  endfacet
  facet normal 0.896895 -0.442243 0
    outer loop
      vertex 57.799 3.99749 7
      vertex 57.8742 4.15 0.5
      vertex 57.8742 4.15 7
    endloop
  endfacet
  facet normal 0.896895 -0.442243 0
    outer loop
      vertex 57.8742 4.15 0.5
      vertex 57.799 3.99749 7
      vertex 57.799 3.99749 0.5
    endloop
  endfacet
  facet normal 0.751611 0.659607 0
    outer loop
      vertex 58.0808 2.58076 7
      vertex 57.9686 2.70861 0.5
      vertex 57.9686 2.70861 7
    endloop
  endfacet
  facet normal 0.751611 0.659607 0
    outer loop
      vertex 57.9686 2.70861 0.5
      vertex 58.0808 2.58076 7
      vertex 58.0808 2.58076 0.5
    endloop
  endfacet
  facet normal -0.83167 -0.55527 0
    outer loop
      vertex 60.1258 4.15 0.5
      vertex 60.0314 4.29139 7
      vertex 60.0314 4.29139 0.5
    endloop
  endfacet
  facet normal -0.83167 -0.55527 0
    outer loop
      vertex 60.0314 4.29139 7
      vertex 60.1258 4.15 0.5
      vertex 60.1258 4.15 7
    endloop
  endfacet
  facet normal -0.896895 -0.442243 0
    outer loop
      vertex 60.201 3.99749 0.5
      vertex 60.1258 4.15 7
      vertex 60.1258 4.15 0.5
    endloop
  endfacet
  facet normal -0.896895 -0.442243 0
    outer loop
      vertex 60.1258 4.15 7
      vertex 60.201 3.99749 0.5
      vertex 60.201 3.99749 7
    endloop
  endfacet
  facet normal 0.659487 0.751716 -0
    outer loop
      vertex 58.2086 2.46864 0.5
      vertex 58.0808 2.58076 7
      vertex 58.2086 2.46864 7
    endloop
  endfacet
  facet normal 0.659487 0.751716 0
    outer loop
      vertex 58.0808 2.58076 7
      vertex 58.2086 2.46864 0.5
      vertex 58.0808 2.58076 0.5
    endloop
  endfacet
  facet normal 0.751611 -0.659607 0
    outer loop
      vertex 57.9686 4.29139 7
      vertex 58.0808 4.41924 0.5
      vertex 58.0808 4.41924 7
    endloop
  endfacet
  facet normal 0.751611 -0.659607 0
    outer loop
      vertex 58.0808 4.41924 0.5
      vertex 57.9686 4.29139 7
      vertex 57.9686 4.29139 0.5
    endloop
  endfacet
  facet normal -0.946863 0.321638 0
    outer loop
      vertex 60.201 3.00251 0.5
      vertex 60.2557 3.16354 7
      vertex 60.2557 3.16354 0.5
    endloop
  endfacet
  facet normal -0.946863 0.321638 0
    outer loop
      vertex 60.2557 3.16354 7
      vertex 60.201 3.00251 0.5
      vertex 60.201 3.00251 7
    endloop
  endfacet
  facet normal 0.83167 -0.55527 0
    outer loop
      vertex 57.8742 4.15 7
      vertex 57.9686 4.29139 0.5
      vertex 57.9686 4.29139 7
    endloop
  endfacet
  facet normal 0.83167 -0.55527 0
    outer loop
      vertex 57.9686 4.29139 0.5
      vertex 57.8742 4.15 7
      vertex 57.8742 4.15 0.5
    endloop
  endfacet
  facet normal -0.442314 0.89686 0
    outer loop
      vertex 59.65 2.37417 0.5
      vertex 59.4975 2.29896 7
      vertex 59.65 2.37417 7
    endloop
  endfacet
  facet normal -0.442314 0.89686 0
    outer loop
      vertex 59.4975 2.29896 7
      vertex 59.65 2.37417 0.5
      vertex 59.4975 2.29896 0.5
    endloop
  endfacet
  facet normal 0.946863 -0.321638 0
    outer loop
      vertex 57.7443 3.83646 7
      vertex 57.799 3.99749 0.5
      vertex 57.799 3.99749 7
    endloop
  endfacet
  facet normal 0.946863 -0.321638 0
    outer loop
      vertex 57.799 3.99749 0.5
      vertex 57.7443 3.83646 7
      vertex 57.7443 3.83646 0.5
    endloop
  endfacet
  facet normal 0.442314 -0.89686 0
    outer loop
      vertex 58.35 4.62583 0.5
      vertex 58.5025 4.70104 7
      vertex 58.35 4.62583 7
    endloop
  endfacet
  facet normal 0.442314 -0.89686 0
    outer loop
      vertex 58.5025 4.70104 7
      vertex 58.35 4.62583 0.5
      vertex 58.5025 4.70104 0.5
    endloop
  endfacet
  facet normal 0.321481 0.946916 -0
    outer loop
      vertex 58.6635 2.2443 0.5
      vertex 58.5025 2.29896 7
      vertex 58.6635 2.2443 7
    endloop
  endfacet
  facet normal 0.321481 0.946916 0
    outer loop
      vertex 58.5025 2.29896 7
      vertex 58.6635 2.2443 0.5
      vertex 58.5025 2.29896 0.5
    endloop
  endfacet
  facet normal -0.83167 0.55527 0
    outer loop
      vertex 60.0314 2.70861 0.5
      vertex 60.1258 2.85 7
      vertex 60.1258 2.85 0.5
    endloop
  endfacet
  facet normal -0.83167 0.55527 0
    outer loop
      vertex 60.1258 2.85 7
      vertex 60.0314 2.70861 0.5
      vertex 60.0314 2.70861 7
    endloop
  endfacet
  facet normal -0.195098 0.980784 0
    outer loop
      vertex 59.3365 2.2443 0.5
      vertex 59.1697 2.21112 7
      vertex 59.3365 2.2443 7
    endloop
  endfacet
  facet normal -0.195098 0.980784 0
    outer loop
      vertex 59.1697 2.21112 7
      vertex 59.3365 2.2443 0.5
      vertex 59.1697 2.21112 0.5
    endloop
  endfacet
  facet normal -0.0653872 -0.99786 0
    outer loop
      vertex 59 4.8 0.5
      vertex 59.1697 4.78888 7
      vertex 59 4.8 7
    endloop
  endfacet
  facet normal -0.0653872 -0.99786 -0
    outer loop
      vertex 59.1697 4.78888 7
      vertex 59 4.8 0.5
      vertex 59.1697 4.78888 0.5
    endloop
  endfacet
  facet normal -0.980757 0.195234 0
    outer loop
      vertex 60.2557 3.16354 0.5
      vertex 60.2889 3.33032 7
      vertex 60.2889 3.33032 0.5
    endloop
  endfacet
  facet normal -0.980757 0.195234 0
    outer loop
      vertex 60.2889 3.33032 7
      vertex 60.2557 3.16354 0.5
      vertex 60.2557 3.16354 7
    endloop
  endfacet
  facet normal -0.555528 0.831498 0
    outer loop
      vertex 59.7914 2.46864 0.5
      vertex 59.65 2.37417 7
      vertex 59.7914 2.46864 7
    endloop
  endfacet
  facet normal -0.555528 0.831498 0
    outer loop
      vertex 59.65 2.37417 7
      vertex 59.7914 2.46864 0.5
      vertex 59.65 2.37417 0.5
    endloop
  endfacet
  facet normal -0.555528 -0.831498 0
    outer loop
      vertex 59.65 4.62583 0.5
      vertex 59.7914 4.53136 7
      vertex 59.65 4.62583 7
    endloop
  endfacet
  facet normal -0.555528 -0.831498 -0
    outer loop
      vertex 59.7914 4.53136 7
      vertex 59.65 4.62583 0.5
      vertex 59.7914 4.53136 0.5
    endloop
  endfacet
  facet normal -0.896895 0.442243 0
    outer loop
      vertex 60.1258 2.85 0.5
      vertex 60.201 3.00251 7
      vertex 60.201 3.00251 0.5
    endloop
  endfacet
  facet normal -0.896895 0.442243 0
    outer loop
      vertex 60.201 3.00251 7
      vertex 60.1258 2.85 0.5
      vertex 60.1258 2.85 7
    endloop
  endfacet
  facet normal 0.555528 -0.831498 0
    outer loop
      vertex 58.2086 4.53136 0.5
      vertex 58.35 4.62583 7
      vertex 58.2086 4.53136 7
    endloop
  endfacet
  facet normal 0.555528 -0.831498 0
    outer loop
      vertex 58.35 4.62583 7
      vertex 58.2086 4.53136 0.5
      vertex 58.35 4.62583 0.5
    endloop
  endfacet
  facet normal -0.751611 0.659607 0
    outer loop
      vertex 59.9192 2.58076 0.5
      vertex 60.0314 2.70861 7
      vertex 60.0314 2.70861 0.5
    endloop
  endfacet
  facet normal -0.751611 0.659607 0
    outer loop
      vertex 60.0314 2.70861 7
      vertex 59.9192 2.58076 0.5
      vertex 59.9192 2.58076 7
    endloop
  endfacet
  facet normal -0.195098 -0.980784 0
    outer loop
      vertex 59.1697 4.78888 0.5
      vertex 59.3365 4.7557 7
      vertex 59.1697 4.78888 7
    endloop
  endfacet
  facet normal -0.195098 -0.980784 -0
    outer loop
      vertex 59.3365 4.7557 7
      vertex 59.1697 4.78888 0.5
      vertex 59.3365 4.7557 0.5
    endloop
  endfacet
  facet normal 0.659487 -0.751716 0
    outer loop
      vertex 58.0808 4.41924 0.5
      vertex 58.2086 4.53136 7
      vertex 58.0808 4.41924 7
    endloop
  endfacet
  facet normal 0.659487 -0.751716 0
    outer loop
      vertex 58.2086 4.53136 7
      vertex 58.0808 4.41924 0.5
      vertex 58.2086 4.53136 0.5
    endloop
  endfacet
  facet normal 0.321481 -0.946916 0
    outer loop
      vertex 58.5025 4.70104 0.5
      vertex 58.6635 4.7557 7
      vertex 58.5025 4.70104 7
    endloop
  endfacet
  facet normal 0.321481 -0.946916 0
    outer loop
      vertex 58.6635 4.7557 7
      vertex 58.5025 4.70104 0.5
      vertex 58.6635 4.7557 0.5
    endloop
  endfacet
  facet normal -0.997867 0.0652777 0
    outer loop
      vertex 60.2889 3.33032 0.5
      vertex 60.3 3.5 7
      vertex 60.3 3.5 0.5
    endloop
  endfacet
  facet normal -0.997867 0.0652777 0
    outer loop
      vertex 60.3 3.5 7
      vertex 60.2889 3.33032 0.5
      vertex 60.2889 3.33032 7
    endloop
  endfacet
  facet normal 0.980757 0.195234 0
    outer loop
      vertex 57.7443 3.16354 7
      vertex 57.7111 3.33032 0.5
      vertex 57.7111 3.33032 7
    endloop
  endfacet
  facet normal 0.980757 0.195234 0
    outer loop
      vertex 57.7111 3.33032 0.5
      vertex 57.7443 3.16354 7
      vertex 57.7443 3.16354 0.5
    endloop
  endfacet
  facet normal -0.659487 -0.751716 0
    outer loop
      vertex 59.7914 4.53136 0.5
      vertex 59.9192 4.41924 7
      vertex 59.7914 4.53136 7
    endloop
  endfacet
  facet normal -0.659487 -0.751716 -0
    outer loop
      vertex 59.9192 4.41924 7
      vertex 59.7914 4.53136 0.5
      vertex 59.9192 4.41924 0.5
    endloop
  endfacet
  facet normal -0.0653872 0.99786 0
    outer loop
      vertex 59.1697 2.21112 0.5
      vertex 59 2.2 7
      vertex 59.1697 2.21112 7
    endloop
  endfacet
  facet normal -0.0653872 0.99786 0
    outer loop
      vertex 59 2.2 7
      vertex 59.1697 2.21112 0.5
      vertex 59 2.2 0.5
    endloop
  endfacet
  facet normal 0.896895 0.442243 0
    outer loop
      vertex 57.8742 2.85 7
      vertex 57.799 3.00251 0.5
      vertex 57.799 3.00251 7
    endloop
  endfacet
  facet normal 0.896895 0.442243 0
    outer loop
      vertex 57.799 3.00251 0.5
      vertex 57.8742 2.85 7
      vertex 57.8742 2.85 0.5
    endloop
  endfacet
  facet normal 0.442314 0.89686 -0
    outer loop
      vertex 58.5025 2.29896 0.5
      vertex 58.35 2.37417 7
      vertex 58.5025 2.29896 7
    endloop
  endfacet
  facet normal 0.442314 0.89686 0
    outer loop
      vertex 58.35 2.37417 7
      vertex 58.5025 2.29896 0.5
      vertex 58.35 2.37417 0.5
    endloop
  endfacet
  facet normal 0.83167 0.55527 0
    outer loop
      vertex 57.9686 2.70861 7
      vertex 57.8742 2.85 0.5
      vertex 57.8742 2.85 7
    endloop
  endfacet
  facet normal 0.83167 0.55527 0
    outer loop
      vertex 57.8742 2.85 0.5
      vertex 57.9686 2.70861 7
      vertex 57.9686 2.70861 0.5
    endloop
  endfacet
  facet normal -0.751611 -0.659607 0
    outer loop
      vertex 60.0314 4.29139 0.5
      vertex 59.9192 4.41924 7
      vertex 59.9192 4.41924 0.5
    endloop
  endfacet
  facet normal -0.751611 -0.659607 0
    outer loop
      vertex 59.9192 4.41924 7
      vertex 60.0314 4.29139 0.5
      vertex 60.0314 4.29139 7
    endloop
  endfacet
  facet normal 0.0653872 -0.99786 0
    outer loop
      vertex 58.8303 4.78888 0.5
      vertex 59 4.8 7
      vertex 58.8303 4.78888 7
    endloop
  endfacet
  facet normal 0.0653872 -0.99786 0
    outer loop
      vertex 59 4.8 7
      vertex 58.8303 4.78888 0.5
      vertex 59 4.8 0.5
    endloop
  endfacet
  facet normal -0.442314 -0.89686 0
    outer loop
      vertex 59.4975 4.70104 0.5
      vertex 59.65 4.62583 7
      vertex 59.4975 4.70104 7
    endloop
  endfacet
  facet normal -0.442314 -0.89686 -0
    outer loop
      vertex 59.65 4.62583 7
      vertex 59.4975 4.70104 0.5
      vertex 59.65 4.62583 0.5
    endloop
  endfacet
  facet normal 0.980757 -0.195234 0
    outer loop
      vertex 57.7111 3.66968 7
      vertex 57.7443 3.83646 0.5
      vertex 57.7443 3.83646 7
    endloop
  endfacet
  facet normal 0.980757 -0.195234 0
    outer loop
      vertex 57.7443 3.83646 0.5
      vertex 57.7111 3.66968 7
      vertex 57.7111 3.66968 0.5
    endloop
  endfacet
  facet normal 0.946863 0.321638 0
    outer loop
      vertex 57.799 3.00251 7
      vertex 57.7443 3.16354 0.5
      vertex 57.7443 3.16354 7
    endloop
  endfacet
  facet normal 0.946863 0.321638 0
    outer loop
      vertex 57.7443 3.16354 0.5
      vertex 57.799 3.00251 7
      vertex 57.799 3.00251 0.5
    endloop
  endfacet
  facet normal 0.195098 -0.980784 0
    outer loop
      vertex 58.6635 4.7557 0.5
      vertex 58.8303 4.78888 7
      vertex 58.6635 4.7557 7
    endloop
  endfacet
  facet normal 0.195098 -0.980784 0
    outer loop
      vertex 58.8303 4.78888 7
      vertex 58.6635 4.7557 0.5
      vertex 58.8303 4.78888 0.5
    endloop
  endfacet
  facet normal 0.997867 0.0652777 0
    outer loop
      vertex 57.7111 3.33032 7
      vertex 57.7 3.5 0.5
      vertex 57.7 3.5 7
    endloop
  endfacet
  facet normal 0.997867 0.0652777 0
    outer loop
      vertex 57.7 3.5 0.5
      vertex 57.7111 3.33032 7
      vertex 57.7111 3.33032 0.5
    endloop
  endfacet
  facet normal 0.997867 -0.0652777 0
    outer loop
      vertex 57.7 3.5 7
      vertex 57.7111 3.66968 0.5
      vertex 57.7111 3.66968 7
    endloop
  endfacet
  facet normal 0.997867 -0.0652777 0
    outer loop
      vertex 57.7111 3.66968 0.5
      vertex 57.7 3.5 7
      vertex 57.7 3.5 0.5
    endloop
  endfacet
  facet normal 0.555528 0.831498 -0
    outer loop
      vertex 58.35 2.37417 0.5
      vertex 58.2086 2.46864 7
      vertex 58.35 2.37417 7
    endloop
  endfacet
  facet normal 0.555528 0.831498 0
    outer loop
      vertex 58.2086 2.46864 7
      vertex 58.35 2.37417 0.5
      vertex 58.2086 2.46864 0.5
    endloop
  endfacet
  facet normal 0 0 1
    outer loop
      vertex 60.2889 3.66968 0.5
      vertex 60.2889 3.33032 0.5
      vertex 60.3 3.5 0.5
    endloop
  endfacet
  facet normal 0 0 1
    outer loop
      vertex 60.2557 3.83646 0.5
      vertex 60.2889 3.33032 0.5
      vertex 60.2889 3.66968 0.5
    endloop
  endfacet
  facet normal 0 0 1
    outer loop
      vertex 60.2557 3.83646 0.5
      vertex 60.2557 3.16354 0.5
      vertex 60.2889 3.33032 0.5
    endloop
  endfacet
  facet normal 0 0 1
    outer loop
      vertex 60.201 3.99749 0.5
      vertex 60.2557 3.16354 0.5
      vertex 60.2557 3.83646 0.5
    endloop
  endfacet
  facet normal 0 0 1
    outer loop
      vertex 60.201 3.99749 0.5
      vertex 60.201 3.00251 0.5
      vertex 60.2557 3.16354 0.5
    endloop
  endfacet
  facet normal 0 0 1
    outer loop
      vertex 60.1258 4.15 0.5
      vertex 60.201 3.00251 0.5
      vertex 60.201 3.99749 0.5
    endloop
  endfacet
  facet normal 0 0 1
    outer loop
      vertex 60.1258 4.15 0.5
      vertex 60.1258 2.85 0.5
      vertex 60.201 3.00251 0.5
    endloop
  endfacet
  facet normal 0 0 1
    outer loop
      vertex 60.0314 4.29139 0.5
      vertex 60.1258 2.85 0.5
      vertex 60.1258 4.15 0.5
    endloop
  endfacet
  facet normal 0 0 1
    outer loop
      vertex 60.0314 4.29139 0.5
      vertex 60.0314 2.70861 0.5
      vertex 60.1258 2.85 0.5
    endloop
  endfacet
  facet normal 0 0 1
    outer loop
      vertex 59.9192 4.41924 0.5
      vertex 60.0314 2.70861 0.5
      vertex 60.0314 4.29139 0.5
    endloop
  endfacet
  facet normal 0 0 1
    outer loop
      vertex 59.9192 4.41924 0.5
      vertex 59.9192 2.58076 0.5
      vertex 60.0314 2.70861 0.5
    endloop
  endfacet
  facet normal 0 0 1
    outer loop
      vertex 59.7914 4.53136 0.5
      vertex 59.9192 2.58076 0.5
      vertex 59.9192 4.41924 0.5
    endloop
  endfacet
  facet normal 0 0 1
    outer loop
      vertex 59.7914 4.53136 0.5
      vertex 59.7914 2.46864 0.5
      vertex 59.9192 2.58076 0.5
    endloop
  endfacet
  facet normal 0 0 1
    outer loop
      vertex 59.65 4.62583 0.5
      vertex 59.7914 2.46864 0.5
      vertex 59.7914 4.53136 0.5
    endloop
  endfacet
  facet normal 0 0 1
    outer loop
      vertex 59.65 4.62583 0.5
      vertex 59.65 2.37417 0.5
      vertex 59.7914 2.46864 0.5
    endloop
  endfacet
  facet normal 0 0 1
    outer loop
      vertex 59.4975 4.70104 0.5
      vertex 59.65 2.37417 0.5
      vertex 59.65 4.62583 0.5
    endloop
  endfacet
  facet normal 0 0 1
    outer loop
      vertex 59.4975 4.70104 0.5
      vertex 59.4975 2.29896 0.5
      vertex 59.65 2.37417 0.5
    endloop
  endfacet
  facet normal 0 0 1
    outer loop
      vertex 59.3365 4.7557 0.5
      vertex 59.4975 2.29896 0.5
      vertex 59.4975 4.70104 0.5
    endloop
  endfacet
  facet normal 0 0 1
    outer loop
      vertex 59.3365 4.7557 0.5
      vertex 59.3365 2.2443 0.5
      vertex 59.4975 2.29896 0.5
    endloop
  endfacet
  facet normal 0 0 1
    outer loop
      vertex 59.1697 4.78888 0.5
      vertex 59.3365 2.2443 0.5
      vertex 59.3365 4.7557 0.5
    endloop
  endfacet
  facet normal 0 0 1
    outer loop
      vertex 59.1697 4.78888 0.5
      vertex 59.1697 2.21112 0.5
      vertex 59.3365 2.2443 0.5
    endloop
  endfacet
  facet normal 0 0 1
    outer loop
      vertex 59 4.8 0.5
      vertex 59.1697 2.21112 0.5
      vertex 59.1697 4.78888 0.5
    endloop
  endfacet
  facet normal 0 0 1
    outer loop
      vertex 59 4.8 0.5
      vertex 59 2.2 0.5
      vertex 59.1697 2.21112 0.5
    endloop
  endfacet
  facet normal -0 0 1
    outer loop
      vertex 58.8303 4.78888 0.5
      vertex 59 2.2 0.5
      vertex 59 4.8 0.5
    endloop
  endfacet
  facet normal 0 0 1
    outer loop
      vertex 58.8303 4.78888 0.5
      vertex 58.8303 2.21112 0.5
      vertex 59 2.2 0.5
    endloop
  endfacet
  facet normal -0 0 1
    outer loop
      vertex 58.6635 4.7557 0.5
      vertex 58.8303 2.21112 0.5
      vertex 58.8303 4.78888 0.5
    endloop
  endfacet
  facet normal 0 0 1
    outer loop
      vertex 58.6635 4.7557 0.5
      vertex 58.6635 2.2443 0.5
      vertex 58.8303 2.21112 0.5
    endloop
  endfacet
  facet normal -0 0 1
    outer loop
      vertex 58.5025 4.70104 0.5
      vertex 58.6635 2.2443 0.5
      vertex 58.6635 4.7557 0.5
    endloop
  endfacet
  facet normal 0 0 1
    outer loop
      vertex 58.5025 4.70104 0.5
      vertex 58.5025 2.29896 0.5
      vertex 58.6635 2.2443 0.5
    endloop
  endfacet
  facet normal -0 0 1
    outer loop
      vertex 58.35 4.62583 0.5
      vertex 58.5025 2.29896 0.5
      vertex 58.5025 4.70104 0.5
    endloop
  endfacet
  facet normal 0 0 1
    outer loop
      vertex 58.35 4.62583 0.5
      vertex 58.35 2.37417 0.5
      vertex 58.5025 2.29896 0.5
    endloop
  endfacet
  facet normal -0 0 1
    outer loop
      vertex 58.2086 4.53136 0.5
      vertex 58.35 2.37417 0.5
      vertex 58.35 4.62583 0.5
    endloop
  endfacet
  facet normal 0 0 1
    outer loop
      vertex 58.2086 4.53136 0.5
      vertex 58.2086 2.46864 0.5
      vertex 58.35 2.37417 0.5
    endloop
  endfacet
  facet normal -0 0 1
    outer loop
      vertex 58.0808 4.41924 0.5
      vertex 58.2086 2.46864 0.5
      vertex 58.2086 4.53136 0.5
    endloop
  endfacet
  facet normal 0 0 1
    outer loop
      vertex 58.0808 4.41924 0.5
      vertex 58.0808 2.58076 0.5
      vertex 58.2086 2.46864 0.5
    endloop
  endfacet
  facet normal -0 0 1
    outer loop
      vertex 57.9686 4.29139 0.5
      vertex 58.0808 2.58076 0.5
      vertex 58.0808 4.41924 0.5
    endloop
  endfacet
  facet normal 0 0 1
    outer loop
      vertex 57.9686 4.29139 0.5
      vertex 57.9686 2.70861 0.5
      vertex 58.0808 2.58076 0.5
    endloop
  endfacet
  facet normal -0 0 1
    outer loop
      vertex 57.8742 4.15 0.5
      vertex 57.9686 2.70861 0.5
      vertex 57.9686 4.29139 0.5
    endloop
  endfacet
  facet normal 0 0 1
    outer loop
      vertex 57.8742 4.15 0.5
      vertex 57.8742 2.85 0.5
      vertex 57.9686 2.70861 0.5
    endloop
  endfacet
  facet normal -0 0 1
    outer loop
      vertex 57.799 3.99749 0.5
      vertex 57.8742 2.85 0.5
      vertex 57.8742 4.15 0.5
    endloop
  endfacet
  facet normal 0 0 1
    outer loop
      vertex 57.799 3.99749 0.5
      vertex 57.799 3.00251 0.5
      vertex 57.8742 2.85 0.5
    endloop
  endfacet
  facet normal -0 0 1
    outer loop
      vertex 57.7443 3.83646 0.5
      vertex 57.799 3.00251 0.5
      vertex 57.799 3.99749 0.5
    endloop
  endfacet
  facet normal 0 0 1
    outer loop
      vertex 57.7443 3.83646 0.5
      vertex 57.7443 3.16354 0.5
      vertex 57.799 3.00251 0.5
    endloop
  endfacet
  facet normal -0 0 1
    outer loop
      vertex 57.7111 3.66968 0.5
      vertex 57.7443 3.16354 0.5
      vertex 57.7443 3.83646 0.5
    endloop
  endfacet
  facet normal 0 0 1
    outer loop
      vertex 57.7111 3.66968 0.5
      vertex 57.7111 3.33032 0.5
      vertex 57.7443 3.16354 0.5
    endloop
  endfacet
  facet normal 0 -0 1
    outer loop
      vertex 57.7111 3.33032 0.5
      vertex 57.7111 3.66968 0.5
      vertex 57.7 3.5 0.5
    endloop
  endfacet
  facet normal 0.0653872 0.99786 -0
    outer loop
      vertex 59 2.2 0.5
      vertex 58.8303 2.21112 7
      vertex 59 2.2 7
    endloop
  endfacet
  facet normal 0.0653872 0.99786 0
    outer loop
      vertex 58.8303 2.21112 7
      vertex 59 2.2 0.5
      vertex 58.8303 2.21112 0.5
    endloop
  endfacet
  facet normal 0.195098 0.980784 -0
    outer loop
      vertex 58.8303 2.21112 0.5
      vertex 58.6635 2.2443 7
      vertex 58.8303 2.21112 7
    endloop
  endfacet
  facet normal 0.195098 0.980784 0
    outer loop
      vertex 58.6635 2.2443 7
      vertex 58.8303 2.21112 0.5
      vertex 58.6635 2.2443 0.5
    endloop
  endfacet
  facet normal -0.659487 0.751716 0
    outer loop
      vertex 59.9192 2.58076 0.5
      vertex 59.7914 2.46864 7
      vertex 59.9192 2.58076 7
    endloop
  endfacet
  facet normal -0.659487 0.751716 0
    outer loop
      vertex 59.7914 2.46864 7
      vertex 59.9192 2.58076 0.5
      vertex 59.7914 2.46864 0.5
    endloop
  endfacet
  facet normal -0.980779 -0.195121 0
    outer loop
      vertex 5.28888 3.56968 0.5
      vertex 5.2557 3.73646 7
      vertex 5.2557 3.73646 0.5
    endloop
  endfacet
  facet normal -0.980779 -0.195121 0
    outer loop
      vertex 5.2557 3.73646 7
      vertex 5.28888 3.56968 0.5
      vertex 5.28888 3.56968 7
    endloop
  endfacet
  facet normal -0.997859 -0.0653948 0
    outer loop
      vertex 5.3 3.4 0.5
      vertex 5.28888 3.56968 7
      vertex 5.28888 3.56968 0.5
    endloop
  endfacet
  facet normal -0.997859 -0.0653948 0
    outer loop
      vertex 5.28888 3.56968 7
      vertex 5.3 3.4 0.5
      vertex 5.3 3.4 7
    endloop
  endfacet
  facet normal -0.946934 -0.321427 0
    outer loop
      vertex 5.2557 3.73646 0.5
      vertex 5.20104 3.89749 7
      vertex 5.20104 3.89749 0.5
    endloop
  endfacet
  facet normal -0.946934 -0.321427 0
    outer loop
      vertex 5.20104 3.89749 7
      vertex 5.2557 3.73646 0.5
      vertex 5.2557 3.73646 7
    endloop
  endfacet
  facet normal -0.321427 -0.946934 0
    outer loop
      vertex 4.33646 4.6557 0.5
      vertex 4.49749 4.60104 7
      vertex 4.33646 4.6557 7
    endloop
  endfacet
  facet normal -0.321427 -0.946934 -0
    outer loop
      vertex 4.49749 4.60104 7
      vertex 4.33646 4.6557 0.5
      vertex 4.49749 4.60104 0.5
    endloop
  endfacet
  facet normal 0.997859 0.0653948 0
    outer loop
      vertex 2.71112 3.23032 7
      vertex 2.7 3.4 0.5
      vertex 2.7 3.4 7
    endloop
  endfacet
  facet normal 0.997859 0.0653948 0
    outer loop
      vertex 2.7 3.4 0.5
      vertex 2.71112 3.23032 7
      vertex 2.71112 3.23032 0.5
    endloop
  endfacet
  facet normal -0.0653948 -0.997859 0
    outer loop
      vertex 4 4.7 0.5
      vertex 4.16968 4.68888 7
      vertex 4 4.7 7
    endloop
  endfacet
  facet normal -0.0653948 -0.997859 -0
    outer loop
      vertex 4.16968 4.68888 7
      vertex 4 4.7 0.5
      vertex 4.16968 4.68888 0.5
    endloop
  endfacet
  facet normal -0.896872 -0.442291 0
    outer loop
      vertex 5.20104 3.89749 0.5
      vertex 5.12583 4.05 7
      vertex 5.12583 4.05 0.5
    endloop
  endfacet
  facet normal -0.896872 -0.442291 0
    outer loop
      vertex 5.12583 4.05 7
      vertex 5.20104 3.89749 0.5
      vertex 5.20104 3.89749 7
    endloop
  endfacet
  facet normal 0 0 1
    outer loop
      vertex 5.28888 3.56968 0.5
      vertex 5.28888 3.23032 0.5
      vertex 5.3 3.4 0.5
    endloop
  endfacet
  facet normal 0 0 1
    outer loop
      vertex 5.2557 3.73646 0.5
      vertex 5.28888 3.23032 0.5
      vertex 5.28888 3.56968 0.5
    endloop
  endfacet
  facet normal 0 0 1
    outer loop
      vertex 5.2557 3.73646 0.5
      vertex 5.2557 3.06353 0.5
      vertex 5.28888 3.23032 0.5
    endloop
  endfacet
  facet normal 0 0 1
    outer loop
      vertex 5.20104 3.89749 0.5
      vertex 5.2557 3.06353 0.5
      vertex 5.2557 3.73646 0.5
    endloop
  endfacet
  facet normal 0 0 1
    outer loop
      vertex 5.20104 3.89749 0.5
      vertex 5.20104 2.90251 0.5
      vertex 5.2557 3.06353 0.5
    endloop
  endfacet
  facet normal 0 0 1
    outer loop
      vertex 5.12583 4.05 0.5
      vertex 5.20104 2.90251 0.5
      vertex 5.20104 3.89749 0.5
    endloop
  endfacet
  facet normal 0 0 1
    outer loop
      vertex 5.12583 4.05 0.5
      vertex 5.12583 2.75 0.5
      vertex 5.20104 2.90251 0.5
    endloop
  endfacet
  facet normal 0 0 1
    outer loop
      vertex 5.03136 4.19139 0.5
      vertex 5.12583 2.75 0.5
      vertex 5.12583 4.05 0.5
    endloop
  endfacet
  facet normal 0 0 1
    outer loop
      vertex 5.03136 4.19139 0.5
      vertex 5.03136 2.60861 0.5
      vertex 5.12583 2.75 0.5
    endloop
  endfacet
  facet normal 0 0 1
    outer loop
      vertex 4.91924 4.31924 0.5
      vertex 5.03136 2.60861 0.5
      vertex 5.03136 4.19139 0.5
    endloop
  endfacet
  facet normal 0 0 1
    outer loop
      vertex 4.91924 4.31924 0.5
      vertex 4.91924 2.48076 0.5
      vertex 5.03136 2.60861 0.5
    endloop
  endfacet
  facet normal 0 0 1
    outer loop
      vertex 4.79139 4.43136 0.5
      vertex 4.91924 2.48076 0.5
      vertex 4.91924 4.31924 0.5
    endloop
  endfacet
  facet normal 0 0 1
    outer loop
      vertex 4.79139 4.43136 0.5
      vertex 4.79139 2.36864 0.5
      vertex 4.91924 2.48076 0.5
    endloop
  endfacet
  facet normal 0 0 1
    outer loop
      vertex 4.65 4.52583 0.5
      vertex 4.79139 2.36864 0.5
      vertex 4.79139 4.43136 0.5
    endloop
  endfacet
  facet normal 0 0 1
    outer loop
      vertex 4.65 4.52583 0.5
      vertex 4.65 2.27417 0.5
      vertex 4.79139 2.36864 0.5
    endloop
  endfacet
  facet normal 0 0 1
    outer loop
      vertex 4.49749 4.60104 0.5
      vertex 4.65 2.27417 0.5
      vertex 4.65 4.52583 0.5
    endloop
  endfacet
  facet normal 0 0 1
    outer loop
      vertex 4.49749 4.60104 0.5
      vertex 4.49749 2.19896 0.5
      vertex 4.65 2.27417 0.5
    endloop
  endfacet
  facet normal 0 0 1
    outer loop
      vertex 4.33646 4.6557 0.5
      vertex 4.49749 2.19896 0.5
      vertex 4.49749 4.60104 0.5
    endloop
  endfacet
  facet normal 0 0 1
    outer loop
      vertex 4.33646 4.6557 0.5
      vertex 4.33646 2.1443 0.5
      vertex 4.49749 2.19896 0.5
    endloop
  endfacet
  facet normal 0 0 1
    outer loop
      vertex 4.16968 4.68888 0.5
      vertex 4.33646 2.1443 0.5
      vertex 4.33646 4.6557 0.5
    endloop
  endfacet
  facet normal 0 0 1
    outer loop
      vertex 4.16968 4.68888 0.5
      vertex 4.16968 2.11112 0.5
      vertex 4.33646 2.1443 0.5
    endloop
  endfacet
  facet normal 0 0 1
    outer loop
      vertex 4 4.7 0.5
      vertex 4.16968 2.11112 0.5
      vertex 4.16968 4.68888 0.5
    endloop
  endfacet
  facet normal 0 0 1
    outer loop
      vertex 4 4.7 0.5
      vertex 4 2.1 0.5
      vertex 4.16968 2.11112 0.5
    endloop
  endfacet
  facet normal -0 0 1
    outer loop
      vertex 3.83032 4.68888 0.5
      vertex 4 2.1 0.5
      vertex 4 4.7 0.5
    endloop
  endfacet
  facet normal 0 0 1
    outer loop
      vertex 3.83032 4.68888 0.5
      vertex 3.83032 2.11112 0.5
      vertex 4 2.1 0.5
    endloop
  endfacet
  facet normal -0 0 1
    outer loop
      vertex 3.66354 4.6557 0.5
      vertex 3.83032 2.11112 0.5
      vertex 3.83032 4.68888 0.5
    endloop
  endfacet
  facet normal 0 0 1
    outer loop
      vertex 3.66354 4.6557 0.5
      vertex 3.66354 2.1443 0.5
      vertex 3.83032 2.11112 0.5
    endloop
  endfacet
  facet normal -0 0 1
    outer loop
      vertex 3.50251 4.60104 0.5
      vertex 3.66354 2.1443 0.5
      vertex 3.66354 4.6557 0.5
    endloop
  endfacet
  facet normal 0 0 1
    outer loop
      vertex 3.50251 4.60104 0.5
      vertex 3.50251 2.19896 0.5
      vertex 3.66354 2.1443 0.5
    endloop
  endfacet
  facet normal -0 0 1
    outer loop
      vertex 3.35 4.52583 0.5
      vertex 3.50251 2.19896 0.5
      vertex 3.50251 4.60104 0.5
    endloop
  endfacet
  facet normal 0 0 1
    outer loop
      vertex 3.35 4.52583 0.5
      vertex 3.35 2.27417 0.5
      vertex 3.50251 2.19896 0.5
    endloop
  endfacet
  facet normal -0 0 1
    outer loop
      vertex 3.20861 4.43136 0.5
      vertex 3.35 2.27417 0.5
      vertex 3.35 4.52583 0.5
    endloop
  endfacet
  facet normal 0 0 1
    outer loop
      vertex 3.20861 4.43136 0.5
      vertex 3.20861 2.36864 0.5
      vertex 3.35 2.27417 0.5
    endloop
  endfacet
  facet normal -0 0 1
    outer loop
      vertex 3.08076 4.31924 0.5
      vertex 3.20861 2.36864 0.5
      vertex 3.20861 4.43136 0.5
    endloop
  endfacet
  facet normal 0 0 1
    outer loop
      vertex 3.08076 4.31924 0.5
      vertex 3.08076 2.48076 0.5
      vertex 3.20861 2.36864 0.5
    endloop
  endfacet
  facet normal -0 0 1
    outer loop
      vertex 2.96864 4.19139 0.5
      vertex 3.08076 2.48076 0.5
      vertex 3.08076 4.31924 0.5
    endloop
  endfacet
  facet normal 0 0 1
    outer loop
      vertex 2.96864 4.19139 0.5
      vertex 2.96864 2.60861 0.5
      vertex 3.08076 2.48076 0.5
    endloop
  endfacet
  facet normal -0 0 1
    outer loop
      vertex 2.87417 4.05 0.5
      vertex 2.96864 2.60861 0.5
      vertex 2.96864 4.19139 0.5
    endloop
  endfacet
  facet normal 0 0 1
    outer loop
      vertex 2.87417 4.05 0.5
      vertex 2.87417 2.75 0.5
      vertex 2.96864 2.60861 0.5
    endloop
  endfacet
  facet normal -0 0 1
    outer loop
      vertex 2.79896 3.89749 0.5
      vertex 2.87417 2.75 0.5
      vertex 2.87417 4.05 0.5
    endloop
  endfacet
  facet normal 0 0 1
    outer loop
      vertex 2.79896 3.89749 0.5
      vertex 2.79896 2.90251 0.5
      vertex 2.87417 2.75 0.5
    endloop
  endfacet
  facet normal -0 0 1
    outer loop
      vertex 2.7443 3.73646 0.5
      vertex 2.79896 2.90251 0.5
      vertex 2.79896 3.89749 0.5
    endloop
  endfacet
  facet normal 0 0 1
    outer loop
      vertex 2.7443 3.73646 0.5
      vertex 2.7443 3.06353 0.5
      vertex 2.79896 2.90251 0.5
    endloop
  endfacet
  facet normal -0 0 1
    outer loop
      vertex 2.71112 3.56968 0.5
      vertex 2.7443 3.06353 0.5
      vertex 2.7443 3.73646 0.5
    endloop
  endfacet
  facet normal 0 0 1
    outer loop
      vertex 2.71112 3.56968 0.5
      vertex 2.71112 3.23032 0.5
      vertex 2.7443 3.06353 0.5
    endloop
  endfacet
  facet normal 0 -0 1
    outer loop
      vertex 2.71112 3.23032 0.5
      vertex 2.71112 3.56968 0.5
      vertex 2.7 3.4 0.5
    endloop
  endfacet
  facet normal 0.659341 0.751844 -0
    outer loop
      vertex 3.20861 2.36864 0.5
      vertex 3.08076 2.48076 7
      vertex 3.20861 2.36864 7
    endloop
  endfacet
  facet normal 0.659341 0.751844 0
    outer loop
      vertex 3.08076 2.48076 7
      vertex 3.20861 2.36864 0.5
      vertex 3.08076 2.48076 0.5
    endloop
  endfacet
  facet normal -0.195121 0.980779 0
    outer loop
      vertex 4.33646 2.1443 0.5
      vertex 4.16968 2.11112 7
      vertex 4.33646 2.1443 7
    endloop
  endfacet
  facet normal -0.195121 0.980779 0
    outer loop
      vertex 4.16968 2.11112 7
      vertex 4.33646 2.1443 0.5
      vertex 4.16968 2.11112 0.5
    endloop
  endfacet
  facet normal -0.555555 -0.83148 0
    outer loop
      vertex 4.65 4.52583 0.5
      vertex 4.79139 4.43136 7
      vertex 4.65 4.52583 7
    endloop
  endfacet
  facet normal -0.555555 -0.83148 -0
    outer loop
      vertex 4.79139 4.43136 7
      vertex 4.65 4.52583 0.5
      vertex 4.79139 4.43136 0.5
    endloop
  endfacet
  facet normal -0.321427 0.946934 0
    outer loop
      vertex 4.49749 2.19896 0.5
      vertex 4.33646 2.1443 7
      vertex 4.49749 2.19896 7
    endloop
  endfacet
  facet normal -0.321427 0.946934 0
    outer loop
      vertex 4.33646 2.1443 7
      vertex 4.49749 2.19896 0.5
      vertex 4.33646 2.1443 0.5
    endloop
  endfacet
  facet normal 0.659341 -0.751844 0
    outer loop
      vertex 3.08076 4.31924 0.5
      vertex 3.20861 4.43136 7
      vertex 3.08076 4.31924 7
    endloop
  endfacet
  facet normal 0.659341 -0.751844 0
    outer loop
      vertex 3.20861 4.43136 7
      vertex 3.08076 4.31924 0.5
      vertex 3.20861 4.43136 0.5
    endloop
  endfacet
  facet normal 0.896872 0.442291 0
    outer loop
      vertex 2.87417 2.75 7
      vertex 2.79896 2.90251 0.5
      vertex 2.79896 2.90251 7
    endloop
  endfacet
  facet normal 0.896872 0.442291 0
    outer loop
      vertex 2.79896 2.90251 0.5
      vertex 2.87417 2.75 7
      vertex 2.87417 2.75 0.5
    endloop
  endfacet
  facet normal 0.321427 0.946934 -0
    outer loop
      vertex 3.66354 2.1443 0.5
      vertex 3.50251 2.19896 7
      vertex 3.66354 2.1443 7
    endloop
  endfacet
  facet normal 0.321427 0.946934 0
    outer loop
      vertex 3.50251 2.19896 7
      vertex 3.66354 2.1443 0.5
      vertex 3.50251 2.19896 0.5
    endloop
  endfacet
  facet normal 0.751844 -0.659341 0
    outer loop
      vertex 2.96864 4.19139 7
      vertex 3.08076 4.31924 0.5
      vertex 3.08076 4.31924 7
    endloop
  endfacet
  facet normal 0.751844 -0.659341 0
    outer loop
      vertex 3.08076 4.31924 0.5
      vertex 2.96864 4.19139 7
      vertex 2.96864 4.19139 0.5
    endloop
  endfacet
  facet normal 0.946934 -0.321427 0
    outer loop
      vertex 2.7443 3.73646 7
      vertex 2.79896 3.89749 0.5
      vertex 2.79896 3.89749 7
    endloop
  endfacet
  facet normal 0.946934 -0.321427 0
    outer loop
      vertex 2.79896 3.89749 0.5
      vertex 2.7443 3.73646 7
      vertex 2.7443 3.73646 0.5
    endloop
  endfacet
  facet normal -0.195121 -0.980779 0
    outer loop
      vertex 4.16968 4.68888 0.5
      vertex 4.33646 4.6557 7
      vertex 4.16968 4.68888 7
    endloop
  endfacet
  facet normal -0.195121 -0.980779 -0
    outer loop
      vertex 4.33646 4.6557 7
      vertex 4.16968 4.68888 0.5
      vertex 4.33646 4.6557 0.5
    endloop
  endfacet
  facet normal -0.0653948 0.997859 0
    outer loop
      vertex 4.16968 2.11112 0.5
      vertex 4 2.1 7
      vertex 4.16968 2.11112 7
    endloop
  endfacet
  facet normal -0.0653948 0.997859 0
    outer loop
      vertex 4 2.1 7
      vertex 4.16968 2.11112 0.5
      vertex 4 2.1 0.5
    endloop
  endfacet
  facet normal -0.997859 0.0653948 0
    outer loop
      vertex 5.28888 3.23032 0.5
      vertex 5.3 3.4 7
      vertex 5.3 3.4 0.5
    endloop
  endfacet
  facet normal -0.997859 0.0653948 0
    outer loop
      vertex 5.3 3.4 7
      vertex 5.28888 3.23032 0.5
      vertex 5.28888 3.23032 7
    endloop
  endfacet
  facet normal -0.83148 0.555555 0
    outer loop
      vertex 5.03136 2.60861 0.5
      vertex 5.12583 2.75 7
      vertex 5.12583 2.75 0.5
    endloop
  endfacet
  facet normal -0.83148 0.555555 0
    outer loop
      vertex 5.12583 2.75 7
      vertex 5.03136 2.60861 0.5
      vertex 5.03136 2.60861 7
    endloop
  endfacet
  facet normal -0.751844 0.659341 0
    outer loop
      vertex 4.91924 2.48076 0.5
      vertex 5.03136 2.60861 7
      vertex 5.03136 2.60861 0.5
    endloop
  endfacet
  facet normal -0.751844 0.659341 0
    outer loop
      vertex 5.03136 2.60861 7
      vertex 4.91924 2.48076 0.5
      vertex 4.91924 2.48076 7
    endloop
  endfacet
  facet normal -0.83148 -0.555555 0
    outer loop
      vertex 5.12583 4.05 0.5
      vertex 5.03136 4.19139 7
      vertex 5.03136 4.19139 0.5
    endloop
  endfacet
  facet normal -0.83148 -0.555555 0
    outer loop
      vertex 5.03136 4.19139 7
      vertex 5.12583 4.05 0.5
      vertex 5.12583 4.05 7
    endloop
  endfacet
  facet normal 0.980779 -0.195121 0
    outer loop
      vertex 2.71112 3.56968 7
      vertex 2.7443 3.73646 0.5
      vertex 2.7443 3.73646 7
    endloop
  endfacet
  facet normal 0.980779 -0.195121 0
    outer loop
      vertex 2.7443 3.73646 0.5
      vertex 2.71112 3.56968 7
      vertex 2.71112 3.56968 0.5
    endloop
  endfacet
  facet normal -0.751844 -0.659341 0
    outer loop
      vertex 5.03136 4.19139 0.5
      vertex 4.91924 4.31924 7
      vertex 4.91924 4.31924 0.5
    endloop
  endfacet
  facet normal -0.751844 -0.659341 0
    outer loop
      vertex 4.91924 4.31924 7
      vertex 5.03136 4.19139 0.5
      vertex 5.03136 4.19139 7
    endloop
  endfacet
  facet normal 0.946928 0.321445 0
    outer loop
      vertex 2.79896 2.90251 7
      vertex 2.7443 3.06353 0.5
      vertex 2.7443 3.06353 7
    endloop
  endfacet
  facet normal 0.946928 0.321445 0
    outer loop
      vertex 2.7443 3.06353 0.5
      vertex 2.79896 2.90251 7
      vertex 2.79896 2.90251 0.5
    endloop
  endfacet
  facet normal -0.659341 -0.751844 0
    outer loop
      vertex 4.79139 4.43136 0.5
      vertex 4.91924 4.31924 7
      vertex 4.79139 4.43136 7
    endloop
  endfacet
  facet normal -0.659341 -0.751844 -0
    outer loop
      vertex 4.91924 4.31924 7
      vertex 4.79139 4.43136 0.5
      vertex 4.91924 4.31924 0.5
    endloop
  endfacet
  facet normal 0.896872 -0.442291 0
    outer loop
      vertex 2.79896 3.89749 7
      vertex 2.87417 4.05 0.5
      vertex 2.87417 4.05 7
    endloop
  endfacet
  facet normal 0.896872 -0.442291 0
    outer loop
      vertex 2.87417 4.05 0.5
      vertex 2.79896 3.89749 7
      vertex 2.79896 3.89749 0.5
    endloop
  endfacet
  facet normal 0.997859 -0.0653948 0
    outer loop
      vertex 2.7 3.4 7
      vertex 2.71112 3.56968 0.5
      vertex 2.71112 3.56968 7
    endloop
  endfacet
  facet normal 0.997859 -0.0653948 0
    outer loop
      vertex 2.71112 3.56968 0.5
      vertex 2.7 3.4 7
      vertex 2.7 3.4 0.5
    endloop
  endfacet
  facet normal 0.83148 0.555555 0
    outer loop
      vertex 2.96864 2.60861 7
      vertex 2.87417 2.75 0.5
      vertex 2.87417 2.75 7
    endloop
  endfacet
  facet normal 0.83148 0.555555 0
    outer loop
      vertex 2.87417 2.75 0.5
      vertex 2.96864 2.60861 7
      vertex 2.96864 2.60861 0.5
    endloop
  endfacet
  facet normal 0.321427 -0.946934 0
    outer loop
      vertex 3.50251 4.60104 0.5
      vertex 3.66354 4.6557 7
      vertex 3.50251 4.60104 7
    endloop
  endfacet
  facet normal 0.321427 -0.946934 0
    outer loop
      vertex 3.66354 4.6557 7
      vertex 3.50251 4.60104 0.5
      vertex 3.66354 4.6557 0.5
    endloop
  endfacet
  facet normal 0.751844 0.659341 0
    outer loop
      vertex 3.08076 2.48076 7
      vertex 2.96864 2.60861 0.5
      vertex 2.96864 2.60861 7
    endloop
  endfacet
  facet normal 0.751844 0.659341 0
    outer loop
      vertex 2.96864 2.60861 0.5
      vertex 3.08076 2.48076 7
      vertex 3.08076 2.48076 0.5
    endloop
  endfacet
  facet normal -0.555555 0.83148 0
    outer loop
      vertex 4.79139 2.36864 0.5
      vertex 4.65 2.27417 7
      vertex 4.79139 2.36864 7
    endloop
  endfacet
  facet normal -0.555555 0.83148 0
    outer loop
      vertex 4.65 2.27417 7
      vertex 4.79139 2.36864 0.5
      vertex 4.65 2.27417 0.5
    endloop
  endfacet
  facet normal -0.442291 -0.896872 0
    outer loop
      vertex 4.49749 4.60104 0.5
      vertex 4.65 4.52583 7
      vertex 4.49749 4.60104 7
    endloop
  endfacet
  facet normal -0.442291 -0.896872 -0
    outer loop
      vertex 4.65 4.52583 7
      vertex 4.49749 4.60104 0.5
      vertex 4.65 4.52583 0.5
    endloop
  endfacet
  facet normal -0.946928 0.321445 0
    outer loop
      vertex 5.20104 2.90251 0.5
      vertex 5.2557 3.06353 7
      vertex 5.2557 3.06353 0.5
    endloop
  endfacet
  facet normal -0.946928 0.321445 0
    outer loop
      vertex 5.2557 3.06353 7
      vertex 5.20104 2.90251 0.5
      vertex 5.20104 2.90251 7
    endloop
  endfacet
  facet normal 0.442291 0.896872 -0
    outer loop
      vertex 3.50251 2.19896 0.5
      vertex 3.35 2.27417 7
      vertex 3.50251 2.19896 7
    endloop
  endfacet
  facet normal 0.442291 0.896872 0
    outer loop
      vertex 3.35 2.27417 7
      vertex 3.50251 2.19896 0.5
      vertex 3.35 2.27417 0.5
    endloop
  endfacet
  facet normal 0.195121 -0.980779 0
    outer loop
      vertex 3.66354 4.6557 0.5
      vertex 3.83032 4.68888 7
      vertex 3.66354 4.6557 7
    endloop
  endfacet
  facet normal 0.195121 -0.980779 0
    outer loop
      vertex 3.83032 4.68888 7
      vertex 3.66354 4.6557 0.5
      vertex 3.83032 4.68888 0.5
    endloop
  endfacet
  facet normal -0.980781 0.19511 0
    outer loop
      vertex 5.2557 3.06353 0.5
      vertex 5.28888 3.23032 7
      vertex 5.28888 3.23032 0.5
    endloop
  endfacet
  facet normal -0.980781 0.19511 0
    outer loop
      vertex 5.28888 3.23032 7
      vertex 5.2557 3.06353 0.5
      vertex 5.2557 3.06353 7
    endloop
  endfacet
  facet normal 0.442291 -0.896872 0
    outer loop
      vertex 3.35 4.52583 0.5
      vertex 3.50251 4.60104 7
      vertex 3.35 4.52583 7
    endloop
  endfacet
  facet normal 0.442291 -0.896872 0
    outer loop
      vertex 3.50251 4.60104 7
      vertex 3.35 4.52583 0.5
      vertex 3.50251 4.60104 0.5
    endloop
  endfacet
  facet normal 0.980781 0.19511 0
    outer loop
      vertex 2.7443 3.06353 7
      vertex 2.71112 3.23032 0.5
      vertex 2.71112 3.23032 7
    endloop
  endfacet
  facet normal 0.980781 0.19511 0
    outer loop
      vertex 2.71112 3.23032 0.5
      vertex 2.7443 3.06353 7
      vertex 2.7443 3.06353 0.5
    endloop
  endfacet
  facet normal -0.442291 0.896872 0
    outer loop
      vertex 4.65 2.27417 0.5
      vertex 4.49749 2.19896 7
      vertex 4.65 2.27417 7
    endloop
  endfacet
  facet normal -0.442291 0.896872 0
    outer loop
      vertex 4.49749 2.19896 7
      vertex 4.65 2.27417 0.5
      vertex 4.49749 2.19896 0.5
    endloop
  endfacet
  facet normal -0.896872 0.442291 0
    outer loop
      vertex 5.12583 2.75 0.5
      vertex 5.20104 2.90251 7
      vertex 5.20104 2.90251 0.5
    endloop
  endfacet
  facet normal -0.896872 0.442291 0
    outer loop
      vertex 5.20104 2.90251 7
      vertex 5.12583 2.75 0.5
      vertex 5.12583 2.75 7
    endloop
  endfacet
  facet normal 0.0653948 -0.997859 0
    outer loop
      vertex 3.83032 4.68888 0.5
      vertex 4 4.7 7
      vertex 3.83032 4.68888 7
    endloop
  endfacet
  facet normal 0.0653948 -0.997859 0
    outer loop
      vertex 4 4.7 7
      vertex 3.83032 4.68888 0.5
      vertex 4 4.7 0.5
    endloop
  endfacet
  facet normal 0.0653948 0.997859 -0
    outer loop
      vertex 4 2.1 0.5
      vertex 3.83032 2.11112 7
      vertex 4 2.1 7
    endloop
  endfacet
  facet normal 0.0653948 0.997859 0
    outer loop
      vertex 3.83032 2.11112 7
      vertex 4 2.1 0.5
      vertex 3.83032 2.11112 0.5
    endloop
  endfacet
  facet normal 0.555555 0.83148 -0
    outer loop
      vertex 3.35 2.27417 0.5
      vertex 3.20861 2.36864 7
      vertex 3.35 2.27417 7
    endloop
  endfacet
  facet normal 0.555555 0.83148 0
    outer loop
      vertex 3.20861 2.36864 7
      vertex 3.35 2.27417 0.5
      vertex 3.20861 2.36864 0.5
    endloop
  endfacet
  facet normal 0.555555 -0.83148 0
    outer loop
      vertex 3.20861 4.43136 0.5
      vertex 3.35 4.52583 7
      vertex 3.20861 4.43136 7
    endloop
  endfacet
  facet normal 0.555555 -0.83148 0
    outer loop
      vertex 3.35 4.52583 7
      vertex 3.20861 4.43136 0.5
      vertex 3.35 4.52583 0.5
    endloop
  endfacet
  facet normal 0.83148 -0.555555 0
    outer loop
      vertex 2.87417 4.05 7
      vertex 2.96864 4.19139 0.5
      vertex 2.96864 4.19139 7
    endloop
  endfacet
  facet normal 0.83148 -0.555555 0
    outer loop
      vertex 2.96864 4.19139 0.5
      vertex 2.87417 4.05 7
      vertex 2.87417 4.05 0.5
    endloop
  endfacet
  facet normal 0.195121 0.980779 -0
    outer loop
      vertex 3.83032 2.11112 0.5
      vertex 3.66354 2.1443 7
      vertex 3.83032 2.11112 7
    endloop
  endfacet
  facet normal 0.195121 0.980779 0
    outer loop
      vertex 3.66354 2.1443 7
      vertex 3.83032 2.11112 0.5
      vertex 3.66354 2.1443 0.5
    endloop
  endfacet
  facet normal -0.659341 0.751844 0
    outer loop
      vertex 4.91924 2.48076 0.5
      vertex 4.79139 2.36864 7
      vertex 4.91924 2.48076 7
    endloop
  endfacet
  facet normal -0.659341 0.751844 0
    outer loop
      vertex 4.79139 2.36864 7
      vertex 4.91924 2.48076 0.5
      vertex 4.79139 2.36864 0.5
    endloop
  endfacet
  facet normal 0.896884 0.442267 0
    outer loop
      vertex 13.3742 20.55 7
      vertex 13.299 20.7025 0.5
      vertex 13.299 20.7025 7
    endloop
  endfacet
  facet normal 0.896884 0.442267 0
    outer loop
      vertex 13.299 20.7025 0.5
      vertex 13.3742 20.55 7
      vertex 13.3742 20.55 0.5
    endloop
  endfacet
  facet normal -0.321692 0.946844 0
    outer loop
      vertex 14.9975 19.999 0.5
      vertex 14.8365 19.9443 7
      vertex 14.9975 19.999 7
    endloop
  endfacet
  facet normal -0.321692 0.946844 0
    outer loop
      vertex 14.8365 19.9443 7
      vertex 14.9975 19.999 0.5
      vertex 14.8365 19.9443 0.5
    endloop
  endfacet
  facet normal -0.980761 -0.195211 0
    outer loop
      vertex 15.7889 21.3697 0.5
      vertex 15.7557 21.5365 7
      vertex 15.7557 21.5365 0.5
    endloop
  endfacet
  facet normal -0.980761 -0.195211 0
    outer loop
      vertex 15.7557 21.5365 7
      vertex 15.7889 21.3697 0.5
      vertex 15.7889 21.3697 7
    endloop
  endfacet
  facet normal -0.997868 -0.0652701 0
    outer loop
      vertex 15.8 21.2 0.5
      vertex 15.7889 21.3697 7
      vertex 15.7889 21.3697 0.5
    endloop
  endfacet
  facet normal -0.997868 -0.0652701 0
    outer loop
      vertex 15.7889 21.3697 7
      vertex 15.8 21.2 0.5
      vertex 15.8 21.2 7
    endloop
  endfacet
  facet normal -0.946844 -0.321692 0
    outer loop
      vertex 15.7557 21.5365 0.5
      vertex 15.701 21.6975 7
      vertex 15.701 21.6975 0.5
    endloop
  endfacet
  facet normal -0.946844 -0.321692 0
    outer loop
      vertex 15.701 21.6975 7
      vertex 15.7557 21.5365 0.5
      vertex 15.7557 21.5365 7
    endloop
  endfacet
  facet normal 0.980761 -0.195211 0
    outer loop
      vertex 13.2111 21.3697 7
      vertex 13.2443 21.5365 0.5
      vertex 13.2443 21.5365 7
    endloop
  endfacet
  facet normal 0.980761 -0.195211 0
    outer loop
      vertex 13.2443 21.5365 0.5
      vertex 13.2111 21.3697 7
      vertex 13.2111 21.3697 0.5
    endloop
  endfacet
  facet normal 0.946844 -0.321692 0
    outer loop
      vertex 13.2443 21.5365 7
      vertex 13.299 21.6975 0.5
      vertex 13.299 21.6975 7
    endloop
  endfacet
  facet normal 0.946844 -0.321692 0
    outer loop
      vertex 13.299 21.6975 0.5
      vertex 13.2443 21.5365 7
      vertex 13.2443 21.5365 0.5
    endloop
  endfacet
  facet normal -0.321692 -0.946844 0
    outer loop
      vertex 14.8365 22.4557 0.5
      vertex 14.9975 22.401 7
      vertex 14.8365 22.4557 7
    endloop
  endfacet
  facet normal -0.321692 -0.946844 -0
    outer loop
      vertex 14.9975 22.401 7
      vertex 14.8365 22.4557 0.5
      vertex 14.9975 22.401 0.5
    endloop
  endfacet
  facet normal 0.946844 0.321692 0
    outer loop
      vertex 13.299 20.7025 7
      vertex 13.2443 20.8635 0.5
      vertex 13.2443 20.8635 7
    endloop
  endfacet
  facet normal 0.946844 0.321692 0
    outer loop
      vertex 13.2443 20.8635 0.5
      vertex 13.299 20.7025 7
      vertex 13.299 20.7025 0.5
    endloop
  endfacet
  facet normal -0.831688 -0.555243 0
    outer loop
      vertex 15.6258 21.85 0.5
      vertex 15.5314 21.9914 7
      vertex 15.5314 21.9914 0.5
    endloop
  endfacet
  facet normal -0.831688 -0.555243 0
    outer loop
      vertex 15.5314 21.9914 7
      vertex 15.6258 21.85 0.5
      vertex 15.6258 21.85 7
    endloop
  endfacet
  facet normal 0.751483 0.659753 0
    outer loop
      vertex 13.5808 20.2808 7
      vertex 13.4686 20.4086 0.5
      vertex 13.4686 20.4086 7
    endloop
  endfacet
  facet normal 0.751483 0.659753 0
    outer loop
      vertex 13.4686 20.4086 0.5
      vertex 13.5808 20.2808 7
      vertex 13.5808 20.2808 0.5
    endloop
  endfacet
  facet normal 0 0 1
    outer loop
      vertex 15.7889 21.3697 0.5
      vertex 15.7889 21.0303 0.5
      vertex 15.8 21.2 0.5
    endloop
  endfacet
  facet normal 0 0 1
    outer loop
      vertex 15.7557 21.5365 0.5
      vertex 15.7889 21.0303 0.5
      vertex 15.7889 21.3697 0.5
    endloop
  endfacet
  facet normal 0 0 1
    outer loop
      vertex 15.7557 21.5365 0.5
      vertex 15.7557 20.8635 0.5
      vertex 15.7889 21.0303 0.5
    endloop
  endfacet
  facet normal 0 0 1
    outer loop
      vertex 15.701 21.6975 0.5
      vertex 15.7557 20.8635 0.5
      vertex 15.7557 21.5365 0.5
    endloop
  endfacet
  facet normal 0 0 1
    outer loop
      vertex 15.701 21.6975 0.5
      vertex 15.701 20.7025 0.5
      vertex 15.7557 20.8635 0.5
    endloop
  endfacet
  facet normal 0 0 1
    outer loop
      vertex 15.6258 21.85 0.5
      vertex 15.701 20.7025 0.5
      vertex 15.701 21.6975 0.5
    endloop
  endfacet
  facet normal 0 0 1
    outer loop
      vertex 15.6258 21.85 0.5
      vertex 15.6258 20.55 0.5
      vertex 15.701 20.7025 0.5
    endloop
  endfacet
  facet normal 0 0 1
    outer loop
      vertex 15.5314 21.9914 0.5
      vertex 15.6258 20.55 0.5
      vertex 15.6258 21.85 0.5
    endloop
  endfacet
  facet normal 0 0 1
    outer loop
      vertex 15.5314 21.9914 0.5
      vertex 15.5314 20.4086 0.5
      vertex 15.6258 20.55 0.5
    endloop
  endfacet
  facet normal 0 0 1
    outer loop
      vertex 15.4192 22.1192 0.5
      vertex 15.5314 20.4086 0.5
      vertex 15.5314 21.9914 0.5
    endloop
  endfacet
  facet normal 0 0 1
    outer loop
      vertex 15.4192 22.1192 0.5
      vertex 15.4192 20.2808 0.5
      vertex 15.5314 20.4086 0.5
    endloop
  endfacet
  facet normal 0 0 1
    outer loop
      vertex 15.2914 22.2314 0.5
      vertex 15.4192 20.2808 0.5
      vertex 15.4192 22.1192 0.5
    endloop
  endfacet
  facet normal 0 0 1
    outer loop
      vertex 15.2914 22.2314 0.5
      vertex 15.2914 20.1686 0.5
      vertex 15.4192 20.2808 0.5
    endloop
  endfacet
  facet normal 0 0 1
    outer loop
      vertex 15.15 22.3258 0.5
      vertex 15.2914 20.1686 0.5
      vertex 15.2914 22.2314 0.5
    endloop
  endfacet
  facet normal 0 0 1
    outer loop
      vertex 15.15 22.3258 0.5
      vertex 15.15 20.0742 0.5
      vertex 15.2914 20.1686 0.5
    endloop
  endfacet
  facet normal 0 0 1
    outer loop
      vertex 14.9975 22.401 0.5
      vertex 15.15 20.0742 0.5
      vertex 15.15 22.3258 0.5
    endloop
  endfacet
  facet normal 0 0 1
    outer loop
      vertex 14.9975 22.401 0.5
      vertex 14.9975 19.999 0.5
      vertex 15.15 20.0742 0.5
    endloop
  endfacet
  facet normal 0 0 1
    outer loop
      vertex 14.8365 22.4557 0.5
      vertex 14.9975 19.999 0.5
      vertex 14.9975 22.401 0.5
    endloop
  endfacet
  facet normal 0 0 1
    outer loop
      vertex 14.8365 22.4557 0.5
      vertex 14.8365 19.9443 0.5
      vertex 14.9975 19.999 0.5
    endloop
  endfacet
  facet normal 0 0 1
    outer loop
      vertex 14.6697 22.4889 0.5
      vertex 14.8365 19.9443 0.5
      vertex 14.8365 22.4557 0.5
    endloop
  endfacet
  facet normal 0 0 1
    outer loop
      vertex 14.6697 22.4889 0.5
      vertex 14.6697 19.9111 0.5
      vertex 14.8365 19.9443 0.5
    endloop
  endfacet
  facet normal 0 0 1
    outer loop
      vertex 14.5 22.5 0.5
      vertex 14.6697 19.9111 0.5
      vertex 14.6697 22.4889 0.5
    endloop
  endfacet
  facet normal 0 0 1
    outer loop
      vertex 14.5 22.5 0.5
      vertex 14.5 19.9 0.5
      vertex 14.6697 19.9111 0.5
    endloop
  endfacet
  facet normal -0 0 1
    outer loop
      vertex 14.3303 22.4889 0.5
      vertex 14.5 19.9 0.5
      vertex 14.5 22.5 0.5
    endloop
  endfacet
  facet normal 0 0 1
    outer loop
      vertex 14.3303 22.4889 0.5
      vertex 14.3303 19.9111 0.5
      vertex 14.5 19.9 0.5
    endloop
  endfacet
  facet normal -0 0 1
    outer loop
      vertex 14.1635 22.4557 0.5
      vertex 14.3303 19.9111 0.5
      vertex 14.3303 22.4889 0.5
    endloop
  endfacet
  facet normal 0 0 1
    outer loop
      vertex 14.1635 22.4557 0.5
      vertex 14.1635 19.9443 0.5
      vertex 14.3303 19.9111 0.5
    endloop
  endfacet
  facet normal -0 0 1
    outer loop
      vertex 14.0025 22.401 0.5
      vertex 14.1635 19.9443 0.5
      vertex 14.1635 22.4557 0.5
    endloop
  endfacet
  facet normal 0 0 1
    outer loop
      vertex 14.0025 22.401 0.5
      vertex 14.0025 19.999 0.5
      vertex 14.1635 19.9443 0.5
    endloop
  endfacet
  facet normal -0 0 1
    outer loop
      vertex 13.85 22.3258 0.5
      vertex 14.0025 19.999 0.5
      vertex 14.0025 22.401 0.5
    endloop
  endfacet
  facet normal 0 0 1
    outer loop
      vertex 13.85 22.3258 0.5
      vertex 13.85 20.0742 0.5
      vertex 14.0025 19.999 0.5
    endloop
  endfacet
  facet normal -0 0 1
    outer loop
      vertex 13.7086 22.2314 0.5
      vertex 13.85 20.0742 0.5
      vertex 13.85 22.3258 0.5
    endloop
  endfacet
  facet normal 0 0 1
    outer loop
      vertex 13.7086 22.2314 0.5
      vertex 13.7086 20.1686 0.5
      vertex 13.85 20.0742 0.5
    endloop
  endfacet
  facet normal -0 0 1
    outer loop
      vertex 13.5808 22.1192 0.5
      vertex 13.7086 20.1686 0.5
      vertex 13.7086 22.2314 0.5
    endloop
  endfacet
  facet normal 0 0 1
    outer loop
      vertex 13.5808 22.1192 0.5
      vertex 13.5808 20.2808 0.5
      vertex 13.7086 20.1686 0.5
    endloop
  endfacet
  facet normal -0 0 1
    outer loop
      vertex 13.4686 21.9914 0.5
      vertex 13.5808 20.2808 0.5
      vertex 13.5808 22.1192 0.5
    endloop
  endfacet
  facet normal 0 0 1
    outer loop
      vertex 13.4686 21.9914 0.5
      vertex 13.4686 20.4086 0.5
      vertex 13.5808 20.2808 0.5
    endloop
  endfacet
  facet normal -0 0 1
    outer loop
      vertex 13.3742 21.85 0.5
      vertex 13.4686 20.4086 0.5
      vertex 13.4686 21.9914 0.5
    endloop
  endfacet
  facet normal 0 0 1
    outer loop
      vertex 13.3742 21.85 0.5
      vertex 13.3742 20.55 0.5
      vertex 13.4686 20.4086 0.5
    endloop
  endfacet
  facet normal -0 0 1
    outer loop
      vertex 13.299 21.6975 0.5
      vertex 13.3742 20.55 0.5
      vertex 13.3742 21.85 0.5
    endloop
  endfacet
  facet normal 0 0 1
    outer loop
      vertex 13.299 21.6975 0.5
      vertex 13.299 20.7025 0.5
      vertex 13.3742 20.55 0.5
    endloop
  endfacet
  facet normal -0 0 1
    outer loop
      vertex 13.2443 21.5365 0.5
      vertex 13.299 20.7025 0.5
      vertex 13.299 21.6975 0.5
    endloop
  endfacet
  facet normal 0 0 1
    outer loop
      vertex 13.2443 21.5365 0.5
      vertex 13.2443 20.8635 0.5
      vertex 13.299 20.7025 0.5
    endloop
  endfacet
  facet normal -0 0 1
    outer loop
      vertex 13.2111 21.3697 0.5
      vertex 13.2443 20.8635 0.5
      vertex 13.2443 21.5365 0.5
    endloop
  endfacet
  facet normal 0 0 1
    outer loop
      vertex 13.2111 21.3697 0.5
      vertex 13.2111 21.0303 0.5
      vertex 13.2443 20.8635 0.5
    endloop
  endfacet
  facet normal 0 -0 1
    outer loop
      vertex 13.2111 21.0303 0.5
      vertex 13.2111 21.3697 0.5
      vertex 13.2 21.2 0.5
    endloop
  endfacet
  facet normal 0.659753 -0.751483 0
    outer loop
      vertex 13.5808 22.1192 0.5
      vertex 13.7086 22.2314 7
      vertex 13.5808 22.1192 7
    endloop
  endfacet
  facet normal 0.659753 -0.751483 0
    outer loop
      vertex 13.7086 22.2314 7
      vertex 13.5808 22.1192 0.5
      vertex 13.7086 22.2314 0.5
    endloop
  endfacet
  facet normal -0.0652701 -0.997868 0
    outer loop
      vertex 14.5 22.5 0.5
      vertex 14.6697 22.4889 7
      vertex 14.5 22.5 7
    endloop
  endfacet
  facet normal -0.0652701 -0.997868 -0
    outer loop
      vertex 14.6697 22.4889 7
      vertex 14.5 22.5 0.5
      vertex 14.6697 22.4889 0.5
    endloop
  endfacet
  facet normal 0.980761 0.195211 0
    outer loop
      vertex 13.2443 20.8635 7
      vertex 13.2111 21.0303 0.5
      vertex 13.2111 21.0303 7
    endloop
  endfacet
  facet normal 0.980761 0.195211 0
    outer loop
      vertex 13.2111 21.0303 0.5
      vertex 13.2443 20.8635 7
      vertex 13.2443 20.8635 0.5
    endloop
  endfacet
  facet normal 0.555243 0.831688 -0
    outer loop
      vertex 13.85 20.0742 0.5
      vertex 13.7086 20.1686 7
      vertex 13.85 20.0742 7
    endloop
  endfacet
  facet normal 0.555243 0.831688 0
    outer loop
      vertex 13.7086 20.1686 7
      vertex 13.85 20.0742 0.5
      vertex 13.7086 20.1686 0.5
    endloop
  endfacet
  facet normal -0.442267 0.896884 0
    outer loop
      vertex 15.15 20.0742 0.5
      vertex 14.9975 19.999 7
      vertex 15.15 20.0742 7
    endloop
  endfacet
  facet normal -0.442267 0.896884 0
    outer loop
      vertex 14.9975 19.999 7
      vertex 15.15 20.0742 0.5
      vertex 14.9975 19.999 0.5
    endloop
  endfacet
  facet normal 0.442267 -0.896884 0
    outer loop
      vertex 13.85 22.3258 0.5
      vertex 14.0025 22.401 7
      vertex 13.85 22.3258 7
    endloop
  endfacet
  facet normal 0.442267 -0.896884 0
    outer loop
      vertex 14.0025 22.401 7
      vertex 13.85 22.3258 0.5
      vertex 14.0025 22.401 0.5
    endloop
  endfacet
  facet normal -0.896884 -0.442267 0
    outer loop
      vertex 15.701 21.6975 0.5
      vertex 15.6258 21.85 7
      vertex 15.6258 21.85 0.5
    endloop
  endfacet
  facet normal -0.896884 -0.442267 0
    outer loop
      vertex 15.6258 21.85 7
      vertex 15.701 21.6975 0.5
      vertex 15.701 21.6975 7
    endloop
  endfacet
  facet normal -0.831688 0.555243 0
    outer loop
      vertex 15.5314 20.4086 0.5
      vertex 15.6258 20.55 7
      vertex 15.6258 20.55 0.5
    endloop
  endfacet
  facet normal -0.831688 0.555243 0
    outer loop
      vertex 15.6258 20.55 7
      vertex 15.5314 20.4086 0.5
      vertex 15.5314 20.4086 7
    endloop
  endfacet
  facet normal 0.659753 0.751483 -0
    outer loop
      vertex 13.7086 20.1686 0.5
      vertex 13.5808 20.2808 7
      vertex 13.7086 20.1686 7
    endloop
  endfacet
  facet normal 0.659753 0.751483 0
    outer loop
      vertex 13.5808 20.2808 7
      vertex 13.7086 20.1686 0.5
      vertex 13.5808 20.2808 0.5
    endloop
  endfacet
  facet normal -0.195211 0.980761 0
    outer loop
      vertex 14.8365 19.9443 0.5
      vertex 14.6697 19.9111 7
      vertex 14.8365 19.9443 7
    endloop
  endfacet
  facet normal -0.195211 0.980761 0
    outer loop
      vertex 14.6697 19.9111 7
      vertex 14.8365 19.9443 0.5
      vertex 14.6697 19.9111 0.5
    endloop
  endfacet
  facet normal -0.980761 0.195211 0
    outer loop
      vertex 15.7557 20.8635 0.5
      vertex 15.7889 21.0303 7
      vertex 15.7889 21.0303 0.5
    endloop
  endfacet
  facet normal -0.980761 0.195211 0
    outer loop
      vertex 15.7889 21.0303 7
      vertex 15.7557 20.8635 0.5
      vertex 15.7557 20.8635 7
    endloop
  endfacet
  facet normal -0.555243 0.831688 0
    outer loop
      vertex 15.2914 20.1686 0.5
      vertex 15.15 20.0742 7
      vertex 15.2914 20.1686 7
    endloop
  endfacet
  facet normal -0.555243 0.831688 0
    outer loop
      vertex 15.15 20.0742 7
      vertex 15.2914 20.1686 0.5
      vertex 15.15 20.0742 0.5
    endloop
  endfacet
  facet normal 0.0652701 0.997868 -0
    outer loop
      vertex 14.5 19.9 0.5
      vertex 14.3303 19.9111 7
      vertex 14.5 19.9 7
    endloop
  endfacet
  facet normal 0.0652701 0.997868 0
    outer loop
      vertex 14.3303 19.9111 7
      vertex 14.5 19.9 0.5
      vertex 14.3303 19.9111 0.5
    endloop
  endfacet
  facet normal 0.195211 -0.980761 0
    outer loop
      vertex 14.1635 22.4557 0.5
      vertex 14.3303 22.4889 7
      vertex 14.1635 22.4557 7
    endloop
  endfacet
  facet normal 0.195211 -0.980761 0
    outer loop
      vertex 14.3303 22.4889 7
      vertex 14.1635 22.4557 0.5
      vertex 14.3303 22.4889 0.5
    endloop
  endfacet
  facet normal -0.896884 0.442267 0
    outer loop
      vertex 15.6258 20.55 0.5
      vertex 15.701 20.7025 7
      vertex 15.701 20.7025 0.5
    endloop
  endfacet
  facet normal -0.896884 0.442267 0
    outer loop
      vertex 15.701 20.7025 7
      vertex 15.6258 20.55 0.5
      vertex 15.6258 20.55 7
    endloop
  endfacet
  facet normal 0.555243 -0.831688 0
    outer loop
      vertex 13.7086 22.2314 0.5
      vertex 13.85 22.3258 7
      vertex 13.7086 22.2314 7
    endloop
  endfacet
  facet normal 0.555243 -0.831688 0
    outer loop
      vertex 13.85 22.3258 7
      vertex 13.7086 22.2314 0.5
      vertex 13.85 22.3258 0.5
    endloop
  endfacet
  facet normal -0.751483 0.659753 0
    outer loop
      vertex 15.4192 20.2808 0.5
      vertex 15.5314 20.4086 7
      vertex 15.5314 20.4086 0.5
    endloop
  endfacet
  facet normal -0.751483 0.659753 0
    outer loop
      vertex 15.5314 20.4086 7
      vertex 15.4192 20.2808 0.5
      vertex 15.4192 20.2808 7
    endloop
  endfacet
  facet normal 0.442267 0.896884 -0
    outer loop
      vertex 14.0025 19.999 0.5
      vertex 13.85 20.0742 7
      vertex 14.0025 19.999 7
    endloop
  endfacet
  facet normal 0.442267 0.896884 0
    outer loop
      vertex 13.85 20.0742 7
      vertex 14.0025 19.999 0.5
      vertex 13.85 20.0742 0.5
    endloop
  endfacet
  facet normal -0.997868 0.0652701 0
    outer loop
      vertex 15.7889 21.0303 0.5
      vertex 15.8 21.2 7
      vertex 15.8 21.2 0.5
    endloop
  endfacet
  facet normal -0.997868 0.0652701 0
    outer loop
      vertex 15.8 21.2 7
      vertex 15.7889 21.0303 0.5
      vertex 15.7889 21.0303 7
    endloop
  endfacet
  facet normal -0.659753 -0.751483 0
    outer loop
      vertex 15.2914 22.2314 0.5
      vertex 15.4192 22.1192 7
      vertex 15.2914 22.2314 7
    endloop
  endfacet
  facet normal -0.659753 -0.751483 -0
    outer loop
      vertex 15.4192 22.1192 7
      vertex 15.2914 22.2314 0.5
      vertex 15.4192 22.1192 0.5
    endloop
  endfacet
  facet normal -0.195211 -0.980761 0
    outer loop
      vertex 14.6697 22.4889 0.5
      vertex 14.8365 22.4557 7
      vertex 14.6697 22.4889 7
    endloop
  endfacet
  facet normal -0.195211 -0.980761 -0
    outer loop
      vertex 14.8365 22.4557 7
      vertex 14.6697 22.4889 0.5
      vertex 14.8365 22.4557 0.5
    endloop
  endfacet
  facet normal -0.0652701 0.997868 0
    outer loop
      vertex 14.6697 19.9111 0.5
      vertex 14.5 19.9 7
      vertex 14.6697 19.9111 7
    endloop
  endfacet
  facet normal -0.0652701 0.997868 0
    outer loop
      vertex 14.5 19.9 7
      vertex 14.6697 19.9111 0.5
      vertex 14.5 19.9 0.5
    endloop
  endfacet
  facet normal -0.442267 -0.896884 0
    outer loop
      vertex 14.9975 22.401 0.5
      vertex 15.15 22.3258 7
      vertex 14.9975 22.401 7
    endloop
  endfacet
  facet normal -0.442267 -0.896884 -0
    outer loop
      vertex 15.15 22.3258 7
      vertex 14.9975 22.401 0.5
      vertex 15.15 22.3258 0.5
    endloop
  endfacet
  facet normal 0.831688 0.555243 0
    outer loop
      vertex 13.4686 20.4086 7
      vertex 13.3742 20.55 0.5
      vertex 13.3742 20.55 7
    endloop
  endfacet
  facet normal 0.831688 0.555243 0
    outer loop
      vertex 13.3742 20.55 0.5
      vertex 13.4686 20.4086 7
      vertex 13.4686 20.4086 0.5
    endloop
  endfacet
  facet normal -0.751483 -0.659753 0
    outer loop
      vertex 15.5314 21.9914 0.5
      vertex 15.4192 22.1192 7
      vertex 15.4192 22.1192 0.5
    endloop
  endfacet
  facet normal -0.751483 -0.659753 0
    outer loop
      vertex 15.4192 22.1192 7
      vertex 15.5314 21.9914 0.5
      vertex 15.5314 21.9914 7
    endloop
  endfacet
  facet normal -0.946844 0.321692 0
    outer loop
      vertex 15.701 20.7025 0.5
      vertex 15.7557 20.8635 7
      vertex 15.7557 20.8635 0.5
    endloop
  endfacet
  facet normal -0.946844 0.321692 0
    outer loop
      vertex 15.7557 20.8635 7
      vertex 15.701 20.7025 0.5
      vertex 15.701 20.7025 7
    endloop
  endfacet
  facet normal 0.751483 -0.659753 0
    outer loop
      vertex 13.4686 21.9914 7
      vertex 13.5808 22.1192 0.5
      vertex 13.5808 22.1192 7
    endloop
  endfacet
  facet normal 0.751483 -0.659753 0
    outer loop
      vertex 13.5808 22.1192 0.5
      vertex 13.4686 21.9914 7
      vertex 13.4686 21.9914 0.5
    endloop
  endfacet
  facet normal -0.555243 -0.831688 0
    outer loop
      vertex 15.15 22.3258 0.5
      vertex 15.2914 22.2314 7
      vertex 15.15 22.3258 7
    endloop
  endfacet
  facet normal -0.555243 -0.831688 -0
    outer loop
      vertex 15.2914 22.2314 7
      vertex 15.15 22.3258 0.5
      vertex 15.2914 22.2314 0.5
    endloop
  endfacet
  facet normal 0.321692 -0.946844 0
    outer loop
      vertex 14.0025 22.401 0.5
      vertex 14.1635 22.4557 7
      vertex 14.0025 22.401 7
    endloop
  endfacet
  facet normal 0.321692 -0.946844 0
    outer loop
      vertex 14.1635 22.4557 7
      vertex 14.0025 22.401 0.5
      vertex 14.1635 22.4557 0.5
    endloop
  endfacet
  facet normal 0.997868 0.0652701 0
    outer loop
      vertex 13.2111 21.0303 7
      vertex 13.2 21.2 0.5
      vertex 13.2 21.2 7
    endloop
  endfacet
  facet normal 0.997868 0.0652701 0
    outer loop
      vertex 13.2 21.2 0.5
      vertex 13.2111 21.0303 7
      vertex 13.2111 21.0303 0.5
    endloop
  endfacet
  facet normal 0.0652701 -0.997868 0
    outer loop
      vertex 14.3303 22.4889 0.5
      vertex 14.5 22.5 7
      vertex 14.3303 22.4889 7
    endloop
  endfacet
  facet normal 0.0652701 -0.997868 0
    outer loop
      vertex 14.5 22.5 7
      vertex 14.3303 22.4889 0.5
      vertex 14.5 22.5 0.5
    endloop
  endfacet
  facet normal 0.997868 -0.0652701 0
    outer loop
      vertex 13.2 21.2 7
      vertex 13.2111 21.3697 0.5
      vertex 13.2111 21.3697 7
    endloop
  endfacet
  facet normal 0.997868 -0.0652701 0
    outer loop
      vertex 13.2111 21.3697 0.5
      vertex 13.2 21.2 7
      vertex 13.2 21.2 0.5
    endloop
  endfacet
  facet normal 0.896884 -0.442267 0
    outer loop
      vertex 13.299 21.6975 7
      vertex 13.3742 21.85 0.5
      vertex 13.3742 21.85 7
    endloop
  endfacet
  facet normal 0.896884 -0.442267 0
    outer loop
      vertex 13.3742 21.85 0.5
      vertex 13.299 21.6975 7
      vertex 13.299 21.6975 0.5
    endloop
  endfacet
  facet normal 0.321692 0.946844 -0
    outer loop
      vertex 14.1635 19.9443 0.5
      vertex 14.0025 19.999 7
      vertex 14.1635 19.9443 7
    endloop
  endfacet
  facet normal 0.321692 0.946844 0
    outer loop
      vertex 14.0025 19.999 7
      vertex 14.1635 19.9443 0.5
      vertex 14.0025 19.999 0.5
    endloop
  endfacet
  facet normal 0.195211 0.980761 -0
    outer loop
      vertex 14.3303 19.9111 0.5
      vertex 14.1635 19.9443 7
      vertex 14.3303 19.9111 7
    endloop
  endfacet
  facet normal 0.195211 0.980761 0
    outer loop
      vertex 14.1635 19.9443 7
      vertex 14.3303 19.9111 0.5
      vertex 14.1635 19.9443 0.5
    endloop
  endfacet
  facet normal -0.659753 0.751483 0
    outer loop
      vertex 15.4192 20.2808 0.5
      vertex 15.2914 20.1686 7
      vertex 15.4192 20.2808 7
    endloop
  endfacet
  facet normal -0.659753 0.751483 0
    outer loop
      vertex 15.2914 20.1686 7
      vertex 15.4192 20.2808 0.5
      vertex 15.2914 20.1686 0.5
    endloop
  endfacet
  facet normal 0.831688 -0.555243 0
    outer loop
      vertex 13.3742 21.85 7
      vertex 13.4686 21.9914 0.5
      vertex 13.4686 21.9914 7
    endloop
  endfacet
  facet normal 0.831688 -0.555243 0
    outer loop
      vertex 13.4686 21.9914 0.5
      vertex 13.3742 21.85 7
      vertex 13.3742 21.85 0.5
    endloop
  endfacet
  facet normal 0 0 -1
    outer loop
      vertex -2.5 25.38 16.6
      vertex -0.5 36.54 16.6
      vertex -0.5 25.38 16.6
    endloop
  endfacet
  facet normal -0 0 -1
    outer loop
      vertex -0.5 36.54 16.6
      vertex -2.5 25.38 16.6
      vertex -2.5 36.54 16.6
    endloop
  endfacet
  facet normal -0 0 1
    outer loop
      vertex -2.5 36.54 8.4
      vertex -0.5 25.38 8.4
      vertex -0.5 36.54 8.4
    endloop
  endfacet
  facet normal 0 0 1
    outer loop
      vertex -0.5 25.38 8.4
      vertex -2.5 36.54 8.4
      vertex -2.5 25.38 8.4
    endloop
  endfacet
  facet normal 0 -1 0
    outer loop
      vertex -2.5 36.54 8.4
      vertex -0.5 36.54 16.6
      vertex -2.5 36.54 16.6
    endloop
  endfacet
  facet normal 0 -1 -0
    outer loop
      vertex -0.5 36.54 16.6
      vertex -2.5 36.54 8.4
      vertex -0.5 36.54 8.4
    endloop
  endfacet
  facet normal 0 1 -0
    outer loop
      vertex -0.5 25.38 8.4
      vertex -2.5 25.38 16.6
      vertex -0.5 25.38 16.6
    endloop
  endfacet
  facet normal 0 1 0
    outer loop
      vertex -2.5 25.38 16.6
      vertex -0.5 25.38 8.4
      vertex -2.5 25.38 8.4
    endloop
  endfacet
  facet normal 0 0 -1
    outer loop
      vertex -2.5 7.88 16.6
      vertex -0.5 19.04 16.6
      vertex -0.5 7.88 16.6
    endloop
  endfacet
  facet normal -0 0 -1
    outer loop
      vertex -0.5 19.04 16.6
      vertex -2.5 7.88 16.6
      vertex -2.5 19.04 16.6
    endloop
  endfacet
  facet normal -0 0 1
    outer loop
      vertex -2.5 19.04 8.4
      vertex -0.5 7.88 8.4
      vertex -0.5 19.04 8.4
    endloop
  endfacet
  facet normal 0 0 1
    outer loop
      vertex -0.5 7.88 8.4
      vertex -2.5 19.04 8.4
      vertex -2.5 7.88 8.4
    endloop
  endfacet
  facet normal 0 -1 0
    outer loop
      vertex -2.5 19.04 8.4
      vertex -0.5 19.04 16.6
      vertex -2.5 19.04 16.6
    endloop
  endfacet
  facet normal 0 -1 -0
    outer loop
      vertex -0.5 19.04 16.6
      vertex -2.5 19.04 8.4
      vertex -0.5 19.04 8.4
    endloop
  endfacet
  facet normal 0 1 -0
    outer loop
      vertex -0.5 7.88 8.4
      vertex -2.5 7.88 16.6
      vertex -0.5 7.88 16.6
    endloop
  endfacet
  facet normal 0 1 0
    outer loop
      vertex -2.5 7.88 16.6
      vertex -0.5 7.88 8.4
      vertex -2.5 7.88 8.4
    endloop
  endfacet
  facet normal -0.980808 -0.194975 0
    outer loop
      vertex 29.2136 14.5547 0
      vertex 29.1052 15.1 2
      vertex 29.1052 15.1 0
    endloop
  endfacet
  facet normal -0.980808 -0.194975 0
    outer loop
      vertex 29.1052 15.1 2
      vertex 29.2136 14.5547 0
      vertex 29.2136 14.5547 2
    endloop
  endfacet
  facet normal -0.997854 -0.0654802 0
    outer loop
      vertex 29.25 14 0
      vertex 29.2136 14.5547 2
      vertex 29.2136 14.5547 0
    endloop
  endfacet
  facet normal -0.997854 -0.0654802 0
    outer loop
      vertex 29.2136 14.5547 2
      vertex 29.25 14 0
      vertex 29.25 14 2
    endloop
  endfacet
  facet normal -0.980808 0.194975 0
    outer loop
      vertex 29.1052 12.9 0
      vertex 29.2136 13.4453 2
      vertex 29.2136 13.4453 0
    endloop
  endfacet
  facet normal -0.980808 0.194975 0
    outer loop
      vertex 29.2136 13.4453 2
      vertex 29.1052 12.9 0
      vertex 29.1052 12.9 2
    endloop
  endfacet
  facet normal 0.751908 0.659268 0
    outer loop
      vertex 21.9948 10.9948 2
      vertex 21.6283 11.4128 0
      vertex 21.6283 11.4128 2
    endloop
  endfacet
  facet normal 0.751908 0.659268 0
    outer loop
      vertex 21.6283 11.4128 0
      vertex 21.9948 10.9948 2
      vertex 21.9948 10.9948 0
    endloop
  endfacet
  facet normal -0.831413 -0.555655 0
    outer loop
      vertex 28.6806 16.125 0
      vertex 28.3717 16.5872 2
      vertex 28.3717 16.5872 0
    endloop
  endfacet
  facet normal -0.831413 -0.555655 0
    outer loop
      vertex 28.3717 16.5872 2
      vertex 28.6806 16.125 0
      vertex 28.6806 16.125 2
    endloop
  endfacet
  facet normal -0.555655 -0.831413 0
    outer loop
      vertex 27.125 17.6806 0
      vertex 27.5872 17.3717 2
      vertex 27.125 17.6806 2
    endloop
  endfacet
  facet normal -0.555655 -0.831413 -0
    outer loop
      vertex 27.5872 17.3717 2
      vertex 27.125 17.6806 0
      vertex 27.5872 17.3717 0
    endloop
  endfacet
  facet normal -0.89686 0.442314 0
    outer loop
      vertex 28.6806 11.875 0
      vertex 28.9265 12.3736 2
      vertex 28.9265 12.3736 0
    endloop
  endfacet
  facet normal -0.89686 0.442314 0
    outer loop
      vertex 28.9265 12.3736 2
      vertex 28.6806 11.875 0
      vertex 28.6806 11.875 2
    endloop
  endfacet
  facet normal -0.997854 0.0654802 0
    outer loop
      vertex 29.2136 13.4453 0
      vertex 29.25 14 2
      vertex 29.25 14 0
    endloop
  endfacet
  facet normal -0.997854 0.0654802 0
    outer loop
      vertex 29.25 14 2
      vertex 29.2136 13.4453 0
      vertex 29.2136 13.4453 2
    endloop
  endfacet
  facet normal 0.89686 -0.442314 0
    outer loop
      vertex 21.0735 15.6264 2
      vertex 21.3194 16.125 0
      vertex 21.3194 16.125 2
    endloop
  endfacet
  facet normal 0.89686 -0.442314 0
    outer loop
      vertex 21.3194 16.125 0
      vertex 21.0735 15.6264 2
      vertex 21.0735 15.6264 0
    endloop
  endfacet
  facet normal 0.659268 -0.751908 0
    outer loop
      vertex 21.9948 17.0052 0
      vertex 22.4128 17.3717 2
      vertex 21.9948 17.0052 2
    endloop
  endfacet
  facet normal 0.659268 -0.751908 0
    outer loop
      vertex 22.4128 17.3717 2
      vertex 21.9948 17.0052 0
      vertex 22.4128 17.3717 0
    endloop
  endfacet
  facet normal -0.321425 0.946935 0
    outer loop
      vertex 26.6264 10.0735 0
      vertex 26.1 9.89482 2
      vertex 26.6264 10.0735 2
    endloop
  endfacet
  facet normal -0.321425 0.946935 0
    outer loop
      vertex 26.1 9.89482 2
      vertex 26.6264 10.0735 0
      vertex 26.1 9.89482 0
    endloop
  endfacet
  facet normal 0.997854 0.0654802 0
    outer loop
      vertex 20.7864 13.4453 2
      vertex 20.75 14 0
      vertex 20.75 14 2
    endloop
  endfacet
  facet normal 0.997854 0.0654802 0
    outer loop
      vertex 20.75 14 0
      vertex 20.7864 13.4453 2
      vertex 20.7864 13.4453 0
    endloop
  endfacet
  facet normal 0.65937 0.751819 -0
    outer loop
      vertex 22.4128 10.6282 0
      vertex 21.9948 10.9948 2
      vertex 22.4128 10.6282 2
    endloop
  endfacet
  facet normal 0.65937 0.751819 0
    outer loop
      vertex 21.9948 10.9948 2
      vertex 22.4128 10.6282 0
      vertex 21.9948 10.9948 0
    endloop
  endfacet
  facet normal 0.831413 0.555655 0
    outer loop
      vertex 21.6283 11.4128 2
      vertex 21.3194 11.875 0
      vertex 21.3194 11.875 2
    endloop
  endfacet
  facet normal 0.831413 0.555655 0
    outer loop
      vertex 21.3194 11.875 0
      vertex 21.6283 11.4128 2
      vertex 21.6283 11.4128 0
    endloop
  endfacet
  facet normal 0.555655 -0.831413 0
    outer loop
      vertex 22.4128 17.3717 0
      vertex 22.875 17.6806 2
      vertex 22.4128 17.3717 2
    endloop
  endfacet
  facet normal 0.555655 -0.831413 0
    outer loop
      vertex 22.875 17.6806 2
      vertex 22.4128 17.3717 0
      vertex 22.875 17.6806 0
    endloop
  endfacet
  facet normal 0.997854 -0.0654802 0
    outer loop
      vertex 20.75 14 2
      vertex 20.7864 14.5547 0
      vertex 20.7864 14.5547 2
    endloop
  endfacet
  facet normal 0.997854 -0.0654802 0
    outer loop
      vertex 20.7864 14.5547 0
      vertex 20.75 14 2
      vertex 20.75 14 0
    endloop
  endfacet
  facet normal 0.441462 -0.89728 0
    outer loop
      vertex 22.875 17.6806 0
      vertex 22.9 17.6929 2
      vertex 22.875 17.6806 2
    endloop
  endfacet
  facet normal 0.441462 -0.89728 0
    outer loop
      vertex 22.9 17.6929 2
      vertex 22.875 17.6806 0
      vertex 22.9 17.6929 0
    endloop
  endfacet
  facet normal -0.0654086 0.997859 0
    outer loop
      vertex 25.5547 9.78636 0
      vertex 25 9.75 2
      vertex 25.5547 9.78636 2
    endloop
  endfacet
  facet normal -0.0654086 0.997859 0
    outer loop
      vertex 25 9.75 2
      vertex 25.5547 9.78636 0
      vertex 25 9.75 0
    endloop
  endfacet
  facet normal -0.65937 0.751819 0
    outer loop
      vertex 28.0052 10.9948 0
      vertex 27.5872 10.6282 2
      vertex 28.0052 10.9948 2
    endloop
  endfacet
  facet normal -0.65937 0.751819 0
    outer loop
      vertex 27.5872 10.6282 2
      vertex 28.0052 10.9948 0
      vertex 27.5872 10.6282 0
    endloop
  endfacet
  facet normal 0.946924 0.321458 0
    outer loop
      vertex 21.0735 12.3736 2
      vertex 20.8948 12.9 0
      vertex 20.8948 12.9 2
    endloop
  endfacet
  facet normal 0.946924 0.321458 0
    outer loop
      vertex 20.8948 12.9 0
      vertex 21.0735 12.3736 2
      vertex 21.0735 12.3736 0
    endloop
  endfacet
  facet normal -0.946924 0.321458 0
    outer loop
      vertex 28.9265 12.3736 0
      vertex 29.1052 12.9 2
      vertex 29.1052 12.9 0
    endloop
  endfacet
  facet normal -0.946924 0.321458 0
    outer loop
      vertex 29.1052 12.9 2
      vertex 28.9265 12.3736 0
      vertex 28.9265 12.3736 2
    endloop
  endfacet
  facet normal -0.441462 -0.89728 0
    outer loop
      vertex 27.1 17.6929 0
      vertex 27.125 17.6806 2
      vertex 27.1 17.6929 2
    endloop
  endfacet
  facet normal -0.441462 -0.89728 -0
    outer loop
      vertex 27.125 17.6806 2
      vertex 27.1 17.6929 0
      vertex 27.125 17.6806 0
    endloop
  endfacet
  facet normal -0.751908 -0.659268 0
    outer loop
      vertex 28.3717 16.5872 0
      vertex 28.0052 17.0052 2
      vertex 28.0052 17.0052 0
    endloop
  endfacet
  facet normal -0.751908 -0.659268 0
    outer loop
      vertex 28.0052 17.0052 2
      vertex 28.3717 16.5872 0
      vertex 28.3717 16.5872 2
    endloop
  endfacet
  facet normal -0.751908 0.659268 0
    outer loop
      vertex 28.0052 10.9948 0
      vertex 28.3717 11.4128 2
      vertex 28.3717 11.4128 0
    endloop
  endfacet
  facet normal -0.751908 0.659268 0
    outer loop
      vertex 28.3717 11.4128 2
      vertex 28.0052 10.9948 0
      vertex 28.0052 10.9948 2
    endloop
  endfacet
  facet normal 0.442314 0.89686 -0
    outer loop
      vertex 23.3736 10.0735 0
      vertex 22.875 10.3194 2
      vertex 23.3736 10.0735 2
    endloop
  endfacet
  facet normal 0.442314 0.89686 0
    outer loop
      vertex 22.875 10.3194 2
      vertex 23.3736 10.0735 0
      vertex 22.875 10.3194 0
    endloop
  endfacet
  facet normal 0.946924 -0.321458 0
    outer loop
      vertex 20.8948 15.1 2
      vertex 21.0735 15.6264 0
      vertex 21.0735 15.6264 2
    endloop
  endfacet
  facet normal 0.946924 -0.321458 0
    outer loop
      vertex 21.0735 15.6264 0
      vertex 20.8948 15.1 2
      vertex 20.8948 15.1 0
    endloop
  endfacet
  facet normal -0.195078 0.980788 0
    outer loop
      vertex 26.1 9.89482 0
      vertex 25.5547 9.78636 2
      vertex 26.1 9.89482 2
    endloop
  endfacet
  facet normal -0.195078 0.980788 0
    outer loop
      vertex 25.5547 9.78636 2
      vertex 26.1 9.89482 0
      vertex 25.5547 9.78636 0
    endloop
  endfacet
  facet normal -0.442314 0.89686 0
    outer loop
      vertex 27.125 10.3194 0
      vertex 26.6264 10.0735 2
      vertex 27.125 10.3194 2
    endloop
  endfacet
  facet normal -0.442314 0.89686 0
    outer loop
      vertex 26.6264 10.0735 2
      vertex 27.125 10.3194 0
      vertex 26.6264 10.0735 0
    endloop
  endfacet
  facet normal 0.751908 -0.659268 0
    outer loop
      vertex 21.6283 16.5872 2
      vertex 21.9948 17.0052 0
      vertex 21.9948 17.0052 2
    endloop
  endfacet
  facet normal 0.751908 -0.659268 0
    outer loop
      vertex 21.9948 17.0052 0
      vertex 21.6283 16.5872 2
      vertex 21.6283 16.5872 0
    endloop
  endfacet
  facet normal -0.659268 -0.751908 0
    outer loop
      vertex 27.5872 17.3717 0
      vertex 28.0052 17.0052 2
      vertex 27.5872 17.3717 2
    endloop
  endfacet
  facet normal -0.659268 -0.751908 -0
    outer loop
      vertex 28.0052 17.0052 2
      vertex 27.5872 17.3717 0
      vertex 28.0052 17.0052 0
    endloop
  endfacet
  facet normal 0.89686 0.442314 0
    outer loop
      vertex 21.3194 11.875 2
      vertex 21.0735 12.3736 0
      vertex 21.0735 12.3736 2
    endloop
  endfacet
  facet normal 0.89686 0.442314 0
    outer loop
      vertex 21.0735 12.3736 0
      vertex 21.3194 11.875 2
      vertex 21.3194 11.875 0
    endloop
  endfacet
  facet normal -0.831413 0.555655 0
    outer loop
      vertex 28.3717 11.4128 0
      vertex 28.6806 11.875 2
      vertex 28.6806 11.875 0
    endloop
  endfacet
  facet normal -0.831413 0.555655 0
    outer loop
      vertex 28.6806 11.875 2
      vertex 28.3717 11.4128 0
      vertex 28.3717 11.4128 2
    endloop
  endfacet
  facet normal -0.89686 -0.442314 0
    outer loop
      vertex 28.9265 15.6264 0
      vertex 28.6806 16.125 2
      vertex 28.6806 16.125 0
    endloop
  endfacet
  facet normal -0.89686 -0.442314 0
    outer loop
      vertex 28.6806 16.125 2
      vertex 28.9265 15.6264 0
      vertex 28.9265 15.6264 2
    endloop
  endfacet
  facet normal 0.0654086 0.997859 -0
    outer loop
      vertex 25 9.75 0
      vertex 24.4453 9.78636 2
      vertex 25 9.75 2
    endloop
  endfacet
  facet normal 0.0654086 0.997859 0
    outer loop
      vertex 24.4453 9.78636 2
      vertex 25 9.75 0
      vertex 24.4453 9.78636 0
    endloop
  endfacet
  facet normal 0.55553 0.831496 -0
    outer loop
      vertex 22.875 10.3194 0
      vertex 22.4128 10.6282 2
      vertex 22.875 10.3194 2
    endloop
  endfacet
  facet normal 0.55553 0.831496 0
    outer loop
      vertex 22.4128 10.6282 2
      vertex 22.875 10.3194 0
      vertex 22.4128 10.6282 0
    endloop
  endfacet
  facet normal -0.55553 0.831496 0
    outer loop
      vertex 27.5872 10.6282 0
      vertex 27.125 10.3194 2
      vertex 27.5872 10.6282 2
    endloop
  endfacet
  facet normal -0.55553 0.831496 0
    outer loop
      vertex 27.125 10.3194 2
      vertex 27.5872 10.6282 0
      vertex 27.125 10.3194 0
    endloop
  endfacet
  facet normal -0.946924 -0.321458 0
    outer loop
      vertex 29.1052 15.1 0
      vertex 28.9265 15.6264 2
      vertex 28.9265 15.6264 0
    endloop
  endfacet
  facet normal -0.946924 -0.321458 0
    outer loop
      vertex 28.9265 15.6264 2
      vertex 29.1052 15.1 0
      vertex 29.1052 15.1 2
    endloop
  endfacet
  facet normal 0.980808 -0.194975 0
    outer loop
      vertex 20.7864 14.5547 2
      vertex 20.8948 15.1 0
      vertex 20.8948 15.1 2
    endloop
  endfacet
  facet normal 0.980808 -0.194975 0
    outer loop
      vertex 20.8948 15.1 0
      vertex 20.7864 14.5547 2
      vertex 20.7864 14.5547 0
    endloop
  endfacet
  facet normal 0.321425 0.946935 -0
    outer loop
      vertex 23.9 9.89482 0
      vertex 23.3736 10.0735 2
      vertex 23.9 9.89482 2
    endloop
  endfacet
  facet normal 0.321425 0.946935 0
    outer loop
      vertex 23.3736 10.0735 2
      vertex 23.9 9.89482 0
      vertex 23.3736 10.0735 0
    endloop
  endfacet
  facet normal 0.980808 0.194975 0
    outer loop
      vertex 20.8948 12.9 2
      vertex 20.7864 13.4453 0
      vertex 20.7864 13.4453 2
    endloop
  endfacet
  facet normal 0.980808 0.194975 0
    outer loop
      vertex 20.7864 13.4453 0
      vertex 20.8948 12.9 2
      vertex 20.8948 12.9 0
    endloop
  endfacet
  facet normal 0.195078 0.980788 -0
    outer loop
      vertex 24.4453 9.78636 0
      vertex 23.9 9.89482 2
      vertex 24.4453 9.78636 2
    endloop
  endfacet
  facet normal 0.195078 0.980788 0
    outer loop
      vertex 23.9 9.89482 2
      vertex 24.4453 9.78636 0
      vertex 23.9 9.89482 0
    endloop
  endfacet
  facet normal 0.831413 -0.555655 0
    outer loop
      vertex 21.3194 16.125 2
      vertex 21.6283 16.5872 0
      vertex 21.6283 16.5872 2
    endloop
  endfacet
  facet normal 0.831413 -0.555655 0
    outer loop
      vertex 21.6283 16.5872 0
      vertex 21.3194 16.125 2
      vertex 21.3194 16.125 0
    endloop
  endfacet
  facet normal 1 -0 0
    outer loop
      vertex 22.9 17.6929 2
      vertex 22.9 22 0
      vertex 22.9 22 2
    endloop
  endfacet
  facet normal 1 0 0
    outer loop
      vertex 22.9 22 0
      vertex 22.9 17.6929 2
      vertex 22.9 17.6929 0
    endloop
  endfacet
  facet normal 0.555792 -0.831322 0
    outer loop
      vertex 23.7216 23.666 0
      vertex 23.95 23.8187 2
      vertex 23.7216 23.666 2
    endloop
  endfacet
  facet normal 0.555792 -0.831322 0
    outer loop
      vertex 23.95 23.8187 2
      vertex 23.7216 23.666 0
      vertex 23.95 23.8187 0
    endloop
  endfacet
  facet normal -1 0 0
    outer loop
      vertex 27.1 17.6929 0
      vertex 27.1 22 2
      vertex 27.1 22 0
    endloop
  endfacet
  facet normal -1 -0 0
    outer loop
      vertex 27.1 22 2
      vertex 27.1 17.6929 0
      vertex 27.1 17.6929 2
    endloop
  endfacet
  facet normal 0.0655283 -0.997851 0
    outer loop
      vertex 24.7259 24.082 0
      vertex 25 24.1 2
      vertex 24.7259 24.082 2
    endloop
  endfacet
  facet normal 0.0655283 -0.997851 0
    outer loop
      vertex 25 24.1 2
      vertex 24.7259 24.082 0
      vertex 25 24.1 0
    endloop
  endfacet
  facet normal -0.946921 -0.321465 0
    outer loop
      vertex 27.0284 22.5435 0
      vertex 26.9401 22.8036 2
      vertex 26.9401 22.8036 0
    endloop
  endfacet
  facet normal -0.946921 -0.321465 0
    outer loop
      vertex 26.9401 22.8036 2
      vertex 27.0284 22.5435 0
      vertex 27.0284 22.5435 2
    endloop
  endfacet
  facet normal -0.0655283 -0.997851 0
    outer loop
      vertex 25 24.1 0
      vertex 25.2741 24.082 2
      vertex 25 24.1 2
    endloop
  endfacet
  facet normal -0.0655283 -0.997851 -0
    outer loop
      vertex 25.2741 24.082 2
      vertex 25 24.1 0
      vertex 25.2741 24.082 0
    endloop
  endfacet
  facet normal 0.751832 -0.659355 0
    outer loop
      vertex 23.334 23.2784 2
      vertex 23.5151 23.4849 0
      vertex 23.5151 23.4849 2
    endloop
  endfacet
  facet normal 0.751832 -0.659355 0
    outer loop
      vertex 23.5151 23.4849 0
      vertex 23.334 23.2784 2
      vertex 23.334 23.2784 0
    endloop
  endfacet
  facet normal -0.997851 -0.0655283 0
    outer loop
      vertex 27.1 22 0
      vertex 27.082 22.2741 2
      vertex 27.082 22.2741 0
    endloop
  endfacet
  facet normal -0.997851 -0.0655283 0
    outer loop
      vertex 27.082 22.2741 2
      vertex 27.1 22 0
      vertex 27.1 22 2
    endloop
  endfacet
  facet normal 0.441964 -0.897033 0
    outer loop
      vertex 23.95 23.8187 0
      vertex 24.1964 23.9401 2
      vertex 23.95 23.8187 2
    endloop
  endfacet
  facet normal 0.441964 -0.897033 0
    outer loop
      vertex 24.1964 23.9401 2
      vertex 23.95 23.8187 0
      vertex 24.1964 23.9401 0
    endloop
  endfacet
  facet normal 0.980776 -0.195136 0
    outer loop
      vertex 22.918 22.2741 2
      vertex 22.9716 22.5435 0
      vertex 22.9716 22.5435 2
    endloop
  endfacet
  facet normal 0.980776 -0.195136 0
    outer loop
      vertex 22.9716 22.5435 0
      vertex 22.918 22.2741 2
      vertex 22.918 22.2741 0
    endloop
  endfacet
  facet normal -0.659355 -0.751832 0
    outer loop
      vertex 26.2784 23.666 0
      vertex 26.4849 23.4849 2
      vertex 26.2784 23.666 2
    endloop
  endfacet
  facet normal -0.659355 -0.751832 -0
    outer loop
      vertex 26.4849 23.4849 2
      vertex 26.2784 23.666 0
      vertex 26.4849 23.4849 0
    endloop
  endfacet
  facet normal 0.659355 -0.751832 0
    outer loop
      vertex 23.5151 23.4849 0
      vertex 23.7216 23.666 2
      vertex 23.5151 23.4849 2
    endloop
  endfacet
  facet normal 0.659355 -0.751832 0
    outer loop
      vertex 23.7216 23.666 2
      vertex 23.5151 23.4849 0
      vertex 23.7216 23.666 0
    endloop
  endfacet
  facet normal 0.831322 -0.555792 0
    outer loop
      vertex 23.1813 23.05 2
      vertex 23.334 23.2784 0
      vertex 23.334 23.2784 2
    endloop
  endfacet
  facet normal 0.831322 -0.555792 0
    outer loop
      vertex 23.334 23.2784 0
      vertex 23.1813 23.05 2
      vertex 23.1813 23.05 0
    endloop
  endfacet
  facet normal -0.195136 -0.980776 0
    outer loop
      vertex 25.2741 24.082 0
      vertex 25.5435 24.0284 2
      vertex 25.2741 24.082 2
    endloop
  endfacet
  facet normal -0.195136 -0.980776 -0
    outer loop
      vertex 25.5435 24.0284 2
      vertex 25.2741 24.082 0
      vertex 25.5435 24.0284 0
    endloop
  endfacet
  facet normal 0.897033 -0.441964 0
    outer loop
      vertex 23.0599 22.8036 2
      vertex 23.1813 23.05 0
      vertex 23.1813 23.05 2
    endloop
  endfacet
  facet normal 0.897033 -0.441964 0
    outer loop
      vertex 23.1813 23.05 0
      vertex 23.0599 22.8036 2
      vertex 23.0599 22.8036 0
    endloop
  endfacet
  facet normal -0.980776 -0.195136 0
    outer loop
      vertex 27.082 22.2741 0
      vertex 27.0284 22.5435 2
      vertex 27.0284 22.5435 0
    endloop
  endfacet
  facet normal -0.980776 -0.195136 0
    outer loop
      vertex 27.0284 22.5435 2
      vertex 27.082 22.2741 0
      vertex 27.082 22.2741 2
    endloop
  endfacet
  facet normal 0.321465 -0.946921 0
    outer loop
      vertex 24.1964 23.9401 0
      vertex 24.4565 24.0284 2
      vertex 24.1964 23.9401 2
    endloop
  endfacet
  facet normal 0.321465 -0.946921 0
    outer loop
      vertex 24.4565 24.0284 2
      vertex 24.1964 23.9401 0
      vertex 24.4565 24.0284 0
    endloop
  endfacet
  facet normal -0.897033 -0.441964 0
    outer loop
      vertex 26.9401 22.8036 0
      vertex 26.8187 23.05 2
      vertex 26.8187 23.05 0
    endloop
  endfacet
  facet normal -0.897033 -0.441964 0
    outer loop
      vertex 26.8187 23.05 2
      vertex 26.9401 22.8036 0
      vertex 26.9401 22.8036 2
    endloop
  endfacet
  facet normal -0.441964 -0.897033 0
    outer loop
      vertex 25.8036 23.9401 0
      vertex 26.05 23.8187 2
      vertex 25.8036 23.9401 2
    endloop
  endfacet
  facet normal -0.441964 -0.897033 -0
    outer loop
      vertex 26.05 23.8187 2
      vertex 25.8036 23.9401 0
      vertex 26.05 23.8187 0
    endloop
  endfacet
  facet normal 0.997851 -0.0655283 0
    outer loop
      vertex 22.9 22 2
      vertex 22.918 22.2741 0
      vertex 22.918 22.2741 2
    endloop
  endfacet
  facet normal 0.997851 -0.0655283 0
    outer loop
      vertex 22.918 22.2741 0
      vertex 22.9 22 2
      vertex 22.9 22 0
    endloop
  endfacet
  facet normal 0.195136 -0.980776 0
    outer loop
      vertex 24.4565 24.0284 0
      vertex 24.7259 24.082 2
      vertex 24.4565 24.0284 2
    endloop
  endfacet
  facet normal 0.195136 -0.980776 0
    outer loop
      vertex 24.7259 24.082 2
      vertex 24.4565 24.0284 0
      vertex 24.7259 24.082 0
    endloop
  endfacet
  facet normal -0.555792 -0.831322 0
    outer loop
      vertex 26.05 23.8187 0
      vertex 26.2784 23.666 2
      vertex 26.05 23.8187 2
    endloop
  endfacet
  facet normal -0.555792 -0.831322 -0
    outer loop
      vertex 26.2784 23.666 2
      vertex 26.05 23.8187 0
      vertex 26.2784 23.666 0
    endloop
  endfacet
  facet normal -0.321465 -0.946921 0
    outer loop
      vertex 25.5435 24.0284 0
      vertex 25.8036 23.9401 2
      vertex 25.5435 24.0284 2
    endloop
  endfacet
  facet normal -0.321465 -0.946921 -0
    outer loop
      vertex 25.8036 23.9401 2
      vertex 25.5435 24.0284 0
      vertex 25.8036 23.9401 0
    endloop
  endfacet
  facet normal 0.946921 -0.321465 0
    outer loop
      vertex 22.9716 22.5435 2
      vertex 23.0599 22.8036 0
      vertex 23.0599 22.8036 2
    endloop
  endfacet
  facet normal 0.946921 -0.321465 0
    outer loop
      vertex 23.0599 22.8036 0
      vertex 22.9716 22.5435 2
      vertex 22.9716 22.5435 0
    endloop
  endfacet
  facet normal -0.751832 -0.659355 0
    outer loop
      vertex 26.666 23.2784 0
      vertex 26.4849 23.4849 2
      vertex 26.4849 23.4849 0
    endloop
  endfacet
  facet normal -0.751832 -0.659355 0
    outer loop
      vertex 26.4849 23.4849 2
      vertex 26.666 23.2784 0
      vertex 26.666 23.2784 2
    endloop
  endfacet
  facet normal -0.831322 -0.555792 0
    outer loop
      vertex 26.8187 23.05 0
      vertex 26.666 23.2784 2
      vertex 26.666 23.2784 0
    endloop
  endfacet
  facet normal -0.831322 -0.555792 0
    outer loop
      vertex 26.666 23.2784 2
      vertex 26.8187 23.05 0
      vertex 26.8187 23.05 2
    endloop
  endfacet
  facet normal -0.980808 -0.194975 0
    outer loop
      vertex 49.2136 14.5547 0
      vertex 49.1052 15.1 2
      vertex 49.1052 15.1 0
    endloop
  endfacet
  facet normal -0.980808 -0.194975 0
    outer loop
      vertex 49.1052 15.1 2
      vertex 49.2136 14.5547 0
      vertex 49.2136 14.5547 2
    endloop
  endfacet
  facet normal -0.997854 -0.0654802 0
    outer loop
      vertex 49.25 14 0
      vertex 49.2136 14.5547 2
      vertex 49.2136 14.5547 0
    endloop
  endfacet
  facet normal -0.997854 -0.0654802 0
    outer loop
      vertex 49.2136 14.5547 2
      vertex 49.25 14 0
      vertex 49.25 14 2
    endloop
  endfacet
  facet normal -0.980808 0.194975 0
    outer loop
      vertex 49.1052 12.9 0
      vertex 49.2136 13.4453 2
      vertex 49.2136 13.4453 0
    endloop
  endfacet
  facet normal -0.980808 0.194975 0
    outer loop
      vertex 49.2136 13.4453 2
      vertex 49.1052 12.9 0
      vertex 49.1052 12.9 2
    endloop
  endfacet
  facet normal 0.751908 0.659268 0
    outer loop
      vertex 41.9948 10.9948 2
      vertex 41.6283 11.4128 0
      vertex 41.6283 11.4128 2
    endloop
  endfacet
  facet normal 0.751908 0.659268 0
    outer loop
      vertex 41.6283 11.4128 0
      vertex 41.9948 10.9948 2
      vertex 41.9948 10.9948 0
    endloop
  endfacet
  facet normal -0.831413 -0.555655 0
    outer loop
      vertex 48.6806 16.125 0
      vertex 48.3717 16.5872 2
      vertex 48.3717 16.5872 0
    endloop
  endfacet
  facet normal -0.831413 -0.555655 0
    outer loop
      vertex 48.3717 16.5872 2
      vertex 48.6806 16.125 0
      vertex 48.6806 16.125 2
    endloop
  endfacet
  facet normal -0.555655 -0.831413 0
    outer loop
      vertex 47.125 17.6806 0
      vertex 47.5872 17.3717 2
      vertex 47.125 17.6806 2
    endloop
  endfacet
  facet normal -0.555655 -0.831413 -0
    outer loop
      vertex 47.5872 17.3717 2
      vertex 47.125 17.6806 0
      vertex 47.5872 17.3717 0
    endloop
  endfacet
  facet normal -0.89686 0.442314 0
    outer loop
      vertex 48.6806 11.875 0
      vertex 48.9265 12.3736 2
      vertex 48.9265 12.3736 0
    endloop
  endfacet
  facet normal -0.89686 0.442314 0
    outer loop
      vertex 48.9265 12.3736 2
      vertex 48.6806 11.875 0
      vertex 48.6806 11.875 2
    endloop
  endfacet
  facet normal -0.997854 0.0654802 0
    outer loop
      vertex 49.2136 13.4453 0
      vertex 49.25 14 2
      vertex 49.25 14 0
    endloop
  endfacet
  facet normal -0.997854 0.0654802 0
    outer loop
      vertex 49.25 14 2
      vertex 49.2136 13.4453 0
      vertex 49.2136 13.4453 2
    endloop
  endfacet
  facet normal 0.89686 -0.442314 0
    outer loop
      vertex 41.0735 15.6264 2
      vertex 41.3194 16.125 0
      vertex 41.3194 16.125 2
    endloop
  endfacet
  facet normal 0.89686 -0.442314 0
    outer loop
      vertex 41.3194 16.125 0
      vertex 41.0735 15.6264 2
      vertex 41.0735 15.6264 0
    endloop
  endfacet
  facet normal 0.659268 -0.751908 0
    outer loop
      vertex 41.9948 17.0052 0
      vertex 42.4128 17.3717 2
      vertex 41.9948 17.0052 2
    endloop
  endfacet
  facet normal 0.659268 -0.751908 0
    outer loop
      vertex 42.4128 17.3717 2
      vertex 41.9948 17.0052 0
      vertex 42.4128 17.3717 0
    endloop
  endfacet
  facet normal -0.321425 0.946935 0
    outer loop
      vertex 46.6264 10.0735 0
      vertex 46.1 9.89482 2
      vertex 46.6264 10.0735 2
    endloop
  endfacet
  facet normal -0.321425 0.946935 0
    outer loop
      vertex 46.1 9.89482 2
      vertex 46.6264 10.0735 0
      vertex 46.1 9.89482 0
    endloop
  endfacet
  facet normal 0.997854 0.0654802 0
    outer loop
      vertex 40.7864 13.4453 2
      vertex 40.75 14 0
      vertex 40.75 14 2
    endloop
  endfacet
  facet normal 0.997854 0.0654802 0
    outer loop
      vertex 40.75 14 0
      vertex 40.7864 13.4453 2
      vertex 40.7864 13.4453 0
    endloop
  endfacet
  facet normal 0.65937 0.751819 -0
    outer loop
      vertex 42.4128 10.6282 0
      vertex 41.9948 10.9948 2
      vertex 42.4128 10.6282 2
    endloop
  endfacet
  facet normal 0.65937 0.751819 0
    outer loop
      vertex 41.9948 10.9948 2
      vertex 42.4128 10.6282 0
      vertex 41.9948 10.9948 0
    endloop
  endfacet
  facet normal 0.831413 0.555655 0
    outer loop
      vertex 41.6283 11.4128 2
      vertex 41.3194 11.875 0
      vertex 41.3194 11.875 2
    endloop
  endfacet
  facet normal 0.831413 0.555655 0
    outer loop
      vertex 41.3194 11.875 0
      vertex 41.6283 11.4128 2
      vertex 41.6283 11.4128 0
    endloop
  endfacet
  facet normal 0.555655 -0.831413 0
    outer loop
      vertex 42.4128 17.3717 0
      vertex 42.875 17.6806 2
      vertex 42.4128 17.3717 2
    endloop
  endfacet
  facet normal 0.555655 -0.831413 0
    outer loop
      vertex 42.875 17.6806 2
      vertex 42.4128 17.3717 0
      vertex 42.875 17.6806 0
    endloop
  endfacet
  facet normal 0.441462 -0.89728 0
    outer loop
      vertex 42.875 17.6806 0
      vertex 42.9 17.6929 2
      vertex 42.875 17.6806 2
    endloop
  endfacet
  facet normal 0.441462 -0.89728 0
    outer loop
      vertex 42.9 17.6929 2
      vertex 42.875 17.6806 0
      vertex 42.9 17.6929 0
    endloop
  endfacet
  facet normal -0.0654086 0.997859 0
    outer loop
      vertex 45.5547 9.78636 0
      vertex 45 9.75 2
      vertex 45.5547 9.78636 2
    endloop
  endfacet
  facet normal -0.0654086 0.997859 0
    outer loop
      vertex 45 9.75 2
      vertex 45.5547 9.78636 0
      vertex 45 9.75 0
    endloop
  endfacet
  facet normal -0.65937 0.751819 0
    outer loop
      vertex 48.0052 10.9948 0
      vertex 47.5872 10.6282 2
      vertex 48.0052 10.9948 2
    endloop
  endfacet
  facet normal -0.65937 0.751819 0
    outer loop
      vertex 47.5872 10.6282 2
      vertex 48.0052 10.9948 0
      vertex 47.5872 10.6282 0
    endloop
  endfacet
  facet normal 0.946924 0.321458 0
    outer loop
      vertex 41.0735 12.3736 2
      vertex 40.8948 12.9 0
      vertex 40.8948 12.9 2
    endloop
  endfacet
  facet normal 0.946924 0.321458 0
    outer loop
      vertex 40.8948 12.9 0
      vertex 41.0735 12.3736 2
      vertex 41.0735 12.3736 0
    endloop
  endfacet
  facet normal -0.946924 0.321458 0
    outer loop
      vertex 48.9265 12.3736 0
      vertex 49.1052 12.9 2
      vertex 49.1052 12.9 0
    endloop
  endfacet
  facet normal -0.946924 0.321458 0
    outer loop
      vertex 49.1052 12.9 2
      vertex 48.9265 12.3736 0
      vertex 48.9265 12.3736 2
    endloop
  endfacet
  facet normal -0.441462 -0.89728 0
    outer loop
      vertex 47.1 17.6929 0
      vertex 47.125 17.6806 2
      vertex 47.1 17.6929 2
    endloop
  endfacet
  facet normal -0.441462 -0.89728 -0
    outer loop
      vertex 47.125 17.6806 2
      vertex 47.1 17.6929 0
      vertex 47.125 17.6806 0
    endloop
  endfacet
  facet normal -0.751908 -0.659268 0
    outer loop
      vertex 48.3717 16.5872 0
      vertex 48.0052 17.0052 2
      vertex 48.0052 17.0052 0
    endloop
  endfacet
  facet normal -0.751908 -0.659268 0
    outer loop
      vertex 48.0052 17.0052 2
      vertex 48.3717 16.5872 0
      vertex 48.3717 16.5872 2
    endloop
  endfacet
  facet normal -0.751908 0.659268 0
    outer loop
      vertex 48.0052 10.9948 0
      vertex 48.3717 11.4128 2
      vertex 48.3717 11.4128 0
    endloop
  endfacet
  facet normal -0.751908 0.659268 0
    outer loop
      vertex 48.3717 11.4128 2
      vertex 48.0052 10.9948 0
      vertex 48.0052 10.9948 2
    endloop
  endfacet
  facet normal 0.442314 0.89686 -0
    outer loop
      vertex 43.3736 10.0735 0
      vertex 42.875 10.3194 2
      vertex 43.3736 10.0735 2
    endloop
  endfacet
  facet normal 0.442314 0.89686 0
    outer loop
      vertex 42.875 10.3194 2
      vertex 43.3736 10.0735 0
      vertex 42.875 10.3194 0
    endloop
  endfacet
  facet normal 0.946924 -0.321458 0
    outer loop
      vertex 40.8948 15.1 2
      vertex 41.0735 15.6264 0
      vertex 41.0735 15.6264 2
    endloop
  endfacet
  facet normal 0.946924 -0.321458 0
    outer loop
      vertex 41.0735 15.6264 0
      vertex 40.8948 15.1 2
      vertex 40.8948 15.1 0
    endloop
  endfacet
  facet normal -0.195078 0.980788 0
    outer loop
      vertex 46.1 9.89482 0
      vertex 45.5547 9.78636 2
      vertex 46.1 9.89482 2
    endloop
  endfacet
  facet normal -0.195078 0.980788 0
    outer loop
      vertex 45.5547 9.78636 2
      vertex 46.1 9.89482 0
      vertex 45.5547 9.78636 0
    endloop
  endfacet
  facet normal -0.442314 0.89686 0
    outer loop
      vertex 47.125 10.3194 0
      vertex 46.6264 10.0735 2
      vertex 47.125 10.3194 2
    endloop
  endfacet
  facet normal -0.442314 0.89686 0
    outer loop
      vertex 46.6264 10.0735 2
      vertex 47.125 10.3194 0
      vertex 46.6264 10.0735 0
    endloop
  endfacet
  facet normal 0.751908 -0.659268 0
    outer loop
      vertex 41.6283 16.5872 2
      vertex 41.9948 17.0052 0
      vertex 41.9948 17.0052 2
    endloop
  endfacet
  facet normal 0.751908 -0.659268 0
    outer loop
      vertex 41.9948 17.0052 0
      vertex 41.6283 16.5872 2
      vertex 41.6283 16.5872 0
    endloop
  endfacet
  facet normal -0.659268 -0.751908 0
    outer loop
      vertex 47.5872 17.3717 0
      vertex 48.0052 17.0052 2
      vertex 47.5872 17.3717 2
    endloop
  endfacet
  facet normal -0.659268 -0.751908 -0
    outer loop
      vertex 48.0052 17.0052 2
      vertex 47.5872 17.3717 0
      vertex 48.0052 17.0052 0
    endloop
  endfacet
  facet normal 0.89686 0.442314 0
    outer loop
      vertex 41.3194 11.875 2
      vertex 41.0735 12.3736 0
      vertex 41.0735 12.3736 2
    endloop
  endfacet
  facet normal 0.89686 0.442314 0
    outer loop
      vertex 41.0735 12.3736 0
      vertex 41.3194 11.875 2
      vertex 41.3194 11.875 0
    endloop
  endfacet
  facet normal 0.997854 -0.0654802 0
    outer loop
      vertex 40.75 14 2
      vertex 40.7864 14.5547 0
      vertex 40.7864 14.5547 2
    endloop
  endfacet
  facet normal 0.997854 -0.0654802 0
    outer loop
      vertex 40.7864 14.5547 0
      vertex 40.75 14 2
      vertex 40.75 14 0
    endloop
  endfacet
  facet normal -0.831413 0.555655 0
    outer loop
      vertex 48.3717 11.4128 0
      vertex 48.6806 11.875 2
      vertex 48.6806 11.875 0
    endloop
  endfacet
  facet normal -0.831413 0.555655 0
    outer loop
      vertex 48.6806 11.875 2
      vertex 48.3717 11.4128 0
      vertex 48.3717 11.4128 2
    endloop
  endfacet
  facet normal -0.89686 -0.442314 0
    outer loop
      vertex 48.9265 15.6264 0
      vertex 48.6806 16.125 2
      vertex 48.6806 16.125 0
    endloop
  endfacet
  facet normal -0.89686 -0.442314 0
    outer loop
      vertex 48.6806 16.125 2
      vertex 48.9265 15.6264 0
      vertex 48.9265 15.6264 2
    endloop
  endfacet
  facet normal 0.0654086 0.997859 -0
    outer loop
      vertex 45 9.75 0
      vertex 44.4453 9.78636 2
      vertex 45 9.75 2
    endloop
  endfacet
  facet normal 0.0654086 0.997859 0
    outer loop
      vertex 44.4453 9.78636 2
      vertex 45 9.75 0
      vertex 44.4453 9.78636 0
    endloop
  endfacet
  facet normal 0.55553 0.831496 -0
    outer loop
      vertex 42.875 10.3194 0
      vertex 42.4128 10.6282 2
      vertex 42.875 10.3194 2
    endloop
  endfacet
  facet normal 0.55553 0.831496 0
    outer loop
      vertex 42.4128 10.6282 2
      vertex 42.875 10.3194 0
      vertex 42.4128 10.6282 0
    endloop
  endfacet
  facet normal -0.55553 0.831496 0
    outer loop
      vertex 47.5872 10.6282 0
      vertex 47.125 10.3194 2
      vertex 47.5872 10.6282 2
    endloop
  endfacet
  facet normal -0.55553 0.831496 0
    outer loop
      vertex 47.125 10.3194 2
      vertex 47.5872 10.6282 0
      vertex 47.125 10.3194 0
    endloop
  endfacet
  facet normal -0.946924 -0.321458 0
    outer loop
      vertex 49.1052 15.1 0
      vertex 48.9265 15.6264 2
      vertex 48.9265 15.6264 0
    endloop
  endfacet
  facet normal -0.946924 -0.321458 0
    outer loop
      vertex 48.9265 15.6264 2
      vertex 49.1052 15.1 0
      vertex 49.1052 15.1 2
    endloop
  endfacet
  facet normal 0.980808 -0.194975 0
    outer loop
      vertex 40.7864 14.5547 2
      vertex 40.8948 15.1 0
      vertex 40.8948 15.1 2
    endloop
  endfacet
  facet normal 0.980808 -0.194975 0
    outer loop
      vertex 40.8948 15.1 0
      vertex 40.7864 14.5547 2
      vertex 40.7864 14.5547 0
    endloop
  endfacet
  facet normal 0.321425 0.946935 -0
    outer loop
      vertex 43.9 9.89482 0
      vertex 43.3736 10.0735 2
      vertex 43.9 9.89482 2
    endloop
  endfacet
  facet normal 0.321425 0.946935 0
    outer loop
      vertex 43.3736 10.0735 2
      vertex 43.9 9.89482 0
      vertex 43.3736 10.0735 0
    endloop
  endfacet
  facet normal 0.980808 0.194975 0
    outer loop
      vertex 40.8948 12.9 2
      vertex 40.7864 13.4453 0
      vertex 40.7864 13.4453 2
    endloop
  endfacet
  facet normal 0.980808 0.194975 0
    outer loop
      vertex 40.7864 13.4453 0
      vertex 40.8948 12.9 2
      vertex 40.8948 12.9 0
    endloop
  endfacet
  facet normal 0.195078 0.980788 -0
    outer loop
      vertex 44.4453 9.78636 0
      vertex 43.9 9.89482 2
      vertex 44.4453 9.78636 2
    endloop
  endfacet
  facet normal 0.195078 0.980788 0
    outer loop
      vertex 43.9 9.89482 2
      vertex 44.4453 9.78636 0
      vertex 43.9 9.89482 0
    endloop
  endfacet
  facet normal 0.831413 -0.555655 0
    outer loop
      vertex 41.3194 16.125 2
      vertex 41.6283 16.5872 0
      vertex 41.6283 16.5872 2
    endloop
  endfacet
  facet normal 0.831413 -0.555655 0
    outer loop
      vertex 41.6283 16.5872 0
      vertex 41.3194 16.125 2
      vertex 41.3194 16.125 0
    endloop
  endfacet
  facet normal 1 -0 0
    outer loop
      vertex 42.9 17.6929 2
      vertex 42.9 22 0
      vertex 42.9 22 2
    endloop
  endfacet
  facet normal 1 0 0
    outer loop
      vertex 42.9 22 0
      vertex 42.9 17.6929 2
      vertex 42.9 17.6929 0
    endloop
  endfacet
  facet normal 0.555792 -0.831322 0
    outer loop
      vertex 43.7216 23.666 0
      vertex 43.95 23.8187 2
      vertex 43.7216 23.666 2
    endloop
  endfacet
  facet normal 0.555792 -0.831322 0
    outer loop
      vertex 43.95 23.8187 2
      vertex 43.7216 23.666 0
      vertex 43.95 23.8187 0
    endloop
  endfacet
  facet normal -1 0 0
    outer loop
      vertex 47.1 17.6929 0
      vertex 47.1 22 2
      vertex 47.1 22 0
    endloop
  endfacet
  facet normal -1 -0 0
    outer loop
      vertex 47.1 22 2
      vertex 47.1 17.6929 0
      vertex 47.1 17.6929 2
    endloop
  endfacet
  facet normal 0.0655283 -0.997851 0
    outer loop
      vertex 44.7259 24.082 0
      vertex 45 24.1 2
      vertex 44.7259 24.082 2
    endloop
  endfacet
  facet normal 0.0655283 -0.997851 0
    outer loop
      vertex 45 24.1 2
      vertex 44.7259 24.082 0
      vertex 45 24.1 0
    endloop
  endfacet
  facet normal -0.946921 -0.321465 0
    outer loop
      vertex 47.0284 22.5435 0
      vertex 46.9401 22.8036 2
      vertex 46.9401 22.8036 0
    endloop
  endfacet
  facet normal -0.946921 -0.321465 0
    outer loop
      vertex 46.9401 22.8036 2
      vertex 47.0284 22.5435 0
      vertex 47.0284 22.5435 2
    endloop
  endfacet
  facet normal -0.0655283 -0.997851 0
    outer loop
      vertex 45 24.1 0
      vertex 45.2741 24.082 2
      vertex 45 24.1 2
    endloop
  endfacet
  facet normal -0.0655283 -0.997851 -0
    outer loop
      vertex 45.2741 24.082 2
      vertex 45 24.1 0
      vertex 45.2741 24.082 0
    endloop
  endfacet
  facet normal 0.751832 -0.659355 0
    outer loop
      vertex 43.334 23.2784 2
      vertex 43.5151 23.4849 0
      vertex 43.5151 23.4849 2
    endloop
  endfacet
  facet normal 0.751832 -0.659355 0
    outer loop
      vertex 43.5151 23.4849 0
      vertex 43.334 23.2784 2
      vertex 43.334 23.2784 0
    endloop
  endfacet
  facet normal -0.997851 -0.0655283 0
    outer loop
      vertex 47.1 22 0
      vertex 47.082 22.2741 2
      vertex 47.082 22.2741 0
    endloop
  endfacet
  facet normal -0.997851 -0.0655283 0
    outer loop
      vertex 47.082 22.2741 2
      vertex 47.1 22 0
      vertex 47.1 22 2
    endloop
  endfacet
  facet normal 0.441964 -0.897033 0
    outer loop
      vertex 43.95 23.8187 0
      vertex 44.1964 23.9401 2
      vertex 43.95 23.8187 2
    endloop
  endfacet
  facet normal 0.441964 -0.897033 0
    outer loop
      vertex 44.1964 23.9401 2
      vertex 43.95 23.8187 0
      vertex 44.1964 23.9401 0
    endloop
  endfacet
  facet normal 0.980776 -0.195136 0
    outer loop
      vertex 42.918 22.2741 2
      vertex 42.9716 22.5435 0
      vertex 42.9716 22.5435 2
    endloop
  endfacet
  facet normal 0.980776 -0.195136 0
    outer loop
      vertex 42.9716 22.5435 0
      vertex 42.918 22.2741 2
      vertex 42.918 22.2741 0
    endloop
  endfacet
  facet normal -0.659355 -0.751832 0
    outer loop
      vertex 46.2784 23.666 0
      vertex 46.4849 23.4849 2
      vertex 46.2784 23.666 2
    endloop
  endfacet
  facet normal -0.659355 -0.751832 -0
    outer loop
      vertex 46.4849 23.4849 2
      vertex 46.2784 23.666 0
      vertex 46.4849 23.4849 0
    endloop
  endfacet
  facet normal 0.659355 -0.751832 0
    outer loop
      vertex 43.5151 23.4849 0
      vertex 43.7216 23.666 2
      vertex 43.5151 23.4849 2
    endloop
  endfacet
  facet normal 0.659355 -0.751832 0
    outer loop
      vertex 43.7216 23.666 2
      vertex 43.5151 23.4849 0
      vertex 43.7216 23.666 0
    endloop
  endfacet
  facet normal 0.831322 -0.555792 0
    outer loop
      vertex 43.1813 23.05 2
      vertex 43.334 23.2784 0
      vertex 43.334 23.2784 2
    endloop
  endfacet
  facet normal 0.831322 -0.555792 0
    outer loop
      vertex 43.334 23.2784 0
      vertex 43.1813 23.05 2
      vertex 43.1813 23.05 0
    endloop
  endfacet
  facet normal -0.195136 -0.980776 0
    outer loop
      vertex 45.2741 24.082 0
      vertex 45.5435 24.0284 2
      vertex 45.2741 24.082 2
    endloop
  endfacet
  facet normal -0.195136 -0.980776 -0
    outer loop
      vertex 45.5435 24.0284 2
      vertex 45.2741 24.082 0
      vertex 45.5435 24.0284 0
    endloop
  endfacet
  facet normal 0.897033 -0.441964 0
    outer loop
      vertex 43.0599 22.8036 2
      vertex 43.1813 23.05 0
      vertex 43.1813 23.05 2
    endloop
  endfacet
  facet normal 0.897033 -0.441964 0
    outer loop
      vertex 43.1813 23.05 0
      vertex 43.0599 22.8036 2
      vertex 43.0599 22.8036 0
    endloop
  endfacet
  facet normal -0.980776 -0.195136 0
    outer loop
      vertex 47.082 22.2741 0
      vertex 47.0284 22.5435 2
      vertex 47.0284 22.5435 0
    endloop
  endfacet
  facet normal -0.980776 -0.195136 0
    outer loop
      vertex 47.0284 22.5435 2
      vertex 47.082 22.2741 0
      vertex 47.082 22.2741 2
    endloop
  endfacet
  facet normal 0.321465 -0.946921 0
    outer loop
      vertex 44.1964 23.9401 0
      vertex 44.4565 24.0284 2
      vertex 44.1964 23.9401 2
    endloop
  endfacet
  facet normal 0.321465 -0.946921 0
    outer loop
      vertex 44.4565 24.0284 2
      vertex 44.1964 23.9401 0
      vertex 44.4565 24.0284 0
    endloop
  endfacet
  facet normal -0.897033 -0.441964 0
    outer loop
      vertex 46.9401 22.8036 0
      vertex 46.8187 23.05 2
      vertex 46.8187 23.05 0
    endloop
  endfacet
  facet normal -0.897033 -0.441964 0
    outer loop
      vertex 46.8187 23.05 2
      vertex 46.9401 22.8036 0
      vertex 46.9401 22.8036 2
    endloop
  endfacet
  facet normal -0.441964 -0.897033 0
    outer loop
      vertex 45.8036 23.9401 0
      vertex 46.05 23.8187 2
      vertex 45.8036 23.9401 2
    endloop
  endfacet
  facet normal -0.441964 -0.897033 -0
    outer loop
      vertex 46.05 23.8187 2
      vertex 45.8036 23.9401 0
      vertex 46.05 23.8187 0
    endloop
  endfacet
  facet normal 0.195136 -0.980776 0
    outer loop
      vertex 44.4565 24.0284 0
      vertex 44.7259 24.082 2
      vertex 44.4565 24.0284 2
    endloop
  endfacet
  facet normal 0.195136 -0.980776 0
    outer loop
      vertex 44.7259 24.082 2
      vertex 44.4565 24.0284 0
      vertex 44.7259 24.082 0
    endloop
  endfacet
  facet normal -0.555792 -0.831322 0
    outer loop
      vertex 46.05 23.8187 0
      vertex 46.2784 23.666 2
      vertex 46.05 23.8187 2
    endloop
  endfacet
  facet normal -0.555792 -0.831322 -0
    outer loop
      vertex 46.2784 23.666 2
      vertex 46.05 23.8187 0
      vertex 46.2784 23.666 0
    endloop
  endfacet
  facet normal 0.997851 -0.0655283 0
    outer loop
      vertex 42.9 22 2
      vertex 42.918 22.2741 0
      vertex 42.918 22.2741 2
    endloop
  endfacet
  facet normal 0.997851 -0.0655283 0
    outer loop
      vertex 42.918 22.2741 0
      vertex 42.9 22 2
      vertex 42.9 22 0
    endloop
  endfacet
  facet normal -0.321465 -0.946921 0
    outer loop
      vertex 45.5435 24.0284 0
      vertex 45.8036 23.9401 2
      vertex 45.5435 24.0284 2
    endloop
  endfacet
  facet normal -0.321465 -0.946921 -0
    outer loop
      vertex 45.8036 23.9401 2
      vertex 45.5435 24.0284 0
      vertex 45.8036 23.9401 0
    endloop
  endfacet
  facet normal 0.946921 -0.321465 0
    outer loop
      vertex 42.9716 22.5435 2
      vertex 43.0599 22.8036 0
      vertex 43.0599 22.8036 2
    endloop
  endfacet
  facet normal 0.946921 -0.321465 0
    outer loop
      vertex 43.0599 22.8036 0
      vertex 42.9716 22.5435 2
      vertex 42.9716 22.5435 0
    endloop
  endfacet
  facet normal -0.751832 -0.659355 0
    outer loop
      vertex 46.666 23.2784 0
      vertex 46.4849 23.4849 2
      vertex 46.4849 23.4849 0
    endloop
  endfacet
  facet normal -0.751832 -0.659355 0
    outer loop
      vertex 46.4849 23.4849 2
      vertex 46.666 23.2784 0
      vertex 46.666 23.2784 2
    endloop
  endfacet
  facet normal -0.831322 -0.555792 0
    outer loop
      vertex 46.8187 23.05 0
      vertex 46.666 23.2784 2
      vertex 46.666 23.2784 0
    endloop
  endfacet
  facet normal -0.831322 -0.555792 0
    outer loop
      vertex 46.666 23.2784 2
      vertex 46.8187 23.05 0
      vertex 46.8187 23.05 2
    endloop
  endfacet
  facet normal -0.997856 0 0.0654412
    outer loop
      vertex 35.4786 -2.5 9.12369
      vertex 35.5 -0.5 9.45
      vertex 35.4786 -0.5 9.12369
    endloop
  endfacet
  facet normal -0.997856 0 0.0654412
    outer loop
      vertex 35.5 -0.5 9.45
      vertex 35.4786 -2.5 9.12369
      vertex 35.5 -2.5 9.45
    endloop
  endfacet
  facet normal -0.32136 0 -0.946957
    outer loop
      vertex 33.647 -2.5 13.3648
      vertex 33.9567 -0.5 13.2597
      vertex 33.9567 -2.5 13.2597
    endloop
  endfacet
  facet normal -0.32136 0 -0.946957
    outer loop
      vertex 33.9567 -0.5 13.2597
      vertex 33.647 -2.5 13.3648
      vertex 33.647 -0.5 13.3648
    endloop
  endfacet
  facet normal -0.195116 0 -0.98078
    outer loop
      vertex 33.3263 -2.5 13.4286
      vertex 33.647 -0.5 13.3648
      vertex 33.647 -2.5 13.3648
    endloop
  endfacet
  facet normal -0.195116 0 -0.98078
    outer loop
      vertex 33.647 -0.5 13.3648
      vertex 33.3263 -2.5 13.4286
      vertex 33.3263 -0.5 13.4286
    endloop
  endfacet
  facet normal 0.997856 0 -0.0654432
    outer loop
      vertex 24.5214 -2.5 11.2763
      vertex 24.5 -0.5 10.95
      vertex 24.5214 -0.5 11.2763
    endloop
  endfacet
  facet normal 0.997856 0 -0.0654432
    outer loop
      vertex 24.5 -0.5 10.95
      vertex 24.5214 -2.5 11.2763
      vertex 24.5 -2.5 10.95
    endloop
  endfacet
  facet normal -0.0654432 0 -0.997856
    outer loop
      vertex 33 -2.5 13.45
      vertex 33.3263 -0.5 13.4286
      vertex 33.3263 -2.5 13.4286
    endloop
  endfacet
  facet normal -0.0654432 0 -0.997856
    outer loop
      vertex 33.3263 -0.5 13.4286
      vertex 33 -2.5 13.45
      vertex 33 -0.5 13.45
    endloop
  endfacet
  facet normal 0.555617 0 -0.831438
    outer loop
      vertex 25.4781 -2.5 12.9334
      vertex 25.75 -0.5 13.1151
      vertex 25.75 -2.5 13.1151
    endloop
  endfacet
  facet normal 0.555617 0 -0.831438
    outer loop
      vertex 25.75 -0.5 13.1151
      vertex 25.4781 -2.5 12.9334
      vertex 25.4781 -0.5 12.9334
    endloop
  endfacet
  facet normal 1 -0 0
    outer loop
      vertex 24.5 -2.5 10.95
      vertex 24.5 -0.5 9.45
      vertex 24.5 -0.5 10.95
    endloop
  endfacet
  facet normal 1 0 0
    outer loop
      vertex 24.5 -0.5 9.45
      vertex 24.5 -2.5 10.95
      vertex 24.5 -2.5 9.45
    endloop
  endfacet
  facet normal -0.946944 0 0.321397
    outer loop
      vertex 35.3097 -2.5 8.49329
      vertex 35.4148 -0.5 8.80295
      vertex 35.3097 -0.5 8.49329
    endloop
  endfacet
  facet normal -0.946944 0 0.321397
    outer loop
      vertex 35.4148 -0.5 8.80295
      vertex 35.3097 -2.5 8.49329
      vertex 35.4148 -2.5 8.80295
    endloop
  endfacet
  facet normal 0 0 -1
    outer loop
      vertex 27 -2.5 13.45
      vertex 33 -0.5 13.45
      vertex 33 -2.5 13.45
    endloop
  endfacet
  facet normal -0 0 -1
    outer loop
      vertex 33 -0.5 13.45
      vertex 27 -2.5 13.45
      vertex 27 -0.5 13.45
    endloop
  endfacet
  facet normal -0.0654128 0 0.997858
    outer loop
      vertex 33 -0.5 6.95
      vertex 33.3263 -2.5 6.97139
      vertex 33.3263 -0.5 6.97139
    endloop
  endfacet
  facet normal -0.0654128 0 0.997858
    outer loop
      vertex 33.3263 -2.5 6.97139
      vertex 33 -0.5 6.95
      vertex 33 -2.5 6.95
    endloop
  endfacet
  facet normal -0.751913 0 -0.659262
    outer loop
      vertex 34.9834 -2.5 12.4719
      vertex 34.7678 -0.5 12.7178
      vertex 34.9834 -0.5 12.4719
    endloop
  endfacet
  facet normal -0.751913 -0 -0.659262
    outer loop
      vertex 34.7678 -0.5 12.7178
      vertex 34.9834 -2.5 12.4719
      vertex 34.7678 -2.5 12.7178
    endloop
  endfacet
  facet normal -0.831438 0 0.555617
    outer loop
      vertex 34.9834 -2.5 7.9281
      vertex 35.1651 -0.5 8.2
      vertex 34.9834 -0.5 7.9281
    endloop
  endfacet
  facet normal -0.831438 0 0.555617
    outer loop
      vertex 35.1651 -0.5 8.2
      vertex 34.9834 -2.5 7.9281
      vertex 35.1651 -2.5 8.2
    endloop
  endfacet
  facet normal -0.442241 0 0.896896
    outer loop
      vertex 33.9567 -0.5 7.14031
      vertex 34.25 -2.5 7.28493
      vertex 34.25 -0.5 7.28493
    endloop
  endfacet
  facet normal -0.442241 0 0.896896
    outer loop
      vertex 34.25 -2.5 7.28493
      vertex 33.9567 -0.5 7.14031
      vertex 33.9567 -2.5 7.14031
    endloop
  endfacet
  facet normal 0.659297 0 0.751883
    outer loop
      vertex 25.2322 -0.5 7.68224
      vertex 25.4781 -2.5 7.46662
      vertex 25.4781 -0.5 7.46662
    endloop
  endfacet
  facet normal 0.659297 0 0.751883
    outer loop
      vertex 25.4781 -2.5 7.46662
      vertex 25.2322 -0.5 7.68224
      vertex 25.2322 -2.5 7.68224
    endloop
  endfacet
  facet normal 0.0654432 0 -0.997856
    outer loop
      vertex 26.6737 -2.5 13.4286
      vertex 27 -0.5 13.45
      vertex 27 -2.5 13.45
    endloop
  endfacet
  facet normal 0.0654432 0 -0.997856
    outer loop
      vertex 27 -0.5 13.45
      vertex 26.6737 -2.5 13.4286
      vertex 26.6737 -0.5 13.4286
    endloop
  endfacet
  facet normal 0.75186 -0 0.659323
    outer loop
      vertex 25.0166 -2.5 7.9281
      vertex 25.2322 -0.5 7.68224
      vertex 25.0166 -0.5 7.9281
    endloop
  endfacet
  facet normal 0.75186 0 0.659323
    outer loop
      vertex 25.2322 -0.5 7.68224
      vertex 25.0166 -2.5 7.9281
      vertex 25.2322 -2.5 7.68224
    endloop
  endfacet
  facet normal -0.980785 0 0.195093
    outer loop
      vertex 35.4148 -2.5 8.80295
      vertex 35.4786 -0.5 9.12369
      vertex 35.4148 -0.5 8.80295
    endloop
  endfacet
  facet normal -0.980785 0 0.195093
    outer loop
      vertex 35.4786 -0.5 9.12369
      vertex 35.4148 -2.5 8.80295
      vertex 35.4786 -2.5 9.12369
    endloop
  endfacet
  facet normal 0.195116 0 -0.98078
    outer loop
      vertex 26.353 -2.5 13.3648
      vertex 26.6737 -0.5 13.4286
      vertex 26.6737 -2.5 13.4286
    endloop
  endfacet
  facet normal 0.195116 0 -0.98078
    outer loop
      vertex 26.6737 -0.5 13.4286
      vertex 26.353 -2.5 13.3648
      vertex 26.353 -0.5 13.3648
    endloop
  endfacet
  facet normal -0.555617 0 -0.831438
    outer loop
      vertex 34.25 -2.5 13.1151
      vertex 34.5219 -0.5 12.9334
      vertex 34.5219 -2.5 12.9334
    endloop
  endfacet
  facet normal -0.555617 0 -0.831438
    outer loop
      vertex 34.5219 -0.5 12.9334
      vertex 34.25 -2.5 13.1151
      vertex 34.25 -0.5 13.1151
    endloop
  endfacet
  facet normal -0.946957 0 -0.32136
    outer loop
      vertex 35.4148 -2.5 11.597
      vertex 35.3097 -0.5 11.9067
      vertex 35.4148 -0.5 11.597
    endloop
  endfacet
  facet normal -0.946957 -0 -0.32136
    outer loop
      vertex 35.3097 -0.5 11.9067
      vertex 35.4148 -2.5 11.597
      vertex 35.3097 -2.5 11.9067
    endloop
  endfacet
  facet normal 0.659262 0 -0.751913
    outer loop
      vertex 25.2322 -2.5 12.7178
      vertex 25.4781 -0.5 12.9334
      vertex 25.4781 -2.5 12.9334
    endloop
  endfacet
  facet normal 0.659262 0 -0.751913
    outer loop
      vertex 25.4781 -0.5 12.9334
      vertex 25.2322 -2.5 12.7178
      vertex 25.2322 -0.5 12.7178
    endloop
  endfacet
  facet normal 0.831438 -0 0.555617
    outer loop
      vertex 24.8349 -2.5 8.2
      vertex 25.0166 -0.5 7.9281
      vertex 24.8349 -0.5 8.2
    endloop
  endfacet
  facet normal 0.831438 0 0.555617
    outer loop
      vertex 25.0166 -0.5 7.9281
      vertex 24.8349 -2.5 8.2
      vertex 25.0166 -2.5 7.9281
    endloop
  endfacet
  facet normal -1 0 0
    outer loop
      vertex 35.5 -2.5 9.45
      vertex 35.5 -0.5 10.95
      vertex 35.5 -0.5 9.45
    endloop
  endfacet
  facet normal -1 -0 0
    outer loop
      vertex 35.5 -0.5 10.95
      vertex 35.5 -2.5 9.45
      vertex 35.5 -2.5 10.95
    endloop
  endfacet
  facet normal -0.321415 0 0.946938
    outer loop
      vertex 33.647 -0.5 7.03519
      vertex 33.9567 -2.5 7.14031
      vertex 33.9567 -0.5 7.14031
    endloop
  endfacet
  facet normal -0.321415 0 0.946938
    outer loop
      vertex 33.9567 -2.5 7.14031
      vertex 33.647 -0.5 7.03519
      vertex 33.647 -2.5 7.03519
    endloop
  endfacet
  facet normal 0.442241 0 0.896896
    outer loop
      vertex 25.75 -0.5 7.28493
      vertex 26.0433 -2.5 7.14031
      vertex 26.0433 -0.5 7.14031
    endloop
  endfacet
  facet normal 0.442241 0 0.896896
    outer loop
      vertex 26.0433 -2.5 7.14031
      vertex 25.75 -0.5 7.28493
      vertex 25.75 -2.5 7.28493
    endloop
  endfacet
  facet normal -0 0 1
    outer loop
      vertex 27 -0.5 6.95
      vertex 33 -2.5 6.95
      vertex 33 -0.5 6.95
    endloop
  endfacet
  facet normal 0 0 1
    outer loop
      vertex 33 -2.5 6.95
      vertex 27 -0.5 6.95
      vertex 27 -2.5 6.95
    endloop
  endfacet
  facet normal -0.896915 0 0.442204
    outer loop
      vertex 35.1651 -2.5 8.2
      vertex 35.3097 -0.5 8.49329
      vertex 35.1651 -0.5 8.2
    endloop
  endfacet
  facet normal -0.896915 0 0.442204
    outer loop
      vertex 35.3097 -0.5 8.49329
      vertex 35.1651 -2.5 8.2
      vertex 35.3097 -2.5 8.49329
    endloop
  endfacet
  facet normal 0.321415 0 0.946938
    outer loop
      vertex 26.0433 -0.5 7.14031
      vertex 26.353 -2.5 7.03519
      vertex 26.353 -0.5 7.03519
    endloop
  endfacet
  facet normal 0.321415 0 0.946938
    outer loop
      vertex 26.353 -2.5 7.03519
      vertex 26.0433 -0.5 7.14031
      vertex 26.0433 -2.5 7.14031
    endloop
  endfacet
  facet normal -0.75186 0 0.659323
    outer loop
      vertex 34.7678 -2.5 7.68224
      vertex 34.9834 -0.5 7.9281
      vertex 34.7678 -0.5 7.68224
    endloop
  endfacet
  facet normal -0.75186 0 0.659323
    outer loop
      vertex 34.9834 -0.5 7.9281
      vertex 34.7678 -2.5 7.68224
      vertex 34.9834 -2.5 7.9281
    endloop
  endfacet
  facet normal 0.997856 -0 0.0654412
    outer loop
      vertex 24.5 -2.5 9.45
      vertex 24.5214 -0.5 9.12369
      vertex 24.5 -0.5 9.45
    endloop
  endfacet
  facet normal 0.997856 0 0.0654412
    outer loop
      vertex 24.5214 -0.5 9.12369
      vertex 24.5 -2.5 9.45
      vertex 24.5214 -2.5 9.12369
    endloop
  endfacet
  facet normal 0.32136 0 -0.946957
    outer loop
      vertex 26.0433 -2.5 13.2597
      vertex 26.353 -0.5 13.3648
      vertex 26.353 -2.5 13.3648
    endloop
  endfacet
  facet normal 0.32136 0 -0.946957
    outer loop
      vertex 26.353 -0.5 13.3648
      vertex 26.0433 -2.5 13.2597
      vertex 26.0433 -0.5 13.2597
    endloop
  endfacet
  facet normal 0.831438 0 -0.555617
    outer loop
      vertex 25.0166 -2.5 12.4719
      vertex 24.8349 -0.5 12.2
      vertex 25.0166 -0.5 12.4719
    endloop
  endfacet
  facet normal 0.831438 0 -0.555617
    outer loop
      vertex 24.8349 -0.5 12.2
      vertex 25.0166 -2.5 12.4719
      vertex 24.8349 -2.5 12.2
    endloop
  endfacet
  facet normal 0.946944 -0 0.321397
    outer loop
      vertex 24.5852 -2.5 8.80295
      vertex 24.6903 -0.5 8.49329
      vertex 24.5852 -0.5 8.80295
    endloop
  endfacet
  facet normal 0.946944 0 0.321397
    outer loop
      vertex 24.6903 -0.5 8.49329
      vertex 24.5852 -2.5 8.80295
      vertex 24.6903 -2.5 8.49329
    endloop
  endfacet
  facet normal 0.980785 -0 0.195093
    outer loop
      vertex 24.5214 -2.5 9.12369
      vertex 24.5852 -0.5 8.80295
      vertex 24.5214 -0.5 9.12369
    endloop
  endfacet
  facet normal 0.980785 0 0.195093
    outer loop
      vertex 24.5852 -0.5 8.80295
      vertex 24.5214 -2.5 9.12369
      vertex 24.5852 -2.5 8.80295
    endloop
  endfacet
  facet normal -0.659297 0 0.751883
    outer loop
      vertex 34.5219 -0.5 7.46662
      vertex 34.7678 -2.5 7.68224
      vertex 34.7678 -0.5 7.68224
    endloop
  endfacet
  facet normal -0.659297 0 0.751883
    outer loop
      vertex 34.7678 -2.5 7.68224
      vertex 34.5219 -0.5 7.46662
      vertex 34.5219 -2.5 7.46662
    endloop
  endfacet
  facet normal -0.195116 0 0.98078
    outer loop
      vertex 33.3263 -0.5 6.97139
      vertex 33.647 -2.5 7.03519
      vertex 33.647 -0.5 7.03519
    endloop
  endfacet
  facet normal -0.195116 0 0.98078
    outer loop
      vertex 33.647 -2.5 7.03519
      vertex 33.3263 -0.5 6.97139
      vertex 33.3263 -2.5 6.97139
    endloop
  endfacet
  facet normal 0.0654128 0 0.997858
    outer loop
      vertex 26.6737 -0.5 6.97139
      vertex 27 -2.5 6.95
      vertex 27 -0.5 6.95
    endloop
  endfacet
  facet normal 0.0654128 0 0.997858
    outer loop
      vertex 27 -2.5 6.95
      vertex 26.6737 -0.5 6.97139
      vertex 26.6737 -2.5 6.97139
    endloop
  endfacet
  facet normal 0.195116 0 0.98078
    outer loop
      vertex 26.353 -0.5 7.03519
      vertex 26.6737 -2.5 6.97139
      vertex 26.6737 -0.5 6.97139
    endloop
  endfacet
  facet normal 0.195116 0 0.98078
    outer loop
      vertex 26.6737 -2.5 6.97139
      vertex 26.353 -0.5 7.03519
      vertex 26.353 -2.5 7.03519
    endloop
  endfacet
  facet normal -0.896921 0 -0.442191
    outer loop
      vertex 35.3097 -2.5 11.9067
      vertex 35.1651 -0.5 12.2
      vertex 35.3097 -0.5 11.9067
    endloop
  endfacet
  facet normal -0.896921 -0 -0.442191
    outer loop
      vertex 35.1651 -0.5 12.2
      vertex 35.3097 -2.5 11.9067
      vertex 35.1651 -2.5 12.2
    endloop
  endfacet
  facet normal 0.751913 0 -0.659262
    outer loop
      vertex 25.2322 -2.5 12.7178
      vertex 25.0166 -0.5 12.4719
      vertex 25.2322 -0.5 12.7178
    endloop
  endfacet
  facet normal 0.751913 0 -0.659262
    outer loop
      vertex 25.0166 -0.5 12.4719
      vertex 25.2322 -2.5 12.7178
      vertex 25.0166 -2.5 12.4719
    endloop
  endfacet
  facet normal 0.98078 0 -0.195116
    outer loop
      vertex 24.5852 -2.5 11.597
      vertex 24.5214 -0.5 11.2763
      vertex 24.5852 -0.5 11.597
    endloop
  endfacet
  facet normal 0.98078 0 -0.195116
    outer loop
      vertex 24.5214 -0.5 11.2763
      vertex 24.5852 -2.5 11.597
      vertex 24.5214 -2.5 11.2763
    endloop
  endfacet
  facet normal 0.896915 -0 0.442204
    outer loop
      vertex 24.6903 -2.5 8.49329
      vertex 24.8349 -0.5 8.2
      vertex 24.6903 -0.5 8.49329
    endloop
  endfacet
  facet normal 0.896915 0 0.442204
    outer loop
      vertex 24.8349 -0.5 8.2
      vertex 24.6903 -2.5 8.49329
      vertex 24.8349 -2.5 8.2
    endloop
  endfacet
  facet normal -0.555596 0 0.831452
    outer loop
      vertex 34.25 -0.5 7.28493
      vertex 34.5219 -2.5 7.46662
      vertex 34.5219 -0.5 7.46662
    endloop
  endfacet
  facet normal -0.555596 0 0.831452
    outer loop
      vertex 34.5219 -2.5 7.46662
      vertex 34.25 -0.5 7.28493
      vertex 34.25 -2.5 7.28493
    endloop
  endfacet
  facet normal -0.997856 0 -0.0654432
    outer loop
      vertex 35.5 -2.5 10.95
      vertex 35.4786 -0.5 11.2763
      vertex 35.5 -0.5 10.95
    endloop
  endfacet
  facet normal -0.997856 -0 -0.0654432
    outer loop
      vertex 35.4786 -0.5 11.2763
      vertex 35.5 -2.5 10.95
      vertex 35.4786 -2.5 11.2763
    endloop
  endfacet
  facet normal 0.896921 0 -0.442191
    outer loop
      vertex 24.8349 -2.5 12.2
      vertex 24.6903 -0.5 11.9067
      vertex 24.8349 -0.5 12.2
    endloop
  endfacet
  facet normal 0.896921 0 -0.442191
    outer loop
      vertex 24.6903 -0.5 11.9067
      vertex 24.8349 -2.5 12.2
      vertex 24.6903 -2.5 11.9067
    endloop
  endfacet
  facet normal 0.442191 0 -0.896921
    outer loop
      vertex 25.75 -2.5 13.1151
      vertex 26.0433 -0.5 13.2597
      vertex 26.0433 -2.5 13.2597
    endloop
  endfacet
  facet normal 0.442191 0 -0.896921
    outer loop
      vertex 26.0433 -0.5 13.2597
      vertex 25.75 -2.5 13.1151
      vertex 25.75 -0.5 13.1151
    endloop
  endfacet
  facet normal -0.831438 0 -0.555617
    outer loop
      vertex 35.1651 -2.5 12.2
      vertex 34.9834 -0.5 12.4719
      vertex 35.1651 -0.5 12.2
    endloop
  endfacet
  facet normal -0.831438 -0 -0.555617
    outer loop
      vertex 34.9834 -0.5 12.4719
      vertex 35.1651 -2.5 12.2
      vertex 34.9834 -2.5 12.4719
    endloop
  endfacet
  facet normal 0.555596 0 0.831452
    outer loop
      vertex 25.4781 -0.5 7.46662
      vertex 25.75 -2.5 7.28493
      vertex 25.75 -0.5 7.28493
    endloop
  endfacet
  facet normal 0.555596 0 0.831452
    outer loop
      vertex 25.75 -2.5 7.28493
      vertex 25.4781 -0.5 7.46662
      vertex 25.4781 -2.5 7.46662
    endloop
  endfacet
  facet normal -0.659262 0 -0.751913
    outer loop
      vertex 34.5219 -2.5 12.9334
      vertex 34.7678 -0.5 12.7178
      vertex 34.7678 -2.5 12.7178
    endloop
  endfacet
  facet normal -0.659262 0 -0.751913
    outer loop
      vertex 34.7678 -0.5 12.7178
      vertex 34.5219 -2.5 12.9334
      vertex 34.5219 -0.5 12.9334
    endloop
  endfacet
  facet normal 0.946957 0 -0.32136
    outer loop
      vertex 24.6903 -2.5 11.9067
      vertex 24.5852 -0.5 11.597
      vertex 24.6903 -0.5 11.9067
    endloop
  endfacet
  facet normal 0.946957 0 -0.32136
    outer loop
      vertex 24.5852 -0.5 11.597
      vertex 24.6903 -2.5 11.9067
      vertex 24.5852 -2.5 11.597
    endloop
  endfacet
  facet normal -0.98078 0 -0.195116
    outer loop
      vertex 35.4786 -2.5 11.2763
      vertex 35.4148 -0.5 11.597
      vertex 35.4786 -0.5 11.2763
    endloop
  endfacet
  facet normal -0.98078 -0 -0.195116
    outer loop
      vertex 35.4148 -0.5 11.597
      vertex 35.4786 -2.5 11.2763
      vertex 35.4148 -2.5 11.597
    endloop
  endfacet
  facet normal -0.442191 0 -0.896921
    outer loop
      vertex 33.9567 -2.5 13.2597
      vertex 34.25 -0.5 13.1151
      vertex 34.25 -2.5 13.1151
    endloop
  endfacet
  facet normal -0.442191 0 -0.896921
    outer loop
      vertex 34.25 -0.5 13.1151
      vertex 33.9567 -2.5 13.2597
      vertex 33.9567 -0.5 13.2597
    endloop
  endfacet
  facet normal 0 0 -1
    outer loop
      vertex 42.6533 34.2466 0.49
      vertex 43.4648 34.4286 0.49
      vertex 43.4545 34.1689 0.49
    endloop
  endfacet
  facet normal 0 0 -1
    outer loop
      vertex 42.6534 34.6075 0.49
      vertex 43.4648 34.4286 0.49
      vertex 42.6592 34.4286 0.49
    endloop
  endfacet
  facet normal 0 0 -1
    outer loop
      vertex 42.6356 34.0774 0.49
      vertex 43.4545 34.1689 0.49
      vertex 43.4237 33.9263 0.49
    endloop
  endfacet
  facet normal 0 0 -1
    outer loop
      vertex 43.4648 34.4286 0.49
      vertex 42.6534 34.6075 0.49
      vertex 43.4549 34.6886 0.49
    endloop
  endfacet
  facet normal 0 0 -1
    outer loop
      vertex 42.6061 33.9209 0.49
      vertex 43.4237 33.9263 0.49
      vertex 43.3724 33.7006 0.49
    endloop
  endfacet
  facet normal 0 0 -1
    outer loop
      vertex 42.6362 34.7736 0.49
      vertex 43.4549 34.6886 0.49
      vertex 42.6534 34.6075 0.49
    endloop
  endfacet
  facet normal 0 0 -1
    outer loop
      vertex 42.5648 33.7771 0.49
      vertex 43.3724 33.7006 0.49
      vertex 43.3005 33.492 0.49
    endloop
  endfacet
  facet normal 0 0 -1
    outer loop
      vertex 43.4549 34.6886 0.49
      vertex 42.6362 34.7736 0.49
      vertex 43.4252 34.9308 0.49
    endloop
  endfacet
  facet normal 0 0 -1
    outer loop
      vertex 42.5648 33.7771 0.49
      vertex 43.3005 33.492 0.49
      vertex 43.2081 33.3003 0.49
    endloop
  endfacet
  facet normal 0 0 -1
    outer loop
      vertex 42.6076 34.927 0.49
      vertex 43.4252 34.9308 0.49
      vertex 42.6362 34.7736 0.49
    endloop
  endfacet
  facet normal 0 0 -1
    outer loop
      vertex 42.5118 33.6461 0.49
      vertex 43.2081 33.3003 0.49
      vertex 43.0951 33.1256 0.49
    endloop
  endfacet
  facet normal -0 0 -1
    outer loop
      vertex 43.4252 34.9308 0.49
      vertex 42.6076 34.927 0.49
      vertex 43.3756 35.1552 0.49
    endloop
  endfacet
  facet normal 0 0 -1
    outer loop
      vertex 42.4469 33.5278 0.49
      vertex 43.0951 33.1256 0.49
      vertex 42.9617 32.9679 0.49
    endloop
  endfacet
  facet normal 0 0 -1
    outer loop
      vertex 42.5675 35.0676 0.49
      vertex 43.3756 35.1552 0.49
      vertex 42.6076 34.927 0.49
    endloop
  endfacet
  facet normal 0 0 -1
    outer loop
      vertex 42.3703 33.4222 0.49
      vertex 42.9617 32.9679 0.49
      vertex 42.8093 32.8294 0.49
    endloop
  endfacet
  facet normal -0 0 -1
    outer loop
      vertex 43.3756 35.1552 0.49
      vertex 42.5675 35.0676 0.49
      vertex 43.3063 35.3617 0.49
    endloop
  endfacet
  facet normal 0 0 -1
    outer loop
      vertex 42.5159 35.1955 0.49
      vertex 43.3063 35.3617 0.49
      vertex 42.5675 35.0676 0.49
    endloop
  endfacet
  facet normal -0 0 -1
    outer loop
      vertex 43.4648 34.4286 0.49
      vertex 42.6533 34.2466 0.49
      vertex 42.6592 34.4286 0.49
    endloop
  endfacet
  facet normal 0 0 -1
    outer loop
      vertex 42.2825 33.3301 0.49
      vertex 42.8093 32.8294 0.49
      vertex 42.6399 32.7122 0.49
    endloop
  endfacet
  facet normal -0 0 -1
    outer loop
      vertex 43.4545 34.1689 0.49
      vertex 42.6356 34.0774 0.49
      vertex 42.6533 34.2466 0.49
    endloop
  endfacet
  facet normal -0 0 -1
    outer loop
      vertex 43.4237 33.9263 0.49
      vertex 42.6061 33.9209 0.49
      vertex 42.6356 34.0774 0.49
    endloop
  endfacet
  facet normal 0 0 -1
    outer loop
      vertex 43.3724 33.7006 0.49
      vertex 42.5648 33.7771 0.49
      vertex 42.6061 33.9209 0.49
    endloop
  endfacet
  facet normal 0 0 -1
    outer loop
      vertex 43.2081 33.3003 0.49
      vertex 42.5118 33.6461 0.49
      vertex 42.5648 33.7771 0.49
    endloop
  endfacet
  facet normal 0 0 -1
    outer loop
      vertex 42.1843 33.2522 0.49
      vertex 42.6399 32.7122 0.49
      vertex 42.4534 32.6163 0.49
    endloop
  endfacet
  facet normal 0 0 -1
    outer loop
      vertex 43.0951 33.1256 0.49
      vertex 42.4469 33.5278 0.49
      vertex 42.5118 33.6461 0.49
    endloop
  endfacet
  facet normal 0 0 -1
    outer loop
      vertex 42.9617 32.9679 0.49
      vertex 42.3703 33.4222 0.49
      vertex 42.4469 33.5278 0.49
    endloop
  endfacet
  facet normal 0 0 -1
    outer loop
      vertex 42.8093 32.8294 0.49
      vertex 42.2825 33.3301 0.49
      vertex 42.3703 33.4222 0.49
    endloop
  endfacet
  facet normal 0 0 -1
    outer loop
      vertex 42.0756 33.1884 0.49
      vertex 42.4534 32.6163 0.49
      vertex 42.2497 32.5417 0.49
    endloop
  endfacet
  facet normal 0 0 -1
    outer loop
      vertex 42.6399 32.7122 0.49
      vertex 42.1843 33.2522 0.49
      vertex 42.2825 33.3301 0.49
    endloop
  endfacet
  facet normal 0 0 -1
    outer loop
      vertex 42.4534 32.6163 0.49
      vertex 42.0756 33.1884 0.49
      vertex 42.1843 33.2522 0.49
    endloop
  endfacet
  facet normal 0 0 -1
    outer loop
      vertex 41.9564 33.1388 0.49
      vertex 42.2497 32.5417 0.49
      vertex 42.029 32.4884 0.49
    endloop
  endfacet
  facet normal 0 0 -1
    outer loop
      vertex 42.2497 32.5417 0.49
      vertex 41.9564 33.1388 0.49
      vertex 42.0756 33.1884 0.49
    endloop
  endfacet
  facet normal 0 0 -1
    outer loop
      vertex 42.029 32.4884 0.49
      vertex 41.8268 33.1034 0.49
      vertex 41.9564 33.1388 0.49
    endloop
  endfacet
  facet normal 0 0 -1
    outer loop
      vertex 41.7912 32.4564 0.49
      vertex 41.8268 33.1034 0.49
      vertex 42.029 32.4884 0.49
    endloop
  endfacet
  facet normal 0 0 -1
    outer loop
      vertex 41.7912 32.4564 0.49
      vertex 41.6868 33.0821 0.49
      vertex 41.8268 33.1034 0.49
    endloop
  endfacet
  facet normal 0 0 -1
    outer loop
      vertex 41.5362 32.4458 0.49
      vertex 41.6868 33.0821 0.49
      vertex 41.7912 32.4564 0.49
    endloop
  endfacet
  facet normal 0 0 -1
    outer loop
      vertex 41.5362 32.4458 0.49
      vertex 41.5362 33.075 0.49
      vertex 41.6868 33.0821 0.49
    endloop
  endfacet
  facet normal 0 0 -1
    outer loop
      vertex 41.3661 32.4513 0.49
      vertex 41.5362 33.075 0.49
      vertex 41.5362 32.4458 0.49
    endloop
  endfacet
  facet normal 0 0 -1
    outer loop
      vertex 41.3661 32.4513 0.49
      vertex 41.3383 33.0899 0.49
      vertex 41.5362 33.075 0.49
    endloop
  endfacet
  facet normal 0 0 -1
    outer loop
      vertex 41.2031 32.4678 0.49
      vertex 41.3383 33.0899 0.49
      vertex 41.3661 32.4513 0.49
    endloop
  endfacet
  facet normal 0 0 -1
    outer loop
      vertex 41.047 32.4953 0.49
      vertex 41.3383 33.0899 0.49
      vertex 41.2031 32.4678 0.49
    endloop
  endfacet
  facet normal -0 0 -1
    outer loop
      vertex 41.3383 33.0899 0.49
      vertex 41.047 32.4953 0.49
      vertex 41.1584 33.1344 0.49
    endloop
  endfacet
  facet normal 0 0 -1
    outer loop
      vertex 40.8981 32.5339 0.49
      vertex 41.1584 33.1344 0.49
      vertex 41.047 32.4953 0.49
    endloop
  endfacet
  facet normal -0 0 -1
    outer loop
      vertex 41.1584 33.1344 0.49
      vertex 40.8981 32.5339 0.49
      vertex 40.9966 33.2086 0.49
    endloop
  endfacet
  facet normal 0 0 -1
    outer loop
      vertex 40.7561 32.5835 0.49
      vertex 40.9966 33.2086 0.49
      vertex 40.8981 32.5339 0.49
    endloop
  endfacet
  facet normal 0 0 -1
    outer loop
      vertex 40.6212 32.644 0.49
      vertex 40.9966 33.2086 0.49
      vertex 40.7561 32.5835 0.49
    endloop
  endfacet
  facet normal -0 0 -1
    outer loop
      vertex 40.9966 33.2086 0.49
      vertex 40.6212 32.644 0.49
      vertex 40.8529 33.3124 0.49
    endloop
  endfacet
  facet normal 0 0 -1
    outer loop
      vertex 40.4933 32.7156 0.49
      vertex 40.8529 33.3124 0.49
      vertex 40.6212 32.644 0.49
    endloop
  endfacet
  facet normal 0 0 -1
    outer loop
      vertex 40.3732 32.7985 0.49
      vertex 40.8529 33.3124 0.49
      vertex 40.4933 32.7156 0.49
    endloop
  endfacet
  facet normal 0 0 -1
    outer loop
      vertex 40.2616 32.893 0.49
      vertex 40.8529 33.3124 0.49
      vertex 40.3732 32.7985 0.49
    endloop
  endfacet
  facet normal -0 0 -1
    outer loop
      vertex 40.8529 33.3124 0.49
      vertex 40.2616 32.893 0.49
      vertex 40.7272 33.4459 0.49
    endloop
  endfacet
  facet normal 0 0 -1
    outer loop
      vertex 40.1587 32.999 0.49
      vertex 40.7272 33.4459 0.49
      vertex 40.2616 32.893 0.49
    endloop
  endfacet
  facet normal 0 0 -1
    outer loop
      vertex 40.0643 33.1166 0.49
      vertex 40.7272 33.4459 0.49
      vertex 40.1587 32.999 0.49
    endloop
  endfacet
  facet normal -0 0 -1
    outer loop
      vertex 40.7272 33.4459 0.49
      vertex 40.0643 33.1166 0.49
      vertex 40.6195 33.6091 0.49
    endloop
  endfacet
  facet normal 0 0 -1
    outer loop
      vertex 39.9786 33.2458 0.49
      vertex 40.6195 33.6091 0.49
      vertex 40.0643 33.1166 0.49
    endloop
  endfacet
  facet normal 0 0 -1
    outer loop
      vertex 39.9014 33.3866 0.49
      vertex 40.6195 33.6091 0.49
      vertex 39.9786 33.2458 0.49
    endloop
  endfacet
  facet normal -0 0 -1
    outer loop
      vertex 40.6195 33.6091 0.49
      vertex 39.9014 33.3866 0.49
      vertex 40.5299 33.802 0.49
    endloop
  endfacet
  facet normal 0 0 -1
    outer loop
      vertex 40.5299 33.802 0.49
      vertex 39.9014 33.3866 0.49
      vertex 39.8328 33.5389 0.49
    endloop
  endfacet
  facet normal -0 0 -1
    outer loop
      vertex 43.3063 35.3617 0.49
      vertex 42.5159 35.1955 0.49
      vertex 43.2171 35.5504 0.49
    endloop
  endfacet
  facet normal -0 0 -1
    outer loop
      vertex 43.2171 35.5504 0.49
      vertex 42.5159 35.1955 0.49
      vertex 43.1081 35.7213 0.49
    endloop
  endfacet
  facet normal 0 0 -1
    outer loop
      vertex 42.4529 35.3107 0.49
      vertex 43.1081 35.7213 0.49
      vertex 42.5159 35.1955 0.49
    endloop
  endfacet
  facet normal -0 0 -1
    outer loop
      vertex 43.1081 35.7213 0.49
      vertex 42.4529 35.3107 0.49
      vertex 42.9793 35.8744 0.49
    endloop
  endfacet
  facet normal 0 0 -1
    outer loop
      vertex 42.3784 35.4132 0.49
      vertex 42.9793 35.8744 0.49
      vertex 42.4529 35.3107 0.49
    endloop
  endfacet
  facet normal -0 0 -1
    outer loop
      vertex 42.9793 35.8744 0.49
      vertex 42.3784 35.4132 0.49
      vertex 42.8316 36.0082 0.49
    endloop
  endfacet
  facet normal 0 0 -1
    outer loop
      vertex 42.2929 35.5024 0.49
      vertex 42.8316 36.0082 0.49
      vertex 42.3784 35.4132 0.49
    endloop
  endfacet
  facet normal -0 0 -1
    outer loop
      vertex 42.8316 36.0082 0.49
      vertex 42.2929 35.5024 0.49
      vertex 42.6662 36.1215 0.49
    endloop
  endfacet
  facet normal 0 0 -1
    outer loop
      vertex 42.1967 35.5779 0.49
      vertex 42.6662 36.1215 0.49
      vertex 42.2929 35.5024 0.49
    endloop
  endfacet
  facet normal -0 0 -1
    outer loop
      vertex 42.6662 36.1215 0.49
      vertex 42.1967 35.5779 0.49
      vertex 42.4829 36.2141 0.49
    endloop
  endfacet
  facet normal 0 0 -1
    outer loop
      vertex 42.0897 35.6397 0.49
      vertex 42.4829 36.2141 0.49
      vertex 42.1967 35.5779 0.49
    endloop
  endfacet
  facet normal -0 0 -1
    outer loop
      vertex 42.4829 36.2141 0.49
      vertex 42.0897 35.6397 0.49
      vertex 42.2818 36.2862 0.49
    endloop
  endfacet
  facet normal 0 0 -1
    outer loop
      vertex 41.9721 35.6878 0.49
      vertex 42.2818 36.2862 0.49
      vertex 42.0897 35.6397 0.49
    endloop
  endfacet
  facet normal -0 0 -1
    outer loop
      vertex 42.2818 36.2862 0.49
      vertex 41.9721 35.6878 0.49
      vertex 42.0628 36.3377 0.49
    endloop
  endfacet
  facet normal 0 0 -1
    outer loop
      vertex 41.8438 35.7221 0.49
      vertex 42.0628 36.3377 0.49
      vertex 41.9721 35.6878 0.49
    endloop
  endfacet
  facet normal 0 0 -1
    outer loop
      vertex 41.8438 35.7221 0.49
      vertex 41.8261 36.3686 0.49
      vertex 42.0628 36.3377 0.49
    endloop
  endfacet
  facet normal 0 0 -1
    outer loop
      vertex 41.7049 35.7427 0.49
      vertex 41.8261 36.3686 0.49
      vertex 41.8438 35.7221 0.49
    endloop
  endfacet
  facet normal 0 0 -1
    outer loop
      vertex 41.7049 35.7427 0.49
      vertex 41.5715 36.3789 0.49
      vertex 41.8261 36.3686 0.49
    endloop
  endfacet
  facet normal 0 0 -1
    outer loop
      vertex 41.5552 35.7496 0.49
      vertex 41.5715 36.3789 0.49
      vertex 41.7049 35.7427 0.49
    endloop
  endfacet
  facet normal 0 0 -1
    outer loop
      vertex 41.4556 35.7461 0.49
      vertex 41.5715 36.3789 0.49
      vertex 41.5552 35.7496 0.49
    endloop
  endfacet
  facet normal 0 0 -1
    outer loop
      vertex 41.4556 35.7461 0.49
      vertex 41.3844 36.3734 0.49
      vertex 41.5715 36.3789 0.49
    endloop
  endfacet
  facet normal 0 0 -1
    outer loop
      vertex 41.3598 35.7357 0.49
      vertex 41.3844 36.3734 0.49
      vertex 41.4556 35.7461 0.49
    endloop
  endfacet
  facet normal 0 0 -1
    outer loop
      vertex 41.2075 36.3568 0.49
      vertex 41.3598 35.7357 0.49
      vertex 41.2678 35.7184 0.49
    endloop
  endfacet
  facet normal 0 0 -1
    outer loop
      vertex 41.3598 35.7357 0.49
      vertex 41.2075 36.3568 0.49
      vertex 41.3844 36.3734 0.49
    endloop
  endfacet
  facet normal 0 0 -1
    outer loop
      vertex 41.0407 36.3293 0.49
      vertex 41.2678 35.7184 0.49
      vertex 41.1796 35.6942 0.49
    endloop
  endfacet
  facet normal 0 0 -1
    outer loop
      vertex 40.8842 36.2907 0.49
      vertex 41.1796 35.6942 0.49
      vertex 41.0953 35.6631 0.49
    endloop
  endfacet
  facet normal 0 0 -1
    outer loop
      vertex 41.2678 35.7184 0.49
      vertex 41.0407 36.3293 0.49
      vertex 41.2075 36.3568 0.49
    endloop
  endfacet
  facet normal 0 0 -1
    outer loop
      vertex 40.7378 36.2412 0.49
      vertex 41.0953 35.6631 0.49
      vertex 41.0148 35.625 0.49
    endloop
  endfacet
  facet normal 0 0 -1
    outer loop
      vertex 40.6016 36.1806 0.49
      vertex 41.0148 35.625 0.49
      vertex 40.9381 35.58 0.49
    endloop
  endfacet
  facet normal 0 0 -1
    outer loop
      vertex 41.1796 35.6942 0.49
      vertex 40.8842 36.2907 0.49
      vertex 41.0407 36.3293 0.49
    endloop
  endfacet
  facet normal 0 0 -1
    outer loop
      vertex 40.4756 36.1089 0.49
      vertex 40.9381 35.58 0.49
      vertex 40.8668 35.5292 0.49
    endloop
  endfacet
  facet normal 0 0 -1
    outer loop
      vertex 40.3599 36.0267 0.49
      vertex 40.8668 35.5292 0.49
      vertex 40.8026 35.4735 0.49
    endloop
  endfacet
  facet normal 0 0 -1
    outer loop
      vertex 40.2544 35.934 0.49
      vertex 40.8026 35.4735 0.49
      vertex 40.7454 35.4131 0.49
    endloop
  endfacet
  facet normal 0 0 -1
    outer loop
      vertex 41.0953 35.6631 0.49
      vertex 40.7378 36.2412 0.49
      vertex 40.8842 36.2907 0.49
    endloop
  endfacet
  facet normal 0 0 -1
    outer loop
      vertex 40.1593 35.831 0.49
      vertex 40.7454 35.4131 0.49
      vertex 40.6952 35.3478 0.49
    endloop
  endfacet
  facet normal 0 0 -1
    outer loop
      vertex 40.0744 35.7177 0.49
      vertex 40.6952 35.3478 0.49
      vertex 40.652 35.2777 0.49
    endloop
  endfacet
  facet normal 0 0 -1
    outer loop
      vertex 39.9998 35.594 0.49
      vertex 40.652 35.2777 0.49
      vertex 40.6159 35.2027 0.49
    endloop
  endfacet
  facet normal 0 0 -1
    outer loop
      vertex 41.0148 35.625 0.49
      vertex 40.6016 36.1806 0.49
      vertex 40.7378 36.2412 0.49
    endloop
  endfacet
  facet normal 0 0 -1
    outer loop
      vertex 39.9355 35.4599 0.49
      vertex 40.6159 35.2027 0.49
      vertex 40.5869 35.123 0.49
    endloop
  endfacet
  facet normal 0 0 -1
    outer loop
      vertex 40.9381 35.58 0.49
      vertex 40.4756 36.1089 0.49
      vertex 40.6016 36.1806 0.49
    endloop
  endfacet
  facet normal 0 0 -1
    outer loop
      vertex 40.8668 35.5292 0.49
      vertex 40.3599 36.0267 0.49
      vertex 40.4756 36.1089 0.49
    endloop
  endfacet
  facet normal 0 0 -1
    outer loop
      vertex 40.8026 35.4735 0.49
      vertex 40.2544 35.934 0.49
      vertex 40.3599 36.0267 0.49
    endloop
  endfacet
  facet normal 0 0 -1
    outer loop
      vertex 40.7454 35.4131 0.49
      vertex 40.1593 35.831 0.49
      vertex 40.2544 35.934 0.49
    endloop
  endfacet
  facet normal 0 0 -1
    outer loop
      vertex 40.6952 35.3478 0.49
      vertex 40.0744 35.7177 0.49
      vertex 40.1593 35.831 0.49
    endloop
  endfacet
  facet normal 0 0 -1
    outer loop
      vertex 40.652 35.2777 0.49
      vertex 39.9998 35.594 0.49
      vertex 40.0744 35.7177 0.49
    endloop
  endfacet
  facet normal 0 0 -1
    outer loop
      vertex 40.6159 35.2027 0.49
      vertex 39.9355 35.4599 0.49
      vertex 39.9998 35.594 0.49
    endloop
  endfacet
  facet normal 0 -0 -1
    outer loop
      vertex 39.9355 35.4599 0.49
      vertex 40.5869 35.123 0.49
      vertex 39.8816 35.3156 0.49
    endloop
  endfacet
  facet normal 0 0 -1
    outer loop
      vertex 49.5251 34.1248 0.49
      vertex 51.5649 34.7432 0.49
      vertex 51.5649 34.1248 0.49
    endloop
  endfacet
  facet normal -0 0 -1
    outer loop
      vertex 51.5649 34.7432 0.49
      vertex 49.5251 34.1248 0.49
      vertex 49.5251 34.7432 0.49
    endloop
  endfacet
  facet normal 0 0 -1
    outer loop
      vertex 51.5649 34.1248 0.49
      vertex 52.3651 32.5 0.49
      vertex 51.5649 33.1184 0.49
    endloop
  endfacet
  facet normal 0 0 -1
    outer loop
      vertex 49.2484 32.5 0.49
      vertex 51.5649 33.1184 0.49
      vertex 52.3651 32.5 0.49
    endloop
  endfacet
  facet normal -0 0 -1
    outer loop
      vertex 51.5649 33.1184 0.49
      vertex 49.2484 32.5 0.49
      vertex 49.2484 33.1184 0.49
    endloop
  endfacet
  facet normal 0 0 -1
    outer loop
      vertex 52.3651 32.5 0.49
      vertex 51.5649 34.1248 0.49
      vertex 52.3651 36.3219 0.49
    endloop
  endfacet
  facet normal 0 0 -1
    outer loop
      vertex 51.5649 34.7432 0.49
      vertex 52.3651 36.3219 0.49
      vertex 51.5649 34.1248 0.49
    endloop
  endfacet
  facet normal 0 0 -1
    outer loop
      vertex 51.5649 35.7035 0.49
      vertex 52.3651 36.3219 0.49
      vertex 51.5649 34.7432 0.49
    endloop
  endfacet
  facet normal 0 0 -1
    outer loop
      vertex 49.3596 36.3219 0.49
      vertex 51.5649 35.7035 0.49
      vertex 49.3596 35.7035 0.49
    endloop
  endfacet
  facet normal 0 0 -1
    outer loop
      vertex 51.5649 35.7035 0.49
      vertex 49.3596 36.3219 0.49
      vertex 52.3651 36.3219 0.49
    endloop
  endfacet
  facet normal 0 0 -1
    outer loop
      vertex 17.0897 33.4765 0.49
      vertex 15.8121 34.0787 0.49
      vertex 16.9107 34.0787 0.49
    endloop
  endfacet
  facet normal 0 -0 -1
    outer loop
      vertex 15.8121 34.0787 0.49
      vertex 17.0897 33.4765 0.49
      vertex 15.6331 33.4765 0.49
    endloop
  endfacet
  facet normal 0 0 -1
    outer loop
      vertex 17.0897 33.4765 0.49
      vertex 18.229 32.5 0.49
      vertex 17.4288 32.5 0.49
    endloop
  endfacet
  facet normal 0 0 -1
    outer loop
      vertex 16.9107 34.0787 0.49
      vertex 18.229 32.5 0.49
      vertex 17.0897 33.4765 0.49
    endloop
  endfacet
  facet normal 0 0 -1
    outer loop
      vertex 16.9107 34.0787 0.49
      vertex 16.8347 36.3219 0.49
      vertex 18.229 32.5 0.49
    endloop
  endfacet
  facet normal 0 0 -1
    outer loop
      vertex 16.7962 34.4123 0.49
      vertex 16.8347 36.3219 0.49
      vertex 16.9107 34.0787 0.49
    endloop
  endfacet
  facet normal 0 0 -1
    outer loop
      vertex 16.6977 34.7 0.49
      vertex 16.8347 36.3219 0.49
      vertex 16.7962 34.4123 0.49
    endloop
  endfacet
  facet normal 0 0 -1
    outer loop
      vertex 16.6151 34.9419 0.49
      vertex 16.8347 36.3219 0.49
      vertex 16.6977 34.7 0.49
    endloop
  endfacet
  facet normal 0 0 -1
    outer loop
      vertex 16.5484 35.138 0.49
      vertex 16.8347 36.3219 0.49
      vertex 16.6151 34.9419 0.49
    endloop
  endfacet
  facet normal 0 0 -1
    outer loop
      vertex 16.4977 35.2882 0.49
      vertex 16.8347 36.3219 0.49
      vertex 16.5484 35.138 0.49
    endloop
  endfacet
  facet normal 0 0 -1
    outer loop
      vertex 16.463 35.3926 0.49
      vertex 16.8347 36.3219 0.49
      vertex 16.4977 35.2882 0.49
    endloop
  endfacet
  facet normal 0 0 -1
    outer loop
      vertex 16.4442 35.4512 0.49
      vertex 16.8347 36.3219 0.49
      vertex 16.463 35.3926 0.49
    endloop
  endfacet
  facet normal 0 0 -1
    outer loop
      vertex 16.4335 35.4863 0.49
      vertex 16.8347 36.3219 0.49
      vertex 16.4442 35.4512 0.49
    endloop
  endfacet
  facet normal 0 0 -1
    outer loop
      vertex 16.4233 35.5203 0.49
      vertex 16.8347 36.3219 0.49
      vertex 16.4335 35.4863 0.49
    endloop
  endfacet
  facet normal 0 0 -1
    outer loop
      vertex 16.4136 35.5532 0.49
      vertex 16.8347 36.3219 0.49
      vertex 16.4233 35.5203 0.49
    endloop
  endfacet
  facet normal 0 0 -1
    outer loop
      vertex 16.4043 35.5849 0.49
      vertex 16.8347 36.3219 0.49
      vertex 16.4136 35.5532 0.49
    endloop
  endfacet
  facet normal 0 0 -1
    outer loop
      vertex 16.3954 35.6156 0.49
      vertex 16.8347 36.3219 0.49
      vertex 16.4043 35.5849 0.49
    endloop
  endfacet
  facet normal 0 0 -1
    outer loop
      vertex 16.387 35.6452 0.49
      vertex 16.8347 36.3219 0.49
      vertex 16.3954 35.6156 0.49
    endloop
  endfacet
  facet normal 0 0 -1
    outer loop
      vertex 16.379 35.6736 0.49
      vertex 16.8347 36.3219 0.49
      vertex 16.387 35.6452 0.49
    endloop
  endfacet
  facet normal 0 0 -1
    outer loop
      vertex 16.3628 35.7333 0.49
      vertex 16.8347 36.3219 0.49
      vertex 16.379 35.6736 0.49
    endloop
  endfacet
  facet normal 0 0 -1
    outer loop
      vertex 15.8908 36.3219 0.49
      vertex 16.3058 35.5461 0.49
      vertex 16.1892 35.1772 0.49
    endloop
  endfacet
  facet normal 0 0 -1
    outer loop
      vertex 16.3628 35.7333 0.49
      vertex 15.8908 36.3219 0.49
      vertex 16.8347 36.3219 0.49
    endloop
  endfacet
  facet normal 0 0 -1
    outer loop
      vertex 16.3058 35.5461 0.49
      vertex 15.8908 36.3219 0.49
      vertex 16.3628 35.7333 0.49
    endloop
  endfacet
  facet normal 0 0 -1
    outer loop
      vertex 15.8121 34.0787 0.49
      vertex 15.8908 36.3219 0.49
      vertex 16.1892 35.1772 0.49
    endloop
  endfacet
  facet normal 0 0 -1
    outer loop
      vertex 14.502 32.5 0.49
      vertex 15.8121 34.0787 0.49
      vertex 15.6331 33.4765 0.49
    endloop
  endfacet
  facet normal 0 0 -1
    outer loop
      vertex 14.502 32.5 0.49
      vertex 15.6331 33.4765 0.49
      vertex 15.294 32.5 0.49
    endloop
  endfacet
  facet normal -0 0 -1
    outer loop
      vertex 15.8121 34.0787 0.49
      vertex 14.502 32.5 0.49
      vertex 15.8908 36.3219 0.49
    endloop
  endfacet
  facet normal 0 0 -1
    outer loop
      vertex 32.171 32.5 0.49
      vertex 31.3708 33.1184 0.49
      vertex 32.171 36.3219 0.49
    endloop
  endfacet
  facet normal 0 0 -1
    outer loop
      vertex 29.3202 32.5 0.49
      vertex 31.3708 33.1184 0.49
      vertex 32.171 32.5 0.49
    endloop
  endfacet
  facet normal -0 0 -1
    outer loop
      vertex 31.3708 33.1184 0.49
      vertex 29.3202 32.5 0.49
      vertex 29.3202 33.1184 0.49
    endloop
  endfacet
  facet normal -0 0 -1
    outer loop
      vertex 32.171 36.3219 0.49
      vertex 31.3708 33.1184 0.49
      vertex 31.3708 36.3219 0.49
    endloop
  endfacet
  facet normal 0 0 -1
    outer loop
      vertex 34.3503 33.9512 0.49
      vertex 35.2888 34.5724 0.49
      vertex 35.2888 33.9512 0.49
    endloop
  endfacet
  facet normal 0 0 -1
    outer loop
      vertex 34.3503 33.9512 0.49
      vertex 34.2418 34.5724 0.49
      vertex 35.2888 34.5724 0.49
    endloop
  endfacet
  facet normal 0 0 -1
    outer loop
      vertex 34.3503 33.9512 0.49
      vertex 34.149 34.5755 0.49
      vertex 34.2418 34.5724 0.49
    endloop
  endfacet
  facet normal 0 0 -1
    outer loop
      vertex 34.3503 33.9512 0.49
      vertex 34.0629 34.5847 0.49
      vertex 34.149 34.5755 0.49
    endloop
  endfacet
  facet normal 0 0 -1
    outer loop
      vertex 33.5962 34.1058 0.49
      vertex 34.0629 34.5847 0.49
      vertex 34.3503 33.9512 0.49
    endloop
  endfacet
  facet normal -0 0 -1
    outer loop
      vertex 34.0629 34.5847 0.49
      vertex 33.5962 34.1058 0.49
      vertex 33.9834 34.6003 0.49
    endloop
  endfacet
  facet normal -0 0 -1
    outer loop
      vertex 33.9834 34.6003 0.49
      vertex 33.5962 34.1058 0.49
      vertex 33.9106 34.6219 0.49
    endloop
  endfacet
  facet normal -0 0 -1
    outer loop
      vertex 33.9106 34.6219 0.49
      vertex 33.5962 34.1058 0.49
      vertex 33.8444 34.6498 0.49
    endloop
  endfacet
  facet normal -0 0 -1
    outer loop
      vertex 33.8444 34.6498 0.49
      vertex 33.5962 34.1058 0.49
      vertex 33.7848 34.6839 0.49
    endloop
  endfacet
  facet normal 0 0 -1
    outer loop
      vertex 33.4887 34.1362 0.49
      vertex 33.7848 34.6839 0.49
      vertex 33.5962 34.1058 0.49
    endloop
  endfacet
  facet normal 0 0 -1
    outer loop
      vertex 33.2932 34.2215 0.49
      vertex 33.7319 34.7242 0.49
      vertex 33.3876 34.1748 0.49
    endloop
  endfacet
  facet normal 0 0 -1
    outer loop
      vertex 33.3876 34.1748 0.49
      vertex 33.7319 34.7242 0.49
      vertex 33.4887 34.1362 0.49
    endloop
  endfacet
  facet normal -0 0 -1
    outer loop
      vertex 33.7848 34.6839 0.49
      vertex 33.4887 34.1362 0.49
      vertex 33.7319 34.7242 0.49
    endloop
  endfacet
  facet normal 0 0 -1
    outer loop
      vertex 33.4633 32.5 0.49
      vertex 33.5962 34.1058 0.49
      vertex 34.3503 33.9512 0.49
    endloop
  endfacet
  facet normal 0 0 -1
    outer loop
      vertex 33.5962 34.1058 0.49
      vertex 33.4633 32.5 0.49
      vertex 32.5628 32.5 0.49
    endloop
  endfacet
  facet normal 0 0 -1
    outer loop
      vertex 35.2888 33.9512 0.49
      vertex 36.089 32.5 0.49
      vertex 35.2888 32.5 0.49
    endloop
  endfacet
  facet normal 0 0 -1
    outer loop
      vertex 35.2888 34.5724 0.49
      vertex 36.089 32.5 0.49
      vertex 35.2888 33.9512 0.49
    endloop
  endfacet
  facet normal 0 0 -1
    outer loop
      vertex 36.089 32.5 0.49
      vertex 35.2888 34.5724 0.49
      vertex 36.089 36.3219 0.49
    endloop
  endfacet
  facet normal 0 0 -1
    outer loop
      vertex 35.2888 35.7008 0.49
      vertex 36.089 36.3219 0.49
      vertex 35.2888 34.5724 0.49
    endloop
  endfacet
  facet normal 0 0 -1
    outer loop
      vertex 34.1794 36.3219 0.49
      vertex 35.2888 35.7008 0.49
      vertex 34.2635 35.7008 0.49
    endloop
  endfacet
  facet normal 0 0 -1
    outer loop
      vertex 35.2888 35.7008 0.49
      vertex 34.1794 36.3219 0.49
      vertex 36.089 36.3219 0.49
    endloop
  endfacet
  facet normal 0 0 -1
    outer loop
      vertex 34.0764 35.6895 0.49
      vertex 34.1794 36.3219 0.49
      vertex 34.2635 35.7008 0.49
    endloop
  endfacet
  facet normal 0 0 -1
    outer loop
      vertex 34.0764 35.6895 0.49
      vertex 33.9905 36.3159 0.49
      vertex 34.1794 36.3219 0.49
    endloop
  endfacet
  facet normal 0 0 -1
    outer loop
      vertex 33.8143 36.2979 0.49
      vertex 34.0764 35.6895 0.49
      vertex 33.9181 35.6558 0.49
    endloop
  endfacet
  facet normal 0 0 -1
    outer loop
      vertex 34.0764 35.6895 0.49
      vertex 33.8143 36.2979 0.49
      vertex 33.9905 36.3159 0.49
    endloop
  endfacet
  facet normal 0 0 -1
    outer loop
      vertex 33.6508 36.2679 0.49
      vertex 33.9181 35.6558 0.49
      vertex 33.7886 35.5996 0.49
    endloop
  endfacet
  facet normal 0 0 -1
    outer loop
      vertex 33.3621 36.1718 0.49
      vertex 33.7886 35.5996 0.49
      vertex 33.6878 35.521 0.49
    endloop
  endfacet
  facet normal 0 0 -1
    outer loop
      vertex 33.9181 35.6558 0.49
      vertex 33.6508 36.2679 0.49
      vertex 33.8143 36.2979 0.49
    endloop
  endfacet
  facet normal 0 0 -1
    outer loop
      vertex 33.1243 36.0276 0.49
      vertex 33.6878 35.521 0.49
      vertex 33.6158 35.4198 0.49
    endloop
  endfacet
  facet normal 0 0 -1
    outer loop
      vertex 32.8209 35.6076 0.49
      vertex 33.6158 35.4198 0.49
      vertex 33.5727 35.2962 0.49
    endloop
  endfacet
  facet normal 0 0 -1
    outer loop
      vertex 32.7602 35.3348 0.49
      vertex 33.5727 35.2962 0.49
      vertex 33.5583 35.1501 0.49
    endloop
  endfacet
  facet normal 0 0 -1
    outer loop
      vertex 33.7886 35.5996 0.49
      vertex 33.5001 36.2258 0.49
      vertex 33.6508 36.2679 0.49
    endloop
  endfacet
  facet normal -0 0 -1
    outer loop
      vertex 33.7319 34.7242 0.49
      vertex 33.2932 34.2215 0.49
      vertex 33.6858 34.7701 0.49
    endloop
  endfacet
  facet normal 0 0 -1
    outer loop
      vertex 33.2052 34.2763 0.49
      vertex 33.6858 34.7701 0.49
      vertex 33.2932 34.2215 0.49
    endloop
  endfacet
  facet normal -0 0 -1
    outer loop
      vertex 33.6858 34.7701 0.49
      vertex 33.2052 34.2763 0.49
      vertex 33.6469 34.821 0.49
    endloop
  endfacet
  facet normal 0 0 -1
    outer loop
      vertex 33.1238 34.3393 0.49
      vertex 33.6469 34.821 0.49
      vertex 33.2052 34.2763 0.49
    endloop
  endfacet
  facet normal 0 0 -1
    outer loop
      vertex 33.0489 34.4104 0.49
      vertex 33.6469 34.821 0.49
      vertex 33.1238 34.3393 0.49
    endloop
  endfacet
  facet normal -0 0 -1
    outer loop
      vertex 33.6469 34.821 0.49
      vertex 33.0489 34.4104 0.49
      vertex 33.615 34.8769 0.49
    endloop
  endfacet
  facet normal 0 0 -1
    outer loop
      vertex 32.9805 34.4896 0.49
      vertex 33.615 34.8769 0.49
      vertex 33.0489 34.4104 0.49
    endloop
  endfacet
  facet normal 0 -0 -1
    outer loop
      vertex 32.7602 35.3348 0.49
      vertex 33.5583 35.1501 0.49
      vertex 32.7526 35.1827 0.49
    endloop
  endfacet
  facet normal 0 0 -1
    outer loop
      vertex 32.9201 34.5751 0.49
      vertex 33.615 34.8769 0.49
      vertex 32.9805 34.4896 0.49
    endloop
  endfacet
  facet normal 0 0 -1
    outer loop
      vertex 33.7886 35.5996 0.49
      vertex 33.3621 36.1718 0.49
      vertex 33.5001 36.2258 0.49
    endloop
  endfacet
  facet normal -0 0 -1
    outer loop
      vertex 33.615 34.8769 0.49
      vertex 32.9201 34.5751 0.49
      vertex 33.5902 34.9377 0.49
    endloop
  endfacet
  facet normal 0 0 -1
    outer loop
      vertex 33.5727 35.2962 0.49
      vertex 32.7602 35.3348 0.49
      vertex 32.783 35.4764 0.49
    endloop
  endfacet
  facet normal 0 0 -1
    outer loop
      vertex 32.8689 34.6652 0.49
      vertex 33.5902 34.9377 0.49
      vertex 32.9201 34.5751 0.49
    endloop
  endfacet
  facet normal -0 0 -1
    outer loop
      vertex 33.5902 34.9377 0.49
      vertex 32.8689 34.6652 0.49
      vertex 33.5724 35.0035 0.49
    endloop
  endfacet
  facet normal 0 0 -1
    outer loop
      vertex 33.6878 35.521 0.49
      vertex 33.2368 36.1057 0.49
      vertex 33.3621 36.1718 0.49
    endloop
  endfacet
  facet normal 0 0 -1
    outer loop
      vertex 32.827 34.7597 0.49
      vertex 33.5724 35.0035 0.49
      vertex 32.8689 34.6652 0.49
    endloop
  endfacet
  facet normal 0 0 -1
    outer loop
      vertex 33.5727 35.2962 0.49
      vertex 32.783 35.4764 0.49
      vertex 32.8209 35.6076 0.49
    endloop
  endfacet
  facet normal 0 0 -1
    outer loop
      vertex 32.7945 34.8587 0.49
      vertex 33.5724 35.0035 0.49
      vertex 32.827 34.7597 0.49
    endloop
  endfacet
  facet normal 0 0 -1
    outer loop
      vertex 33.6878 35.521 0.49
      vertex 33.1243 36.0276 0.49
      vertex 33.2368 36.1057 0.49
    endloop
  endfacet
  facet normal -0 0 -1
    outer loop
      vertex 33.5724 35.0035 0.49
      vertex 32.7945 34.8587 0.49
      vertex 33.5618 35.0743 0.49
    endloop
  endfacet
  facet normal 0 0 -1
    outer loop
      vertex 32.7712 34.9622 0.49
      vertex 33.5618 35.0743 0.49
      vertex 32.7945 34.8587 0.49
    endloop
  endfacet
  facet normal 0 0 -1
    outer loop
      vertex 33.6158 35.4198 0.49
      vertex 32.9422 35.8385 0.49
      vertex 33.0257 35.9383 0.49
    endloop
  endfacet
  facet normal 0 0 -1
    outer loop
      vertex 32.7573 35.0702 0.49
      vertex 33.5618 35.0743 0.49
      vertex 32.7712 34.9622 0.49
    endloop
  endfacet
  facet normal 0 0 -1
    outer loop
      vertex 33.6158 35.4198 0.49
      vertex 32.874 35.7283 0.49
      vertex 32.9422 35.8385 0.49
    endloop
  endfacet
  facet normal -0 0 -1
    outer loop
      vertex 33.5618 35.0743 0.49
      vertex 32.7573 35.0702 0.49
      vertex 33.5583 35.1501 0.49
    endloop
  endfacet
  facet normal 0 0 -1
    outer loop
      vertex 33.6158 35.4198 0.49
      vertex 32.8209 35.6076 0.49
      vertex 32.874 35.7283 0.49
    endloop
  endfacet
  facet normal -0 0 -1
    outer loop
      vertex 33.5583 35.1501 0.49
      vertex 32.7573 35.0702 0.49
      vertex 32.7526 35.1827 0.49
    endloop
  endfacet
  facet normal 0 0 -1
    outer loop
      vertex 33.6158 35.4198 0.49
      vertex 33.0257 35.9383 0.49
      vertex 33.1243 36.0276 0.49
    endloop
  endfacet
  facet normal 0 0 -1
    outer loop
      vertex 38.4781 32.5 0.49
      vertex 37.6779 32.5 0.49
      vertex 38.4781 35.7035 0.49
    endloop
  endfacet
  facet normal 0 0 -1
    outer loop
      vertex 38.4781 35.7035 0.49
      vertex 39.7122 36.3219 0.49
      vertex 39.7122 35.7035 0.49
    endloop
  endfacet
  facet normal 0 0 -1
    outer loop
      vertex 37.6779 35.7035 0.49
      vertex 38.4781 35.7035 0.49
      vertex 37.6779 32.5 0.49
    endloop
  endfacet
  facet normal 0 0 -1
    outer loop
      vertex 37.6779 35.7035 0.49
      vertex 39.7122 36.3219 0.49
      vertex 38.4781 35.7035 0.49
    endloop
  endfacet
  facet normal 0 0 -1
    outer loop
      vertex 36.441 36.3219 0.49
      vertex 37.6779 35.7035 0.49
      vertex 36.441 35.7035 0.49
    endloop
  endfacet
  facet normal 0 0 -1
    outer loop
      vertex 37.6779 35.7035 0.49
      vertex 36.441 36.3219 0.49
      vertex 39.7122 36.3219 0.49
    endloop
  endfacet
  facet normal 0 0 -1
    outer loop
      vertex 55.6791 32.5 0.49
      vertex 54.8789 33.1184 0.49
      vertex 55.6791 36.3219 0.49
    endloop
  endfacet
  facet normal 0 0 -1
    outer loop
      vertex 52.8283 32.5 0.49
      vertex 54.8789 33.1184 0.49
      vertex 55.6791 32.5 0.49
    endloop
  endfacet
  facet normal -0 0 -1
    outer loop
      vertex 54.8789 33.1184 0.49
      vertex 52.8283 32.5 0.49
      vertex 52.8283 33.1184 0.49
    endloop
  endfacet
  facet normal -0 0 -1
    outer loop
      vertex 55.6791 36.3219 0.49
      vertex 54.8789 33.1184 0.49
      vertex 54.8789 36.3219 0.49
    endloop
  endfacet
  facet normal 0 0 -1
    outer loop
      vertex 48.7464 32.5 0.49
      vertex 47.9462 33.1184 0.49
      vertex 48.7464 36.3219 0.49
    endloop
  endfacet
  facet normal 0 0 -1
    outer loop
      vertex 47.2003 32.5 0.49
      vertex 47.9462 33.1184 0.49
      vertex 48.7464 32.5 0.49
    endloop
  endfacet
  facet normal -0 0 -1
    outer loop
      vertex 47.9462 33.1184 0.49
      vertex 47.2003 32.5 0.49
      vertex 47.2681 33.1184 0.49
    endloop
  endfacet
  facet normal 0 0 -1
    outer loop
      vertex 47.2003 32.5 0.49
      vertex 47.1251 33.1257 0.49
      vertex 47.2681 33.1184 0.49
    endloop
  endfacet
  facet normal 0 0 -1
    outer loop
      vertex 47.0462 32.5048 0.49
      vertex 47.1251 33.1257 0.49
      vertex 47.2003 32.5 0.49
    endloop
  endfacet
  facet normal 0 0 -1
    outer loop
      vertex 47.0462 32.5048 0.49
      vertex 46.9908 33.1474 0.49
      vertex 47.1251 33.1257 0.49
    endloop
  endfacet
  facet normal 0 0 -1
    outer loop
      vertex 46.8972 32.519 0.49
      vertex 46.9908 33.1474 0.49
      vertex 47.0462 32.5048 0.49
    endloop
  endfacet
  facet normal 0 0 -1
    outer loop
      vertex 46.7533 32.5428 0.49
      vertex 46.9908 33.1474 0.49
      vertex 46.8972 32.519 0.49
    endloop
  endfacet
  facet normal -0 0 -1
    outer loop
      vertex 46.9908 33.1474 0.49
      vertex 46.7533 32.5428 0.49
      vertex 46.8652 33.1837 0.49
    endloop
  endfacet
  facet normal 0 0 -1
    outer loop
      vertex 46.6144 32.5762 0.49
      vertex 46.8652 33.1837 0.49
      vertex 46.7533 32.5428 0.49
    endloop
  endfacet
  facet normal -0 0 -1
    outer loop
      vertex 46.8652 33.1837 0.49
      vertex 46.6144 32.5762 0.49
      vertex 46.7481 33.2345 0.49
    endloop
  endfacet
  facet normal 0 0 -1
    outer loop
      vertex 46.4805 32.619 0.49
      vertex 46.7481 33.2345 0.49
      vertex 46.6144 32.5762 0.49
    endloop
  endfacet
  facet normal 0 0 -1
    outer loop
      vertex 46.3516 32.6714 0.49
      vertex 46.7481 33.2345 0.49
      vertex 46.4805 32.619 0.49
    endloop
  endfacet
  facet normal -0 0 -1
    outer loop
      vertex 46.7481 33.2345 0.49
      vertex 46.3516 32.6714 0.49
      vertex 46.6398 33.2997 0.49
    endloop
  endfacet
  facet normal 0 0 -1
    outer loop
      vertex 46.2278 32.7333 0.49
      vertex 46.6398 33.2997 0.49
      vertex 46.3516 32.6714 0.49
    endloop
  endfacet
  facet normal -0 0 -1
    outer loop
      vertex 46.6398 33.2997 0.49
      vertex 46.2278 32.7333 0.49
      vertex 46.54 33.3795 0.49
    endloop
  endfacet
  facet normal 0 0 -1
    outer loop
      vertex 46.1105 32.8042 0.49
      vertex 46.54 33.3795 0.49
      vertex 46.2278 32.7333 0.49
    endloop
  endfacet
  facet normal 0 0 -1
    outer loop
      vertex 46.001 32.8835 0.49
      vertex 46.54 33.3795 0.49
      vertex 46.1105 32.8042 0.49
    endloop
  endfacet
  facet normal -0 0 -1
    outer loop
      vertex 46.54 33.3795 0.49
      vertex 46.001 32.8835 0.49
      vertex 46.4489 33.4738 0.49
    endloop
  endfacet
  facet normal 0 0 -1
    outer loop
      vertex 45.8993 32.9713 0.49
      vertex 46.4489 33.4738 0.49
      vertex 46.001 32.8835 0.49
    endloop
  endfacet
  facet normal 0 0 -1
    outer loop
      vertex 45.8056 33.0676 0.49
      vertex 46.4489 33.4738 0.49
      vertex 45.8993 32.9713 0.49
    endloop
  endfacet
  facet normal -0 0 -1
    outer loop
      vertex 46.4489 33.4738 0.49
      vertex 45.8056 33.0676 0.49
      vertex 46.3683 33.5805 0.49
    endloop
  endfacet
  facet normal 0 0 -1
    outer loop
      vertex 45.7197 33.1724 0.49
      vertex 46.3683 33.5805 0.49
      vertex 45.8056 33.0676 0.49
    endloop
  endfacet
  facet normal 0 0 -1
    outer loop
      vertex 45.6416 33.2856 0.49
      vertex 46.3001 33.6976 0.49
      vertex 45.7197 33.1724 0.49
    endloop
  endfacet
  facet normal -0 0 -1
    outer loop
      vertex 46.3683 33.5805 0.49
      vertex 45.7197 33.1724 0.49
      vertex 46.3001 33.6976 0.49
    endloop
  endfacet
  facet normal 0 0 -1
    outer loop
      vertex 47.9462 35.7035 0.49
      vertex 48.7464 36.3219 0.49
      vertex 47.9462 33.1184 0.49
    endloop
  endfacet
  facet normal 0 0 -1
    outer loop
      vertex 47.363 36.3219 0.49
      vertex 47.9462 35.7035 0.49
      vertex 47.3793 35.7035 0.49
    endloop
  endfacet
  facet normal 0 0 -1
    outer loop
      vertex 47.9462 35.7035 0.49
      vertex 47.363 36.3219 0.49
      vertex 48.7464 36.3219 0.49
    endloop
  endfacet
  facet normal 0 0 -1
    outer loop
      vertex 47.2151 35.6969 0.49
      vertex 47.363 36.3219 0.49
      vertex 47.3793 35.7035 0.49
    endloop
  endfacet
  facet normal 0 0 -1
    outer loop
      vertex 47.2151 35.6969 0.49
      vertex 47.096 36.312 0.49
      vertex 47.363 36.3219 0.49
    endloop
  endfacet
  facet normal 0 0 -1
    outer loop
      vertex 47.0622 35.677 0.49
      vertex 47.096 36.312 0.49
      vertex 47.2151 35.6969 0.49
    endloop
  endfacet
  facet normal 0 0 -1
    outer loop
      vertex 46.8469 36.2822 0.49
      vertex 47.0622 35.677 0.49
      vertex 46.9204 35.6439 0.49
    endloop
  endfacet
  facet normal 0 0 -1
    outer loop
      vertex 47.0622 35.677 0.49
      vertex 46.8469 36.2822 0.49
      vertex 47.096 36.312 0.49
    endloop
  endfacet
  facet normal 0 0 -1
    outer loop
      vertex 46.6155 36.2325 0.49
      vertex 46.9204 35.6439 0.49
      vertex 46.7898 35.5976 0.49
    endloop
  endfacet
  facet normal 0 0 -1
    outer loop
      vertex 46.402 36.1629 0.49
      vertex 46.7898 35.5976 0.49
      vertex 46.6704 35.5381 0.49
    endloop
  endfacet
  facet normal 0 0 -1
    outer loop
      vertex 46.9204 35.6439 0.49
      vertex 46.6155 36.2325 0.49
      vertex 46.8469 36.2822 0.49
    endloop
  endfacet
  facet normal 0 0 -1
    outer loop
      vertex 46.2063 36.0735 0.49
      vertex 46.6704 35.5381 0.49
      vertex 46.5622 35.4653 0.49
    endloop
  endfacet
  facet normal 0 0 -1
    outer loop
      vertex 46.0285 35.9642 0.49
      vertex 46.5622 35.4653 0.49
      vertex 46.4652 35.3793 0.49
    endloop
  endfacet
  facet normal 0 0 -1
    outer loop
      vertex 46.7898 35.5976 0.49
      vertex 46.402 36.1629 0.49
      vertex 46.6155 36.2325 0.49
    endloop
  endfacet
  facet normal 0 0 -1
    outer loop
      vertex 45.8684 35.835 0.49
      vertex 46.4652 35.3793 0.49
      vertex 46.3802 35.2807 0.49
    endloop
  endfacet
  facet normal 0 0 -1
    outer loop
      vertex 45.7281 35.6873 0.49
      vertex 46.3802 35.2807 0.49
      vertex 46.3084 35.1703 0.49
    endloop
  endfacet
  facet normal 0 0 -1
    outer loop
      vertex 45.6094 35.5223 0.49
      vertex 46.3084 35.1703 0.49
      vertex 46.2496 35.0479 0.49
    endloop
  endfacet
  facet normal 0 0 -1
    outer loop
      vertex 46.6704 35.5381 0.49
      vertex 46.2063 36.0735 0.49
      vertex 46.402 36.1629 0.49
    endloop
  endfacet
  facet normal 0 0 -1
    outer loop
      vertex 45.5122 35.3402 0.49
      vertex 46.2496 35.0479 0.49
      vertex 46.2039 34.9136 0.49
    endloop
  endfacet
  facet normal 0 0 -1
    outer loop
      vertex 45.3827 34.9242 0.49
      vertex 46.2039 34.9136 0.49
      vertex 46.1712 34.7675 0.49
    endloop
  endfacet
  facet normal 0 0 -1
    outer loop
      vertex 45.3503 34.6904 0.49
      vertex 46.1712 34.7675 0.49
      vertex 46.1516 34.6094 0.49
    endloop
  endfacet
  facet normal 0 0 -1
    outer loop
      vertex 45.3395 34.4394 0.49
      vertex 46.1516 34.6094 0.49
      vertex 46.1451 34.4394 0.49
    endloop
  endfacet
  facet normal 0 0 -1
    outer loop
      vertex 46.5622 35.4653 0.49
      vertex 46.0285 35.9642 0.49
      vertex 46.2063 36.0735 0.49
    endloop
  endfacet
  facet normal 0 0 -1
    outer loop
      vertex 45.5714 33.4073 0.49
      vertex 46.3001 33.6976 0.49
      vertex 45.6416 33.2856 0.49
    endloop
  endfacet
  facet normal -0 0 -1
    outer loop
      vertex 46.3001 33.6976 0.49
      vertex 45.5714 33.4073 0.49
      vertex 46.2443 33.8252 0.49
    endloop
  endfacet
  facet normal 0 0 -1
    outer loop
      vertex 45.5099 33.5363 0.49
      vertex 46.2443 33.8252 0.49
      vertex 45.5714 33.4073 0.49
    endloop
  endfacet
  facet normal 0 0 -1
    outer loop
      vertex 45.3395 34.4394 0.49
      vertex 46.1451 34.4394 0.49
      vertex 45.3442 34.2736 0.49
    endloop
  endfacet
  facet normal 0 0 -1
    outer loop
      vertex 45.4578 33.6715 0.49
      vertex 46.2443 33.8252 0.49
      vertex 45.5099 33.5363 0.49
    endloop
  endfacet
  facet normal -0 0 -1
    outer loop
      vertex 46.1516 34.6094 0.49
      vertex 45.3395 34.4394 0.49
      vertex 45.3503 34.6904 0.49
    endloop
  endfacet
  facet normal -0 0 -1
    outer loop
      vertex 46.2443 33.8252 0.49
      vertex 45.4578 33.6715 0.49
      vertex 46.2009 33.9631 0.49
    endloop
  endfacet
  facet normal 0 0 -1
    outer loop
      vertex 45.4152 33.8128 0.49
      vertex 46.2009 33.9631 0.49
      vertex 45.4578 33.6715 0.49
    endloop
  endfacet
  facet normal -0 0 -1
    outer loop
      vertex 46.1712 34.7675 0.49
      vertex 45.3503 34.6904 0.49
      vertex 45.3827 34.9242 0.49
    endloop
  endfacet
  facet normal -0 0 -1
    outer loop
      vertex 46.2009 33.9631 0.49
      vertex 45.4152 33.8128 0.49
      vertex 46.1699 34.1115 0.49
    endloop
  endfacet
  facet normal 0 0 -1
    outer loop
      vertex 46.2039 34.9136 0.49
      vertex 45.3827 34.9242 0.49
      vertex 45.4366 35.1408 0.49
    endloop
  endfacet
  facet normal 0 0 -1
    outer loop
      vertex 45.3821 33.9602 0.49
      vertex 46.1699 34.1115 0.49
      vertex 45.4152 33.8128 0.49
    endloop
  endfacet
  facet normal 0 0 -1
    outer loop
      vertex 45.3584 34.1138 0.49
      vertex 46.1699 34.1115 0.49
      vertex 45.3821 33.9602 0.49
    endloop
  endfacet
  facet normal 0 0 -1
    outer loop
      vertex 46.1699 34.1115 0.49
      vertex 45.3584 34.1138 0.49
      vertex 46.1513 34.2703 0.49
    endloop
  endfacet
  facet normal 0 0 -1
    outer loop
      vertex 45.3442 34.2736 0.49
      vertex 46.1513 34.2703 0.49
      vertex 45.3584 34.1138 0.49
    endloop
  endfacet
  facet normal 0 0 -1
    outer loop
      vertex 46.2496 35.0479 0.49
      vertex 45.5122 35.3402 0.49
      vertex 45.6094 35.5223 0.49
    endloop
  endfacet
  facet normal 0 0 -1
    outer loop
      vertex 46.1513 34.2703 0.49
      vertex 45.3442 34.2736 0.49
      vertex 46.1451 34.4394 0.49
    endloop
  endfacet
  facet normal 0 0 -1
    outer loop
      vertex 46.2039 34.9136 0.49
      vertex 45.4366 35.1408 0.49
      vertex 45.5122 35.3402 0.49
    endloop
  endfacet
  facet normal 0 0 -1
    outer loop
      vertex 46.3084 35.1703 0.49
      vertex 45.6094 35.5223 0.49
      vertex 45.7281 35.6873 0.49
    endloop
  endfacet
  facet normal 0 0 -1
    outer loop
      vertex 46.4652 35.3793 0.49
      vertex 45.8684 35.835 0.49
      vertex 46.0285 35.9642 0.49
    endloop
  endfacet
  facet normal 0 0 -1
    outer loop
      vertex 46.3802 35.2807 0.49
      vertex 45.7281 35.6873 0.49
      vertex 45.8684 35.835 0.49
    endloop
  endfacet
  facet normal 0 0 -1
    outer loop
      vertex 26.6691 33.9403 0.49
      vertex 27.4314 34.746 0.49
      vertex 27.4314 32.5 0.49
    endloop
  endfacet
  facet normal 0 -0 -1
    outer loop
      vertex 26.7182 35.3565 0.49
      vertex 27.4314 34.746 0.49
      vertex 26.7151 35.314 0.49
    endloop
  endfacet
  facet normal 0 0 -1
    outer loop
      vertex 27.4314 34.746 0.49
      vertex 26.721 35.3907 0.49
      vertex 26.7262 35.4349 0.49
    endloop
  endfacet
  facet normal 0 0 -1
    outer loop
      vertex 26.7262 35.4349 0.49
      vertex 26.721 35.3907 0.49
      vertex 26.7237 35.4169 0.49
    endloop
  endfacet
  facet normal 0 -0 -1
    outer loop
      vertex 26.721 35.3907 0.49
      vertex 27.4314 34.746 0.49
      vertex 26.7182 35.3565 0.49
    endloop
  endfacet
  facet normal 0 0 -1
    outer loop
      vertex 27.4314 34.746 0.49
      vertex 26.7117 35.2635 0.49
      vertex 26.7151 35.314 0.49
    endloop
  endfacet
  facet normal 0 0 -1
    outer loop
      vertex 27.4314 34.746 0.49
      vertex 26.7082 35.2048 0.49
      vertex 26.7117 35.2635 0.49
    endloop
  endfacet
  facet normal 0 0 -1
    outer loop
      vertex 27.4314 34.746 0.49
      vertex 26.7044 35.1379 0.49
      vertex 26.7082 35.2048 0.49
    endloop
  endfacet
  facet normal 0 0 -1
    outer loop
      vertex 27.4314 34.746 0.49
      vertex 26.7008 35.0704 0.49
      vertex 26.7044 35.1379 0.49
    endloop
  endfacet
  facet normal 0 0 -1
    outer loop
      vertex 27.4314 34.746 0.49
      vertex 26.6978 35.0097 0.49
      vertex 26.7008 35.0704 0.49
    endloop
  endfacet
  facet normal 0 0 -1
    outer loop
      vertex 27.4314 34.746 0.49
      vertex 26.6953 34.9558 0.49
      vertex 26.6978 35.0097 0.49
    endloop
  endfacet
  facet normal 0 0 -1
    outer loop
      vertex 27.4314 34.746 0.49
      vertex 26.6934 34.9087 0.49
      vertex 26.6953 34.9558 0.49
    endloop
  endfacet
  facet normal 0 0 -1
    outer loop
      vertex 27.4314 34.746 0.49
      vertex 26.692 34.8684 0.49
      vertex 26.6934 34.9087 0.49
    endloop
  endfacet
  facet normal 0 0 -1
    outer loop
      vertex 27.4314 34.746 0.49
      vertex 26.6911 34.835 0.49
      vertex 26.692 34.8684 0.49
    endloop
  endfacet
  facet normal 0 0 -1
    outer loop
      vertex 27.4314 34.746 0.49
      vertex 26.6909 34.8083 0.49
      vertex 26.6911 34.835 0.49
    endloop
  endfacet
  facet normal 0 0 -1
    outer loop
      vertex 26.64 34.2877 0.49
      vertex 27.4314 34.746 0.49
      vertex 26.6562 34.181 0.49
    endloop
  endfacet
  facet normal 0 0 -1
    outer loop
      vertex 26.6691 33.9403 0.49
      vertex 27.4314 32.5 0.49
      vertex 26.6691 32.5 0.49
    endloop
  endfacet
  facet normal 0 0 -1
    outer loop
      vertex 27.4314 34.746 0.49
      vertex 26.6691 33.9403 0.49
      vertex 26.6659 34.0652 0.49
    endloop
  endfacet
  facet normal 0 0 -1
    outer loop
      vertex 27.4314 34.746 0.49
      vertex 26.6659 34.0652 0.49
      vertex 26.6562 34.181 0.49
    endloop
  endfacet
  facet normal 0 0 -1
    outer loop
      vertex 26.6173 34.3854 0.49
      vertex 27.4314 34.746 0.49
      vertex 26.64 34.2877 0.49
    endloop
  endfacet
  facet normal -0 0 -1
    outer loop
      vertex 27.4314 34.746 0.49
      vertex 26.6173 34.3854 0.49
      vertex 26.6909 34.8083 0.49
    endloop
  endfacet
  facet normal 0 0 -1
    outer loop
      vertex 26.5882 34.474 0.49
      vertex 26.6909 34.8083 0.49
      vertex 26.6173 34.3854 0.49
    endloop
  endfacet
  facet normal 0 0 -1
    outer loop
      vertex 26.5526 34.5535 0.49
      vertex 26.6909 34.8083 0.49
      vertex 26.5882 34.474 0.49
    endloop
  endfacet
  facet normal -0 0 -1
    outer loop
      vertex 26.6909 34.8083 0.49
      vertex 26.5526 34.5535 0.49
      vertex 26.68 34.8083 0.49
    endloop
  endfacet
  facet normal 0 0 -1
    outer loop
      vertex 26.5105 34.6239 0.49
      vertex 26.68 34.8083 0.49
      vertex 26.5526 34.5535 0.49
    endloop
  endfacet
  facet normal 0 0 -1
    outer loop
      vertex 26.4626 34.685 0.49
      vertex 26.68 34.8083 0.49
      vertex 26.5105 34.6239 0.49
    endloop
  endfacet
  facet normal -0 0 -1
    outer loop
      vertex 26.68 34.8083 0.49
      vertex 26.4626 34.685 0.49
      vertex 26.6487 34.8929 0.49
    endloop
  endfacet
  facet normal 0 0 -1
    outer loop
      vertex 26.4095 34.7368 0.49
      vertex 26.6487 34.8929 0.49
      vertex 26.4626 34.685 0.49
    endloop
  endfacet
  facet normal -0 0 -1
    outer loop
      vertex 26.6487 34.8929 0.49
      vertex 26.4095 34.7368 0.49
      vertex 26.6185 34.9701 0.49
    endloop
  endfacet
  facet normal 0 0 -1
    outer loop
      vertex 26.3513 34.7791 0.49
      vertex 26.6185 34.9701 0.49
      vertex 26.4095 34.7368 0.49
    endloop
  endfacet
  facet normal -0 0 -1
    outer loop
      vertex 26.6185 34.9701 0.49
      vertex 26.3513 34.7791 0.49
      vertex 26.5892 35.0397 0.49
    endloop
  endfacet
  facet normal 0 0 -1
    outer loop
      vertex 26.2879 34.8121 0.49
      vertex 26.5892 35.0397 0.49
      vertex 26.3513 34.7791 0.49
    endloop
  endfacet
  facet normal -0 0 -1
    outer loop
      vertex 26.5892 35.0397 0.49
      vertex 26.2879 34.8121 0.49
      vertex 26.5609 35.1019 0.49
    endloop
  endfacet
  facet normal -0 0 -1
    outer loop
      vertex 26.5609 35.1019 0.49
      vertex 26.2879 34.8121 0.49
      vertex 26.5336 35.1567 0.49
    endloop
  endfacet
  facet normal 0 0 -1
    outer loop
      vertex 26.2194 34.8356 0.49
      vertex 26.5336 35.1567 0.49
      vertex 26.2879 34.8121 0.49
    endloop
  endfacet
  facet normal -0 0 -1
    outer loop
      vertex 26.5336 35.1567 0.49
      vertex 26.2194 34.8356 0.49
      vertex 26.5073 35.2039 0.49
    endloop
  endfacet
  facet normal -0 0 -1
    outer loop
      vertex 26.5073 35.2039 0.49
      vertex 26.2194 34.8356 0.49
      vertex 26.482 35.2437 0.49
    endloop
  endfacet
  facet normal -0 0 -1
    outer loop
      vertex 26.482 35.2437 0.49
      vertex 26.2194 34.8356 0.49
      vertex 26.4565 35.2784 0.49
    endloop
  endfacet
  facet normal 0 0 -1
    outer loop
      vertex 26.1458 34.8497 0.49
      vertex 26.4565 35.2784 0.49
      vertex 26.2194 34.8356 0.49
    endloop
  endfacet
  facet normal -0 0 -1
    outer loop
      vertex 26.4565 35.2784 0.49
      vertex 26.1458 34.8497 0.49
      vertex 26.4297 35.3104 0.49
    endloop
  endfacet
  facet normal -0 0 -1
    outer loop
      vertex 26.4297 35.3104 0.49
      vertex 26.1458 34.8497 0.49
      vertex 26.4016 35.3398 0.49
    endloop
  endfacet
  facet normal -0 0 -1
    outer loop
      vertex 26.4016 35.3398 0.49
      vertex 26.1458 34.8497 0.49
      vertex 26.3722 35.3666 0.49
    endloop
  endfacet
  facet normal -0 0 -1
    outer loop
      vertex 26.3722 35.3666 0.49
      vertex 26.1458 34.8497 0.49
      vertex 26.3414 35.3907 0.49
    endloop
  endfacet
  facet normal -0 0 -1
    outer loop
      vertex 26.3414 35.3907 0.49
      vertex 26.1458 34.8497 0.49
      vertex 26.3093 35.4121 0.49
    endloop
  endfacet
  facet normal -0 0 -1
    outer loop
      vertex 26.3093 35.4121 0.49
      vertex 26.1458 34.8497 0.49
      vertex 26.2759 35.4308 0.49
    endloop
  endfacet
  facet normal -0 0 -1
    outer loop
      vertex 26.2759 35.4308 0.49
      vertex 26.1458 34.8497 0.49
      vertex 26.2405 35.447 0.49
    endloop
  endfacet
  facet normal 0 0 -1
    outer loop
      vertex 26.067 34.8544 0.49
      vertex 26.2405 35.447 0.49
      vertex 26.1458 34.8497 0.49
    endloop
  endfacet
  facet normal -0 0 -1
    outer loop
      vertex 26.2405 35.447 0.49
      vertex 26.067 34.8544 0.49
      vertex 26.2028 35.4607 0.49
    endloop
  endfacet
  facet normal -0 0 -1
    outer loop
      vertex 26.2028 35.4607 0.49
      vertex 26.067 34.8544 0.49
      vertex 26.1626 35.4719 0.49
    endloop
  endfacet
  facet normal -0 0 -1
    outer loop
      vertex 26.1626 35.4719 0.49
      vertex 26.067 34.8544 0.49
      vertex 26.12 35.4807 0.49
    endloop
  endfacet
  facet normal -0 0 -1
    outer loop
      vertex 26.12 35.4807 0.49
      vertex 26.067 34.8544 0.49
      vertex 26.0749 35.4869 0.49
    endloop
  endfacet
  facet normal 0 0 -1
    outer loop
      vertex 26.0258 34.8536 0.49
      vertex 26.0749 35.4869 0.49
      vertex 26.067 34.8544 0.49
    endloop
  endfacet
  facet normal -0 0 -1
    outer loop
      vertex 26.0749 35.4869 0.49
      vertex 26.0258 34.8536 0.49
      vertex 26.0274 35.4906 0.49
    endloop
  endfacet
  facet normal 0 0 -1
    outer loop
      vertex 25.9775 35.4919 0.49
      vertex 26.0258 34.8536 0.49
      vertex 25.9828 34.8511 0.49
    endloop
  endfacet
  facet normal 0 0 -1
    outer loop
      vertex 26.0258 34.8536 0.49
      vertex 25.9775 35.4919 0.49
      vertex 26.0274 35.4906 0.49
    endloop
  endfacet
  facet normal 0 0 -1
    outer loop
      vertex 25.8984 35.4886 0.49
      vertex 25.9828 34.8511 0.49
      vertex 25.9381 34.847 0.49
    endloop
  endfacet
  facet normal 0 0 -1
    outer loop
      vertex 25.9828 34.8511 0.49
      vertex 25.9368 35.491 0.49
      vertex 25.9775 35.4919 0.49
    endloop
  endfacet
  facet normal 0 0 -1
    outer loop
      vertex 25.9828 34.8511 0.49
      vertex 25.8984 35.4886 0.49
      vertex 25.9368 35.491 0.49
    endloop
  endfacet
  facet normal 0 0 -1
    outer loop
      vertex 25.7682 35.462 0.49
      vertex 25.9381 34.847 0.49
      vertex 25.8916 34.8412 0.49
    endloop
  endfacet
  facet normal 0 0 -1
    outer loop
      vertex 25.9381 34.847 0.49
      vertex 25.8624 35.4844 0.49
      vertex 25.8984 35.4886 0.49
    endloop
  endfacet
  facet normal 0 0 -1
    outer loop
      vertex 25.7415 35.4512 0.49
      vertex 25.8916 34.8412 0.49
      vertex 25.8434 34.8337 0.49
    endloop
  endfacet
  facet normal 0 0 -1
    outer loop
      vertex 25.9381 34.847 0.49
      vertex 25.8287 35.4786 0.49
      vertex 25.8624 35.4844 0.49
    endloop
  endfacet
  facet normal 0 0 -1
    outer loop
      vertex 25.9381 34.847 0.49
      vertex 25.7973 35.4711 0.49
      vertex 25.8287 35.4786 0.49
    endloop
  endfacet
  facet normal 0 0 -1
    outer loop
      vertex 25.7415 35.4512 0.49
      vertex 25.8434 34.8337 0.49
      vertex 25.7933 34.8245 0.49
    endloop
  endfacet
  facet normal 0 0 -1
    outer loop
      vertex 25.9381 34.847 0.49
      vertex 25.7682 35.462 0.49
      vertex 25.7973 35.4711 0.49
    endloop
  endfacet
  facet normal 0 0 -1
    outer loop
      vertex 25.7415 35.4512 0.49
      vertex 25.7933 34.8245 0.49
      vertex 25.7415 34.8138 0.49
    endloop
  endfacet
  facet normal 0 0 -1
    outer loop
      vertex 25.8916 34.8412 0.49
      vertex 25.7415 35.4512 0.49
      vertex 25.7682 35.462 0.49
    endloop
  endfacet
  facet normal 0 0 -1
    outer loop
      vertex 27.4508 35.3985 0.49
      vertex 26.7262 35.4349 0.49
      vertex 27.4531 35.4349 0.49
    endloop
  endfacet
  facet normal 0 0 -1
    outer loop
      vertex 27.4485 35.3606 0.49
      vertex 26.7262 35.4349 0.49
      vertex 27.4508 35.3985 0.49
    endloop
  endfacet
  facet normal 0 0 -1
    outer loop
      vertex 27.4464 35.3212 0.49
      vertex 26.7262 35.4349 0.49
      vertex 27.4485 35.3606 0.49
    endloop
  endfacet
  facet normal 0 0 -1
    outer loop
      vertex 27.4442 35.2804 0.49
      vertex 26.7262 35.4349 0.49
      vertex 27.4464 35.3212 0.49
    endloop
  endfacet
  facet normal 0 0 -1
    outer loop
      vertex 27.4422 35.238 0.49
      vertex 26.7262 35.4349 0.49
      vertex 27.4442 35.2804 0.49
    endloop
  endfacet
  facet normal 0 0 -1
    outer loop
      vertex 27.4401 35.1941 0.49
      vertex 26.7262 35.4349 0.49
      vertex 27.4422 35.238 0.49
    endloop
  endfacet
  facet normal 0 0 -1
    outer loop
      vertex 27.4382 35.1488 0.49
      vertex 26.7262 35.4349 0.49
      vertex 27.4401 35.1941 0.49
    endloop
  endfacet
  facet normal 0 0 -1
    outer loop
      vertex 27.4364 35.101 0.49
      vertex 26.7262 35.4349 0.49
      vertex 27.4382 35.1488 0.49
    endloop
  endfacet
  facet normal 0 0 -1
    outer loop
      vertex 27.4349 35.05 0.49
      vertex 26.7262 35.4349 0.49
      vertex 27.4364 35.101 0.49
    endloop
  endfacet
  facet normal 0 0 -1
    outer loop
      vertex 27.4336 34.9957 0.49
      vertex 26.7262 35.4349 0.49
      vertex 27.4349 35.05 0.49
    endloop
  endfacet
  facet normal 0 0 -1
    outer loop
      vertex 27.4326 34.9382 0.49
      vertex 26.7262 35.4349 0.49
      vertex 27.4336 34.9957 0.49
    endloop
  endfacet
  facet normal 0 0 -1
    outer loop
      vertex 27.4319 34.8774 0.49
      vertex 26.7262 35.4349 0.49
      vertex 27.4326 34.9382 0.49
    endloop
  endfacet
  facet normal 0 0 -1
    outer loop
      vertex 27.4315 34.8133 0.49
      vertex 26.7262 35.4349 0.49
      vertex 27.4319 34.8774 0.49
    endloop
  endfacet
  facet normal 0 0 -1
    outer loop
      vertex 26.7262 35.4349 0.49
      vertex 27.4315 34.8133 0.49
      vertex 27.4314 34.746 0.49
    endloop
  endfacet
  facet normal 0 0 -1
    outer loop
      vertex 21.3507 33.7939 0.49
      vertex 22.6689 35.4349 0.49
      vertex 21.6192 32.5 0.49
    endloop
  endfacet
  facet normal -0 0 -1
    outer loop
      vertex 22.6689 35.4349 0.49
      vertex 21.3507 33.7939 0.49
      vertex 21.8633 35.4349 0.49
    endloop
  endfacet
  facet normal 0 0 -1
    outer loop
      vertex 21.6192 32.5 0.49
      vertex 21.3368 33.7468 0.49
      vertex 21.3507 33.7939 0.49
    endloop
  endfacet
  facet normal 0 0 -1
    outer loop
      vertex 21.6192 32.5 0.49
      vertex 21.3183 33.6832 0.49
      vertex 21.3368 33.7468 0.49
    endloop
  endfacet
  facet normal 0 0 -1
    outer loop
      vertex 21.6192 32.5 0.49
      vertex 21.2953 33.6029 0.49
      vertex 21.3183 33.6832 0.49
    endloop
  endfacet
  facet normal 0 0 -1
    outer loop
      vertex 21.6192 32.5 0.49
      vertex 21.2678 33.506 0.49
      vertex 21.2953 33.6029 0.49
    endloop
  endfacet
  facet normal 0 0 -1
    outer loop
      vertex 21.6192 32.5 0.49
      vertex 21.2358 33.3925 0.49
      vertex 21.2678 33.506 0.49
    endloop
  endfacet
  facet normal 0 0 -1
    outer loop
      vertex 21.6192 32.5 0.49
      vertex 21.1992 33.2624 0.49
      vertex 21.2358 33.3925 0.49
    endloop
  endfacet
  facet normal 0 0 -1
    outer loop
      vertex 21.6192 32.5 0.49
      vertex 21.1581 33.1157 0.49
      vertex 21.1992 33.2624 0.49
    endloop
  endfacet
  facet normal 0 0 -1
    outer loop
      vertex 20.7078 32.5 0.49
      vertex 21.1492 33.1509 0.49
      vertex 21.1581 33.1157 0.49
    endloop
  endfacet
  facet normal -0 0 -1
    outer loop
      vertex 21.1492 33.1509 0.49
      vertex 20.7078 32.5 0.49
      vertex 21.1379 33.193 0.49
    endloop
  endfacet
  facet normal -0 0 -1
    outer loop
      vertex 21.1379 33.193 0.49
      vertex 20.7078 32.5 0.49
      vertex 21.1244 33.2419 0.49
    endloop
  endfacet
  facet normal -0 0 -1
    outer loop
      vertex 21.1244 33.2419 0.49
      vertex 20.7078 32.5 0.49
      vertex 21.1085 33.2977 0.49
    endloop
  endfacet
  facet normal -0 0 -1
    outer loop
      vertex 21.1085 33.2977 0.49
      vertex 20.7078 32.5 0.49
      vertex 21.0903 33.3604 0.49
    endloop
  endfacet
  facet normal -0 0 -1
    outer loop
      vertex 21.0903 33.3604 0.49
      vertex 20.7078 32.5 0.49
      vertex 21.0697 33.4299 0.49
    endloop
  endfacet
  facet normal -0 0 -1
    outer loop
      vertex 21.0697 33.4299 0.49
      vertex 20.7078 32.5 0.49
      vertex 21.0469 33.5063 0.49
    endloop
  endfacet
  facet normal -0 0 -1
    outer loop
      vertex 21.0469 33.5063 0.49
      vertex 20.7078 32.5 0.49
      vertex 21.0135 33.6141 0.49
    endloop
  endfacet
  facet normal -0 0 -1
    outer loop
      vertex 21.0135 33.6141 0.49
      vertex 20.7078 32.5 0.49
      vertex 20.9616 33.7778 0.49
    endloop
  endfacet
  facet normal -0 0 -1
    outer loop
      vertex 20.9616 33.7778 0.49
      vertex 20.7078 32.5 0.49
      vertex 20.8911 33.9974 0.49
    endloop
  endfacet
  facet normal 0 0 -1
    outer loop
      vertex 20.7078 32.5 0.49
      vertex 21.1581 33.1157 0.49
      vertex 21.6192 32.5 0.49
    endloop
  endfacet
  facet normal -0 0 -1
    outer loop
      vertex 20.8911 33.9974 0.49
      vertex 20.7078 32.5 0.49
      vertex 20.802 34.2729 0.49
    endloop
  endfacet
  facet normal 0 0 -1
    outer loop
      vertex 19.6255 35.4349 0.49
      vertex 20.802 34.2729 0.49
      vertex 20.7078 32.5 0.49
    endloop
  endfacet
  facet normal 0 0 -1
    outer loop
      vertex 20.802 34.2729 0.49
      vertex 19.6255 35.4349 0.49
      vertex 20.6942 34.6043 0.49
    endloop
  endfacet
  facet normal 0 0 -1
    outer loop
      vertex 20.6942 34.6043 0.49
      vertex 19.6255 35.4349 0.49
      vertex 20.5679 34.9917 0.49
    endloop
  endfacet
  facet normal 0 0 -1
    outer loop
      vertex 20.5679 34.9917 0.49
      vertex 19.6255 35.4349 0.49
      vertex 20.423 35.4349 0.49
    endloop
  endfacet
  facet normal 0 0 -1
    outer loop
      vertex 24.6907 33.821 0.49
      vertex 23.5461 34.2984 0.49
      vertex 24.6853 34.2984 0.49
    endloop
  endfacet
  facet normal 0 0 -1
    outer loop
      vertex 23.7617 34.8785 0.49
      vertex 23.3569 35.2753 0.49
      vertex 23.4827 35.3523 0.49
    endloop
  endfacet
  facet normal 0 0 -1
    outer loop
      vertex 23.5549 34.3963 0.49
      vertex 23.2433 35.1813 0.49
      vertex 23.3569 35.2753 0.49
    endloop
  endfacet
  facet normal 0 0 -1
    outer loop
      vertex 23.5549 34.3963 0.49
      vertex 23.1419 35.0701 0.49
      vertex 23.2433 35.1813 0.49
    endloop
  endfacet
  facet normal 0 0 -1
    outer loop
      vertex 23.5549 34.3963 0.49
      vertex 23.0534 34.9424 0.49
      vertex 23.1419 35.0701 0.49
    endloop
  endfacet
  facet normal 0 0 -1
    outer loop
      vertex 23.5549 34.3963 0.49
      vertex 22.9785 34.7988 0.49
      vertex 23.0534 34.9424 0.49
    endloop
  endfacet
  facet normal 0 0 -1
    outer loop
      vertex 23.5549 34.3963 0.49
      vertex 22.9172 34.6394 0.49
      vertex 22.9785 34.7988 0.49
    endloop
  endfacet
  facet normal 0 0 -1
    outer loop
      vertex 23.5549 34.3963 0.49
      vertex 22.8695 34.464 0.49
      vertex 22.9172 34.6394 0.49
    endloop
  endfacet
  facet normal 0 0 -1
    outer loop
      vertex 22.8083 33.821 0.49
      vertex 23.5461 34.2984 0.49
      vertex 24.6907 33.821 0.49
    endloop
  endfacet
  facet normal -0 0 -1
    outer loop
      vertex 23.5461 34.2984 0.49
      vertex 22.8355 34.2728 0.49
      vertex 22.8695 34.464 0.49
    endloop
  endfacet
  facet normal 0 0 -1
    outer loop
      vertex 23.5461 34.2984 0.49
      vertex 22.8151 34.0657 0.49
      vertex 22.8355 34.2728 0.49
    endloop
  endfacet
  facet normal 0 0 -1
    outer loop
      vertex 23.5461 34.2984 0.49
      vertex 22.8083 33.821 0.49
      vertex 22.8083 33.8427 0.49
    endloop
  endfacet
  facet normal 0 0 -1
    outer loop
      vertex 23.5461 34.2984 0.49
      vertex 22.8083 33.8427 0.49
      vertex 22.8151 34.0657 0.49
    endloop
  endfacet
  facet normal 0 0 -1
    outer loop
      vertex 24.6907 33.821 0.49
      vertex 25.4909 33.981 0.49
      vertex 25.4837 33.7737 0.49
    endloop
  endfacet
  facet normal 0 0 -1
    outer loop
      vertex 24.6875 33.7028 0.49
      vertex 25.4837 33.7737 0.49
      vertex 25.4619 33.581 0.49
    endloop
  endfacet
  facet normal -0 0 -1
    outer loop
      vertex 25.4909 33.981 0.49
      vertex 24.6907 33.821 0.49
      vertex 25.4836 34.1819 0.49
    endloop
  endfacet
  facet normal 0 0 -1
    outer loop
      vertex 24.6778 33.5932 0.49
      vertex 25.4619 33.581 0.49
      vertex 25.4257 33.403 0.49
    endloop
  endfacet
  facet normal 0 0 -1
    outer loop
      vertex 24.6853 34.2984 0.49
      vertex 25.4836 34.1819 0.49
      vertex 24.6907 33.821 0.49
    endloop
  endfacet
  facet normal 0 0 -1
    outer loop
      vertex 24.6616 33.4922 0.49
      vertex 25.4257 33.403 0.49
      vertex 25.3749 33.2397 0.49
    endloop
  endfacet
  facet normal 0 0 -1
    outer loop
      vertex 25.4836 34.1819 0.49
      vertex 24.6853 34.2984 0.49
      vertex 25.4615 34.369 0.49
    endloop
  endfacet
  facet normal 0 0 -1
    outer loop
      vertex 24.6389 33.3998 0.49
      vertex 25.3749 33.2397 0.49
      vertex 25.3096 33.091 0.49
    endloop
  endfacet
  facet normal 0 0 -1
    outer loop
      vertex 24.6802 34.3914 0.49
      vertex 25.4615 34.369 0.49
      vertex 24.6853 34.2984 0.49
    endloop
  endfacet
  facet normal 0 0 -1
    outer loop
      vertex 24.6098 33.316 0.49
      vertex 25.3096 33.091 0.49
      vertex 25.2299 32.957 0.49
    endloop
  endfacet
  facet normal 0 0 -1
    outer loop
      vertex 25.4615 34.369 0.49
      vertex 24.6802 34.3914 0.49
      vertex 25.4247 34.5423 0.49
    endloop
  endfacet
  facet normal 0 0 -1
    outer loop
      vertex 24.5742 33.2407 0.49
      vertex 25.2299 32.957 0.49
      vertex 25.1356 32.8377 0.49
    endloop
  endfacet
  facet normal 0 0 -1
    outer loop
      vertex 24.6695 34.4784 0.49
      vertex 25.4247 34.5423 0.49
      vertex 24.6802 34.3914 0.49
    endloop
  endfacet
  facet normal 0 0 -1
    outer loop
      vertex 24.5742 33.2407 0.49
      vertex 25.1356 32.8377 0.49
      vertex 25.0278 32.7337 0.49
    endloop
  endfacet
  facet normal -0 0 -1
    outer loop
      vertex 25.4247 34.5423 0.49
      vertex 24.6695 34.4784 0.49
      vertex 25.3731 34.702 0.49
    endloop
  endfacet
  facet normal 0 0 -1
    outer loop
      vertex 24.5321 33.174 0.49
      vertex 25.0278 32.7337 0.49
      vertex 24.9075 32.6457 0.49
    endloop
  endfacet
  facet normal 0 0 -1
    outer loop
      vertex 24.6532 34.5593 0.49
      vertex 25.3731 34.702 0.49
      vertex 24.6695 34.4784 0.49
    endloop
  endfacet
  facet normal 0 0 -1
    outer loop
      vertex 24.484 33.1161 0.49
      vertex 24.9075 32.6457 0.49
      vertex 24.7747 32.5737 0.49
    endloop
  endfacet
  facet normal -0 0 -1
    outer loop
      vertex 25.3731 34.702 0.49
      vertex 24.6532 34.5593 0.49
      vertex 25.3069 34.8479 0.49
    endloop
  endfacet
  facet normal 0 0 -1
    outer loop
      vertex 24.6313 34.634 0.49
      vertex 25.3069 34.8479 0.49
      vertex 24.6532 34.5593 0.49
    endloop
  endfacet
  facet normal -0 0 -1
    outer loop
      vertex 25.4837 33.7737 0.49
      vertex 24.6875 33.7028 0.49
      vertex 24.6907 33.821 0.49
    endloop
  endfacet
  facet normal 0 0 -1
    outer loop
      vertex 25.4619 33.581 0.49
      vertex 24.6778 33.5932 0.49
      vertex 24.6875 33.7028 0.49
    endloop
  endfacet
  facet normal 0 0 -1
    outer loop
      vertex 25.4257 33.403 0.49
      vertex 24.6616 33.4922 0.49
      vertex 24.6778 33.5932 0.49
    endloop
  endfacet
  facet normal 0 0 -1
    outer loop
      vertex 25.3749 33.2397 0.49
      vertex 24.6389 33.3998 0.49
      vertex 24.6616 33.4922 0.49
    endloop
  endfacet
  facet normal 0 0 -1
    outer loop
      vertex 24.4304 33.0671 0.49
      vertex 24.7747 32.5737 0.49
      vertex 24.6294 32.5177 0.49
    endloop
  endfacet
  facet normal 0 0 -1
    outer loop
      vertex 25.3096 33.091 0.49
      vertex 24.6098 33.316 0.49
      vertex 24.6389 33.3998 0.49
    endloop
  endfacet
  facet normal 0 0 -1
    outer loop
      vertex 25.2299 32.957 0.49
      vertex 24.5742 33.2407 0.49
      vertex 24.6098 33.316 0.49
    endloop
  endfacet
  facet normal 0 0 -1
    outer loop
      vertex 25.0278 32.7337 0.49
      vertex 24.5321 33.174 0.49
      vertex 24.5742 33.2407 0.49
    endloop
  endfacet
  facet normal 0 0 -1
    outer loop
      vertex 24.9075 32.6457 0.49
      vertex 24.484 33.1161 0.49
      vertex 24.5321 33.174 0.49
    endloop
  endfacet
  facet normal 0 0 -1
    outer loop
      vertex 24.3714 33.027 0.49
      vertex 24.6294 32.5177 0.49
      vertex 24.4716 32.4778 0.49
    endloop
  endfacet
  facet normal 0 0 -1
    outer loop
      vertex 24.7747 32.5737 0.49
      vertex 24.4304 33.0671 0.49
      vertex 24.484 33.1161 0.49
    endloop
  endfacet
  facet normal 0 0 -1
    outer loop
      vertex 24.6294 32.5177 0.49
      vertex 24.3714 33.027 0.49
      vertex 24.4304 33.0671 0.49
    endloop
  endfacet
  facet normal 0 0 -1
    outer loop
      vertex 24.4716 32.4778 0.49
      vertex 24.3069 32.9958 0.49
      vertex 24.3714 33.027 0.49
    endloop
  endfacet
  facet normal 0 0 -1
    outer loop
      vertex 24.2369 32.9735 0.49
      vertex 24.4716 32.4778 0.49
      vertex 24.3013 32.4538 0.49
    endloop
  endfacet
  facet normal 0 0 -1
    outer loop
      vertex 24.4716 32.4778 0.49
      vertex 24.2369 32.9735 0.49
      vertex 24.3069 32.9958 0.49
    endloop
  endfacet
  facet normal 0 0 -1
    outer loop
      vertex 24.3013 32.4538 0.49
      vertex 24.1614 32.9602 0.49
      vertex 24.2369 32.9735 0.49
    endloop
  endfacet
  facet normal 0 0 -1
    outer loop
      vertex 24.1184 32.4458 0.49
      vertex 24.1614 32.9602 0.49
      vertex 24.3013 32.4538 0.49
    endloop
  endfacet
  facet normal 0 0 -1
    outer loop
      vertex 24.1184 32.4458 0.49
      vertex 24.0804 32.9557 0.49
      vertex 24.1614 32.9602 0.49
    endloop
  endfacet
  facet normal 0 0 -1
    outer loop
      vertex 24.1184 32.4458 0.49
      vertex 23.971 32.9629 0.49
      vertex 24.0804 32.9557 0.49
    endloop
  endfacet
  facet normal 0 0 -1
    outer loop
      vertex 23.8587 32.462 0.49
      vertex 23.971 32.9629 0.49
      vertex 24.1184 32.4458 0.49
    endloop
  endfacet
  facet normal -0 0 -1
    outer loop
      vertex 23.971 32.9629 0.49
      vertex 23.8587 32.462 0.49
      vertex 23.8738 32.9843 0.49
    endloop
  endfacet
  facet normal 0 0 -1
    outer loop
      vertex 23.6253 32.5108 0.49
      vertex 23.8738 32.9843 0.49
      vertex 23.8587 32.462 0.49
    endloop
  endfacet
  facet normal -0 0 -1
    outer loop
      vertex 23.8738 32.9843 0.49
      vertex 23.6253 32.5108 0.49
      vertex 23.7888 33.02 0.49
    endloop
  endfacet
  facet normal 0 0 -1
    outer loop
      vertex 23.4181 32.5922 0.49
      vertex 23.7888 33.02 0.49
      vertex 23.6253 32.5108 0.49
    endloop
  endfacet
  facet normal -0 0 -1
    outer loop
      vertex 23.7888 33.02 0.49
      vertex 23.4181 32.5922 0.49
      vertex 23.716 33.07 0.49
    endloop
  endfacet
  facet normal 0 0 -1
    outer loop
      vertex 23.2371 32.7062 0.49
      vertex 23.716 33.07 0.49
      vertex 23.4181 32.5922 0.49
    endloop
  endfacet
  facet normal -0 0 -1
    outer loop
      vertex 23.716 33.07 0.49
      vertex 23.2371 32.7062 0.49
      vertex 23.6553 33.1342 0.49
    endloop
  endfacet
  facet normal 0 0 -1
    outer loop
      vertex 23.0824 32.8526 0.49
      vertex 23.6553 33.1342 0.49
      vertex 23.2371 32.7062 0.49
    endloop
  endfacet
  facet normal -0 0 -1
    outer loop
      vertex 23.6553 33.1342 0.49
      vertex 23.0824 32.8526 0.49
      vertex 23.6068 33.2128 0.49
    endloop
  endfacet
  facet normal 0 0 -1
    outer loop
      vertex 22.9539 33.0317 0.49
      vertex 23.6068 33.2128 0.49
      vertex 23.0824 32.8526 0.49
    endloop
  endfacet
  facet normal -0 0 -1
    outer loop
      vertex 23.6068 33.2128 0.49
      vertex 22.9539 33.0317 0.49
      vertex 23.5705 33.3056 0.49
    endloop
  endfacet
  facet normal 0 0 -1
    outer loop
      vertex 23.5705 33.3056 0.49
      vertex 22.9539 33.0317 0.49
      vertex 22.8517 33.2432 0.49
    endloop
  endfacet
  facet normal -0 0 -1
    outer loop
      vertex 25.3069 34.8479 0.49
      vertex 24.6313 34.634 0.49
      vertex 25.2259 34.9801 0.49
    endloop
  endfacet
  facet normal 0 0 -1
    outer loop
      vertex 24.6038 34.7027 0.49
      vertex 25.2259 34.9801 0.49
      vertex 24.6313 34.634 0.49
    endloop
  endfacet
  facet normal -0 0 -1
    outer loop
      vertex 25.2259 34.9801 0.49
      vertex 24.6038 34.7027 0.49
      vertex 25.1302 35.0986 0.49
    endloop
  endfacet
  facet normal 0 0 -1
    outer loop
      vertex 24.5707 34.7654 0.49
      vertex 25.1302 35.0986 0.49
      vertex 24.6038 34.7027 0.49
    endloop
  endfacet
  facet normal -0 0 -1
    outer loop
      vertex 25.1302 35.0986 0.49
      vertex 24.5707 34.7654 0.49
      vertex 25.021 35.2022 0.49
    endloop
  endfacet
  facet normal 0 0 -1
    outer loop
      vertex 24.5321 34.8219 0.49
      vertex 25.021 35.2022 0.49
      vertex 24.5707 34.7654 0.49
    endloop
  endfacet
  facet normal -0 0 -1
    outer loop
      vertex 25.021 35.2022 0.49
      vertex 24.5321 34.8219 0.49
      vertex 24.8994 35.2899 0.49
    endloop
  endfacet
  facet normal 0 0 -1
    outer loop
      vertex 24.4881 34.8715 0.49
      vertex 24.8994 35.2899 0.49
      vertex 24.5321 34.8219 0.49
    endloop
  endfacet
  facet normal -0 0 -1
    outer loop
      vertex 24.8994 35.2899 0.49
      vertex 24.4881 34.8715 0.49
      vertex 24.7657 35.3616 0.49
    endloop
  endfacet
  facet normal 0 0 -1
    outer loop
      vertex 24.4391 34.9136 0.49
      vertex 24.7657 35.3616 0.49
      vertex 24.4881 34.8715 0.49
    endloop
  endfacet
  facet normal -0 0 -1
    outer loop
      vertex 24.7657 35.3616 0.49
      vertex 24.4391 34.9136 0.49
      vertex 24.6196 35.4174 0.49
    endloop
  endfacet
  facet normal 0 0 -1
    outer loop
      vertex 24.385 34.948 0.49
      vertex 24.6196 35.4174 0.49
      vertex 24.4391 34.9136 0.49
    endloop
  endfacet
  facet normal -0 0 -1
    outer loop
      vertex 24.6196 35.4174 0.49
      vertex 24.385 34.948 0.49
      vertex 24.4612 35.4573 0.49
    endloop
  endfacet
  facet normal 0 0 -1
    outer loop
      vertex 24.3259 34.9747 0.49
      vertex 24.4612 35.4573 0.49
      vertex 24.385 34.948 0.49
    endloop
  endfacet
  facet normal 0 0 -1
    outer loop
      vertex 24.2618 34.9938 0.49
      vertex 24.4612 35.4573 0.49
      vertex 24.3259 34.9747 0.49
    endloop
  endfacet
  facet normal -0 0 -1
    outer loop
      vertex 24.4612 35.4573 0.49
      vertex 24.2618 34.9938 0.49
      vertex 24.2905 35.4812 0.49
    endloop
  endfacet
  facet normal 0 0 -1
    outer loop
      vertex 24.1926 35.0052 0.49
      vertex 24.2905 35.4812 0.49
      vertex 24.2618 34.9938 0.49
    endloop
  endfacet
  facet normal 0 0 -1
    outer loop
      vertex 24.1076 35.4892 0.49
      vertex 24.1926 35.0052 0.49
      vertex 24.1184 35.0091 0.49
    endloop
  endfacet
  facet normal 0 0 -1
    outer loop
      vertex 24.1926 35.0052 0.49
      vertex 24.1076 35.4892 0.49
      vertex 24.2905 35.4812 0.49
    endloop
  endfacet
  facet normal 0 0 -1
    outer loop
      vertex 24.0484 35.0054 0.49
      vertex 24.1076 35.4892 0.49
      vertex 24.1184 35.0091 0.49
    endloop
  endfacet
  facet normal 0 0 -1
    outer loop
      vertex 23.9331 35.4806 0.49
      vertex 24.0484 35.0054 0.49
      vertex 23.9827 34.9946 0.49
    endloop
  endfacet
  facet normal 0 0 -1
    outer loop
      vertex 24.0484 35.0054 0.49
      vertex 23.9331 35.4806 0.49
      vertex 24.1076 35.4892 0.49
    endloop
  endfacet
  facet normal 0 0 -1
    outer loop
      vertex 23.7708 35.4549 0.49
      vertex 23.9827 34.9946 0.49
      vertex 23.9211 34.9764 0.49
    endloop
  endfacet
  facet normal 0 0 -1
    outer loop
      vertex 23.7708 35.4549 0.49
      vertex 23.9211 34.9764 0.49
      vertex 23.8638 34.951 0.49
    endloop
  endfacet
  facet normal 0 0 -1
    outer loop
      vertex 23.6206 35.4122 0.49
      vertex 23.8638 34.951 0.49
      vertex 23.8106 34.9184 0.49
    endloop
  endfacet
  facet normal 0 0 -1
    outer loop
      vertex 23.9827 34.9946 0.49
      vertex 23.7708 35.4549 0.49
      vertex 23.9331 35.4806 0.49
    endloop
  endfacet
  facet normal 0 0 -1
    outer loop
      vertex 23.4827 35.3523 0.49
      vertex 23.8106 34.9184 0.49
      vertex 23.7617 34.8785 0.49
    endloop
  endfacet
  facet normal 0 0 -1
    outer loop
      vertex 23.3569 35.2753 0.49
      vertex 23.7617 34.8785 0.49
      vertex 23.717 34.8314 0.49
    endloop
  endfacet
  facet normal 0 0 -1
    outer loop
      vertex 23.3569 35.2753 0.49
      vertex 23.717 34.8314 0.49
      vertex 23.677 34.777 0.49
    endloop
  endfacet
  facet normal 0 0 -1
    outer loop
      vertex 23.3569 35.2753 0.49
      vertex 23.677 34.777 0.49
      vertex 23.6421 34.7154 0.49
    endloop
  endfacet
  facet normal 0 0 -1
    outer loop
      vertex 23.8638 34.951 0.49
      vertex 23.6206 35.4122 0.49
      vertex 23.7708 35.4549 0.49
    endloop
  endfacet
  facet normal 0 0 -1
    outer loop
      vertex 23.3569 35.2753 0.49
      vertex 23.6421 34.7154 0.49
      vertex 23.6125 34.6465 0.49
    endloop
  endfacet
  facet normal 0 0 -1
    outer loop
      vertex 23.3569 35.2753 0.49
      vertex 23.6125 34.6465 0.49
      vertex 23.5881 34.5703 0.49
    endloop
  endfacet
  facet normal 0 0 -1
    outer loop
      vertex 23.3569 35.2753 0.49
      vertex 23.5881 34.5703 0.49
      vertex 23.5689 34.4869 0.49
    endloop
  endfacet
  facet normal 0 0 -1
    outer loop
      vertex 23.3569 35.2753 0.49
      vertex 23.5689 34.4869 0.49
      vertex 23.5549 34.3963 0.49
    endloop
  endfacet
  facet normal 0 0 -1
    outer loop
      vertex 22.8695 34.464 0.49
      vertex 23.5549 34.3963 0.49
      vertex 23.5461 34.2984 0.49
    endloop
  endfacet
  facet normal 0 0 -1
    outer loop
      vertex 23.8106 34.9184 0.49
      vertex 23.4827 35.3523 0.49
      vertex 23.6206 35.4122 0.49
    endloop
  endfacet
  facet normal 0.100712 0.994916 -0
    outer loop
      vertex 41.3661 32.4513 0
      vertex 41.2031 32.4678 0.49
      vertex 41.3661 32.4513 0.49
    endloop
  endfacet
  facet normal 0.100712 0.994916 0
    outer loop
      vertex 41.2031 32.4678 0.49
      vertex 41.3661 32.4513 0
      vertex 41.2031 32.4678 0
    endloop
  endfacet
  facet normal 0.173497 0.984834 -0
    outer loop
      vertex 41.2031 32.4678 0
      vertex 41.047 32.4953 0.49
      vertex 41.2031 32.4678 0.49
    endloop
  endfacet
  facet normal 0.173497 0.984834 0
    outer loop
      vertex 41.047 32.4953 0.49
      vertex 41.2031 32.4678 0
      vertex 41.047 32.4953 0
    endloop
  endfacet
  facet normal 0.25094 0.968003 -0
    outer loop
      vertex 41.047 32.4953 0
      vertex 40.8981 32.5339 0.49
      vertex 41.047 32.4953 0.49
    endloop
  endfacet
  facet normal 0.25094 0.968003 0
    outer loop
      vertex 40.8981 32.5339 0.49
      vertex 41.047 32.4953 0
      vertex 40.8981 32.5339 0
    endloop
  endfacet
  facet normal 0.329758 0.944065 -0
    outer loop
      vertex 40.8981 32.5339 0
      vertex 40.7561 32.5835 0.49
      vertex 40.8981 32.5339 0.49
    endloop
  endfacet
  facet normal 0.329758 0.944065 0
    outer loop
      vertex 40.7561 32.5835 0.49
      vertex 40.8981 32.5339 0
      vertex 40.7561 32.5835 0
    endloop
  endfacet
  facet normal 0.409211 0.91244 -0
    outer loop
      vertex 40.7561 32.5835 0
      vertex 40.6212 32.644 0.49
      vertex 40.7561 32.5835 0.49
    endloop
  endfacet
  facet normal 0.409211 0.91244 0
    outer loop
      vertex 40.6212 32.644 0.49
      vertex 40.7561 32.5835 0
      vertex 40.6212 32.644 0
    endloop
  endfacet
  facet normal 0.488479 0.872576 -0
    outer loop
      vertex 40.6212 32.644 0
      vertex 40.4933 32.7156 0.49
      vertex 40.6212 32.644 0.49
    endloop
  endfacet
  facet normal 0.488479 0.872576 0
    outer loop
      vertex 40.4933 32.7156 0.49
      vertex 40.6212 32.644 0
      vertex 40.4933 32.7156 0
    endloop
  endfacet
  facet normal 0.568069 0.822981 -0
    outer loop
      vertex 40.4933 32.7156 0
      vertex 40.3732 32.7985 0.49
      vertex 40.4933 32.7156 0.49
    endloop
  endfacet
  facet normal 0.568069 0.822981 0
    outer loop
      vertex 40.3732 32.7985 0.49
      vertex 40.4933 32.7156 0
      vertex 40.3732 32.7985 0
    endloop
  endfacet
  facet normal 0.646218 0.763153 -0
    outer loop
      vertex 40.3732 32.7985 0
      vertex 40.2616 32.893 0.49
      vertex 40.3732 32.7985 0.49
    endloop
  endfacet
  facet normal 0.646218 0.763153 0
    outer loop
      vertex 40.2616 32.893 0.49
      vertex 40.3732 32.7985 0
      vertex 40.2616 32.893 0
    endloop
  endfacet
  facet normal 0.717521 0.696537 0
    outer loop
      vertex 40.2616 32.893 0.49
      vertex 40.1587 32.999 0
      vertex 40.1587 32.999 0.49
    endloop
  endfacet
  facet normal 0.717521 0.696537 0
    outer loop
      vertex 40.1587 32.999 0
      vertex 40.2616 32.893 0.49
      vertex 40.2616 32.893 0
    endloop
  endfacet
  facet normal 0.779833 0.625988 0
    outer loop
      vertex 40.1587 32.999 0.49
      vertex 40.0643 33.1166 0
      vertex 40.0643 33.1166 0.49
    endloop
  endfacet
  facet normal 0.779833 0.625988 0
    outer loop
      vertex 40.0643 33.1166 0
      vertex 40.1587 32.999 0.49
      vertex 40.1587 32.999 0
    endloop
  endfacet
  facet normal 0.833338 0.552764 0
    outer loop
      vertex 40.0643 33.1166 0.49
      vertex 39.9786 33.2458 0
      vertex 39.9786 33.2458 0.49
    endloop
  endfacet
  facet normal 0.833338 0.552764 0
    outer loop
      vertex 39.9786 33.2458 0
      vertex 40.0643 33.1166 0.49
      vertex 40.0643 33.1166 0
    endloop
  endfacet
  facet normal 0.876846 0.480771 0
    outer loop
      vertex 39.9786 33.2458 0.49
      vertex 39.9014 33.3866 0
      vertex 39.9014 33.3866 0.49
    endloop
  endfacet
  facet normal 0.876846 0.480771 0
    outer loop
      vertex 39.9014 33.3866 0
      vertex 39.9786 33.2458 0.49
      vertex 39.9786 33.2458 0
    endloop
  endfacet
  facet normal 0.911776 0.410688 0
    outer loop
      vertex 39.9014 33.3866 0.49
      vertex 39.8328 33.5389 0
      vertex 39.8328 33.5389 0.49
    endloop
  endfacet
  facet normal 0.911776 0.410688 0
    outer loop
      vertex 39.8328 33.5389 0
      vertex 39.9014 33.3866 0.49
      vertex 39.9014 33.3866 0
    endloop
  endfacet
  facet normal 0.353108 -0.935582 0
    outer loop
      vertex 39.8328 33.5389 0
      vertex 40.5299 33.802 0.49
      vertex 39.8328 33.5389 0.49
    endloop
  endfacet
  facet normal 0.353108 -0.935582 0
    outer loop
      vertex 40.5299 33.802 0.49
      vertex 39.8328 33.5389 0
      vertex 40.5299 33.802 0
    endloop
  endfacet
  facet normal -0.906938 -0.421263 0
    outer loop
      vertex 40.6195 33.6091 0
      vertex 40.5299 33.802 0.49
      vertex 40.5299 33.802 0
    endloop
  endfacet
  facet normal -0.906938 -0.421263 0
    outer loop
      vertex 40.5299 33.802 0.49
      vertex 40.6195 33.6091 0
      vertex 40.6195 33.6091 0.49
    endloop
  endfacet
  facet normal -0.834638 -0.550799 0
    outer loop
      vertex 40.7272 33.4459 0
      vertex 40.6195 33.6091 0.49
      vertex 40.6195 33.6091 0
    endloop
  endfacet
  facet normal -0.834638 -0.550799 0
    outer loop
      vertex 40.6195 33.6091 0.49
      vertex 40.7272 33.4459 0
      vertex 40.7272 33.4459 0.49
    endloop
  endfacet
  facet normal -0.728056 -0.685518 0
    outer loop
      vertex 40.8529 33.3124 0
      vertex 40.7272 33.4459 0.49
      vertex 40.7272 33.4459 0
    endloop
  endfacet
  facet normal -0.728056 -0.685518 0
    outer loop
      vertex 40.7272 33.4459 0.49
      vertex 40.8529 33.3124 0
      vertex 40.8529 33.3124 0.49
    endloop
  endfacet
  facet normal -0.585552 -0.810635 0
    outer loop
      vertex 40.8529 33.3124 0
      vertex 40.9966 33.2086 0.49
      vertex 40.8529 33.3124 0.49
    endloop
  endfacet
  facet normal -0.585552 -0.810635 -0
    outer loop
      vertex 40.9966 33.2086 0.49
      vertex 40.8529 33.3124 0
      vertex 40.9966 33.2086 0
    endloop
  endfacet
  facet normal -0.416848 -0.908976 0
    outer loop
      vertex 40.9966 33.2086 0
      vertex 41.1584 33.1344 0.49
      vertex 40.9966 33.2086 0.49
    endloop
  endfacet
  facet normal -0.416848 -0.908976 -0
    outer loop
      vertex 41.1584 33.1344 0.49
      vertex 40.9966 33.2086 0
      vertex 41.1584 33.1344 0
    endloop
  endfacet
  facet normal -0.240123 -0.970743 0
    outer loop
      vertex 41.1584 33.1344 0
      vertex 41.3383 33.0899 0.49
      vertex 41.1584 33.1344 0.49
    endloop
  endfacet
  facet normal -0.240123 -0.970743 -0
    outer loop
      vertex 41.3383 33.0899 0.49
      vertex 41.1584 33.1344 0
      vertex 41.3383 33.0899 0
    endloop
  endfacet
  facet normal -0.0750781 -0.997178 0
    outer loop
      vertex 41.3383 33.0899 0
      vertex 41.5362 33.075 0.49
      vertex 41.3383 33.0899 0.49
    endloop
  endfacet
  facet normal -0.0750781 -0.997178 -0
    outer loop
      vertex 41.5362 33.075 0.49
      vertex 41.3383 33.0899 0
      vertex 41.5362 33.075 0
    endloop
  endfacet
  facet normal 0.0470924 -0.998891 0
    outer loop
      vertex 41.5362 33.075 0
      vertex 41.6868 33.0821 0.49
      vertex 41.5362 33.075 0.49
    endloop
  endfacet
  facet normal 0.0470924 -0.998891 0
    outer loop
      vertex 41.6868 33.0821 0.49
      vertex 41.5362 33.075 0
      vertex 41.6868 33.0821 0
    endloop
  endfacet
  facet normal 0.150412 -0.988623 0
    outer loop
      vertex 41.6868 33.0821 0
      vertex 41.8268 33.1034 0.49
      vertex 41.6868 33.0821 0.49
    endloop
  endfacet
  facet normal 0.150412 -0.988623 0
    outer loop
      vertex 41.8268 33.1034 0.49
      vertex 41.6868 33.0821 0
      vertex 41.8268 33.1034 0
    endloop
  endfacet
  facet normal 0.263495 -0.964661 0
    outer loop
      vertex 41.8268 33.1034 0
      vertex 41.9564 33.1388 0.49
      vertex 41.8268 33.1034 0.49
    endloop
  endfacet
  facet normal 0.263495 -0.964661 0
    outer loop
      vertex 41.9564 33.1388 0.49
      vertex 41.8268 33.1034 0
      vertex 41.9564 33.1388 0
    endloop
  endfacet
  facet normal 0.384175 -0.92326 0
    outer loop
      vertex 41.9564 33.1388 0
      vertex 42.0756 33.1884 0.49
      vertex 41.9564 33.1388 0.49
    endloop
  endfacet
  facet normal 0.384175 -0.92326 0
    outer loop
      vertex 42.0756 33.1884 0.49
      vertex 41.9564 33.1388 0
      vertex 42.0756 33.1884 0
    endloop
  endfacet
  facet normal 0.506188 -0.862423 0
    outer loop
      vertex 42.0756 33.1884 0
      vertex 42.1843 33.2522 0.49
      vertex 42.0756 33.1884 0.49
    endloop
  endfacet
  facet normal 0.506188 -0.862423 0
    outer loop
      vertex 42.1843 33.2522 0.49
      vertex 42.0756 33.1884 0
      vertex 42.1843 33.2522 0
    endloop
  endfacet
  facet normal 0.621479 -0.783431 0
    outer loop
      vertex 42.1843 33.2522 0
      vertex 42.2825 33.3301 0.49
      vertex 42.1843 33.2522 0.49
    endloop
  endfacet
  facet normal 0.621479 -0.783431 0
    outer loop
      vertex 42.2825 33.3301 0.49
      vertex 42.1843 33.2522 0
      vertex 42.2825 33.3301 0
    endloop
  endfacet
  facet normal 0.723801 -0.690008 0
    outer loop
      vertex 42.2825 33.3301 0.49
      vertex 42.3703 33.4222 0
      vertex 42.3703 33.4222 0.49
    endloop
  endfacet
  facet normal 0.723801 -0.690008 0
    outer loop
      vertex 42.3703 33.4222 0
      vertex 42.2825 33.3301 0.49
      vertex 42.2825 33.3301 0
    endloop
  endfacet
  facet normal 0.809465 -0.587169 0
    outer loop
      vertex 42.3703 33.4222 0.49
      vertex 42.4469 33.5278 0
      vertex 42.4469 33.5278 0.49
    endloop
  endfacet
  facet normal 0.809465 -0.587169 0
    outer loop
      vertex 42.4469 33.5278 0
      vertex 42.3703 33.4222 0.49
      vertex 42.3703 33.4222 0
    endloop
  endfacet
  facet normal 0.876732 -0.48098 0
    outer loop
      vertex 42.4469 33.5278 0.49
      vertex 42.5118 33.6461 0
      vertex 42.5118 33.6461 0.49
    endloop
  endfacet
  facet normal 0.876732 -0.48098 0
    outer loop
      vertex 42.5118 33.6461 0
      vertex 42.4469 33.5278 0.49
      vertex 42.4469 33.5278 0
    endloop
  endfacet
  facet normal 0.927005 -0.375048 0
    outer loop
      vertex 42.5118 33.6461 0.49
      vertex 42.5648 33.7771 0
      vertex 42.5648 33.7771 0.49
    endloop
  endfacet
  facet normal 0.927005 -0.375048 0
    outer loop
      vertex 42.5648 33.7771 0
      vertex 42.5118 33.6461 0.49
      vertex 42.5118 33.6461 0
    endloop
  endfacet
  facet normal 0.961145 -0.276045 0
    outer loop
      vertex 42.5648 33.7771 0.49
      vertex 42.6061 33.9209 0
      vertex 42.6061 33.9209 0.49
    endloop
  endfacet
  facet normal 0.961145 -0.276045 0
    outer loop
      vertex 42.6061 33.9209 0
      vertex 42.5648 33.7771 0.49
      vertex 42.5648 33.7771 0
    endloop
  endfacet
  facet normal 0.982694 -0.185236 0
    outer loop
      vertex 42.6061 33.9209 0.49
      vertex 42.6356 34.0774 0
      vertex 42.6356 34.0774 0.49
    endloop
  endfacet
  facet normal 0.982694 -0.185236 0
    outer loop
      vertex 42.6356 34.0774 0
      vertex 42.6061 33.9209 0.49
      vertex 42.6061 33.9209 0
    endloop
  endfacet
  facet normal 0.994573 -0.104042 0
    outer loop
      vertex 42.6356 34.0774 0.49
      vertex 42.6533 34.2466 0
      vertex 42.6533 34.2466 0.49
    endloop
  endfacet
  facet normal 0.994573 -0.104042 0
    outer loop
      vertex 42.6533 34.2466 0
      vertex 42.6356 34.0774 0.49
      vertex 42.6356 34.0774 0
    endloop
  endfacet
  facet normal 0.999475 -0.0324006 0
    outer loop
      vertex 42.6533 34.2466 0.49
      vertex 42.6592 34.4286 0
      vertex 42.6592 34.4286 0.49
    endloop
  endfacet
  facet normal 0.999475 -0.0324006 0
    outer loop
      vertex 42.6592 34.4286 0
      vertex 42.6533 34.2466 0.49
      vertex 42.6533 34.2466 0
    endloop
  endfacet
  facet normal 0.999475 0.0324033 0
    outer loop
      vertex 42.6592 34.4286 0.49
      vertex 42.6534 34.6075 0
      vertex 42.6534 34.6075 0.49
    endloop
  endfacet
  facet normal 0.999475 0.0324033 0
    outer loop
      vertex 42.6534 34.6075 0
      vertex 42.6592 34.4286 0.49
      vertex 42.6592 34.4286 0
    endloop
  endfacet
  facet normal 0.994681 0.103001 0
    outer loop
      vertex 42.6534 34.6075 0.49
      vertex 42.6362 34.7736 0
      vertex 42.6362 34.7736 0.49
    endloop
  endfacet
  facet normal 0.994681 0.103001 0
    outer loop
      vertex 42.6362 34.7736 0
      vertex 42.6534 34.6075 0.49
      vertex 42.6534 34.6075 0
    endloop
  endfacet
  facet normal 0.98306 0.183282 0
    outer loop
      vertex 42.6362 34.7736 0.49
      vertex 42.6076 34.927 0
      vertex 42.6076 34.927 0.49
    endloop
  endfacet
  facet normal 0.98306 0.183282 0
    outer loop
      vertex 42.6076 34.927 0
      vertex 42.6362 34.7736 0.49
      vertex 42.6362 34.7736 0
    endloop
  endfacet
  facet normal 0.961653 0.274269 0
    outer loop
      vertex 42.6076 34.927 0.49
      vertex 42.5675 35.0676 0
      vertex 42.5675 35.0676 0.49
    endloop
  endfacet
  facet normal 0.961653 0.274269 0
    outer loop
      vertex 42.5675 35.0676 0
      vertex 42.6076 34.927 0.49
      vertex 42.6076 34.927 0
    endloop
  endfacet
  facet normal 0.927373 0.374139 0
    outer loop
      vertex 42.5675 35.0676 0.49
      vertex 42.5159 35.1955 0
      vertex 42.5159 35.1955 0.49
    endloop
  endfacet
  facet normal 0.927373 0.374139 0
    outer loop
      vertex 42.5159 35.1955 0
      vertex 42.5675 35.0676 0.49
      vertex 42.5675 35.0676 0
    endloop
  endfacet
  facet normal 0.877371 0.479812 0
    outer loop
      vertex 42.5159 35.1955 0.49
      vertex 42.4529 35.3107 0
      vertex 42.4529 35.3107 0.49
    endloop
  endfacet
  facet normal 0.877371 0.479812 0
    outer loop
      vertex 42.4529 35.3107 0
      vertex 42.5159 35.1955 0.49
      vertex 42.5159 35.1955 0
    endloop
  endfacet
  facet normal 0.808907 0.587937 0
    outer loop
      vertex 42.4529 35.3107 0.49
      vertex 42.3784 35.4132 0
      vertex 42.3784 35.4132 0.49
    endloop
  endfacet
  facet normal 0.808907 0.587937 0
    outer loop
      vertex 42.3784 35.4132 0
      vertex 42.4529 35.3107 0.49
      vertex 42.4529 35.3107 0
    endloop
  endfacet
  facet normal 0.721921 0.691976 0
    outer loop
      vertex 42.3784 35.4132 0.49
      vertex 42.2929 35.5024 0
      vertex 42.2929 35.5024 0.49
    endloop
  endfacet
  facet normal 0.721921 0.691976 0
    outer loop
      vertex 42.2929 35.5024 0
      vertex 42.3784 35.4132 0.49
      vertex 42.3784 35.4132 0
    endloop
  endfacet
  facet normal 0.617388 0.786659 -0
    outer loop
      vertex 42.2929 35.5024 0
      vertex 42.1967 35.5779 0.49
      vertex 42.2929 35.5024 0.49
    endloop
  endfacet
  facet normal 0.617388 0.786659 0
    outer loop
      vertex 42.1967 35.5779 0.49
      vertex 42.2929 35.5024 0
      vertex 42.1967 35.5779 0
    endloop
  endfacet
  facet normal 0.500143 0.865943 -0
    outer loop
      vertex 42.1967 35.5779 0
      vertex 42.0897 35.6397 0.49
      vertex 42.1967 35.5779 0.49
    endloop
  endfacet
  facet normal 0.500143 0.865943 0
    outer loop
      vertex 42.0897 35.6397 0.49
      vertex 42.1967 35.5779 0
      vertex 42.0897 35.6397 0
    endloop
  endfacet
  facet normal 0.378572 0.925572 -0
    outer loop
      vertex 42.0897 35.6397 0
      vertex 41.9721 35.6878 0.49
      vertex 42.0897 35.6397 0.49
    endloop
  endfacet
  facet normal 0.378572 0.925572 0
    outer loop
      vertex 41.9721 35.6878 0.49
      vertex 42.0897 35.6397 0
      vertex 41.9721 35.6878 0
    endloop
  endfacet
  facet normal 0.258272 0.966072 -0
    outer loop
      vertex 41.9721 35.6878 0
      vertex 41.8438 35.7221 0.49
      vertex 41.9721 35.6878 0.49
    endloop
  endfacet
  facet normal 0.258272 0.966072 0
    outer loop
      vertex 41.8438 35.7221 0.49
      vertex 41.9721 35.6878 0
      vertex 41.8438 35.7221 0
    endloop
  endfacet
  facet normal 0.146704 0.989181 -0
    outer loop
      vertex 41.8438 35.7221 0
      vertex 41.7049 35.7427 0.49
      vertex 41.8438 35.7221 0.49
    endloop
  endfacet
  facet normal 0.146704 0.989181 0
    outer loop
      vertex 41.7049 35.7427 0.49
      vertex 41.8438 35.7221 0
      vertex 41.7049 35.7427 0
    endloop
  endfacet
  facet normal 0.0460433 0.998939 -0
    outer loop
      vertex 41.7049 35.7427 0
      vertex 41.5552 35.7496 0.49
      vertex 41.7049 35.7427 0.49
    endloop
  endfacet
  facet normal 0.0460433 0.998939 0
    outer loop
      vertex 41.5552 35.7496 0.49
      vertex 41.7049 35.7427 0
      vertex 41.5552 35.7496 0
    endloop
  endfacet
  facet normal -0.0351189 0.999383 0
    outer loop
      vertex 41.5552 35.7496 0
      vertex 41.4556 35.7461 0.49
      vertex 41.5552 35.7496 0.49
    endloop
  endfacet
  facet normal -0.0351189 0.999383 0
    outer loop
      vertex 41.4556 35.7461 0.49
      vertex 41.5552 35.7496 0
      vertex 41.4556 35.7461 0
    endloop
  endfacet
  facet normal -0.107925 0.994159 0
    outer loop
      vertex 41.4556 35.7461 0
      vertex 41.3598 35.7357 0.49
      vertex 41.4556 35.7461 0.49
    endloop
  endfacet
  facet normal -0.107925 0.994159 0
    outer loop
      vertex 41.3598 35.7357 0.49
      vertex 41.4556 35.7461 0
      vertex 41.3598 35.7357 0
    endloop
  endfacet
  facet normal -0.184804 0.982775 0
    outer loop
      vertex 41.3598 35.7357 0
      vertex 41.2678 35.7184 0.49
      vertex 41.3598 35.7357 0.49
    endloop
  endfacet
  facet normal -0.184804 0.982775 0
    outer loop
      vertex 41.2678 35.7184 0.49
      vertex 41.3598 35.7357 0
      vertex 41.2678 35.7184 0
    endloop
  endfacet
  facet normal -0.264597 0.964359 0
    outer loop
      vertex 41.2678 35.7184 0
      vertex 41.1796 35.6942 0.49
      vertex 41.2678 35.7184 0.49
    endloop
  endfacet
  facet normal -0.264597 0.964359 0
    outer loop
      vertex 41.1796 35.6942 0.49
      vertex 41.2678 35.7184 0
      vertex 41.1796 35.6942 0
    endloop
  endfacet
  facet normal -0.346118 0.938191 0
    outer loop
      vertex 41.1796 35.6942 0
      vertex 41.0953 35.6631 0.49
      vertex 41.1796 35.6942 0.49
    endloop
  endfacet
  facet normal -0.346118 0.938191 0
    outer loop
      vertex 41.0953 35.6631 0.49
      vertex 41.1796 35.6942 0
      vertex 41.0953 35.6631 0
    endloop
  endfacet
  facet normal -0.427797 0.903875 0
    outer loop
      vertex 41.0953 35.6631 0
      vertex 41.0148 35.625 0.49
      vertex 41.0953 35.6631 0.49
    endloop
  endfacet
  facet normal -0.427797 0.903875 0
    outer loop
      vertex 41.0148 35.625 0.49
      vertex 41.0953 35.6631 0
      vertex 41.0148 35.625 0
    endloop
  endfacet
  facet normal -0.506037 0.862512 0
    outer loop
      vertex 41.0148 35.625 0
      vertex 40.9381 35.58 0.49
      vertex 41.0148 35.625 0.49
    endloop
  endfacet
  facet normal -0.506037 0.862512 0
    outer loop
      vertex 40.9381 35.58 0.49
      vertex 41.0148 35.625 0
      vertex 40.9381 35.58 0
    endloop
  endfacet
  facet normal -0.580265 0.814428 0
    outer loop
      vertex 40.9381 35.58 0
      vertex 40.8668 35.5292 0.49
      vertex 40.9381 35.58 0.49
    endloop
  endfacet
  facet normal -0.580265 0.814428 0
    outer loop
      vertex 40.8668 35.5292 0.49
      vertex 40.9381 35.58 0
      vertex 40.8668 35.5292 0
    endloop
  endfacet
  facet normal -0.655334 0.75534 0
    outer loop
      vertex 40.8668 35.5292 0
      vertex 40.8026 35.4735 0.49
      vertex 40.8668 35.5292 0.49
    endloop
  endfacet
  facet normal -0.655334 0.75534 0
    outer loop
      vertex 40.8026 35.4735 0.49
      vertex 40.8668 35.5292 0
      vertex 40.8026 35.4735 0
    endloop
  endfacet
  facet normal -0.726079 0.687611 0
    outer loop
      vertex 40.7454 35.4131 0
      vertex 40.8026 35.4735 0.49
      vertex 40.8026 35.4735 0
    endloop
  endfacet
  facet normal -0.726079 0.687611 0
    outer loop
      vertex 40.8026 35.4735 0.49
      vertex 40.7454 35.4131 0
      vertex 40.7454 35.4131 0.49
    endloop
  endfacet
  facet normal -0.792804 0.609476 0
    outer loop
      vertex 40.6952 35.3478 0
      vertex 40.7454 35.4131 0.49
      vertex 40.7454 35.4131 0
    endloop
  endfacet
  facet normal -0.792804 0.609476 0
    outer loop
      vertex 40.7454 35.4131 0.49
      vertex 40.6952 35.3478 0
      vertex 40.6952 35.3478 0.49
    endloop
  endfacet
  facet normal -0.851325 0.524639 0
    outer loop
      vertex 40.652 35.2777 0
      vertex 40.6952 35.3478 0.49
      vertex 40.6952 35.3478 0
    endloop
  endfacet
  facet normal -0.851325 0.524639 0
    outer loop
      vertex 40.6952 35.3478 0.49
      vertex 40.652 35.2777 0
      vertex 40.652 35.2777 0.49
    endloop
  endfacet
  facet normal -0.901054 0.433707 0
    outer loop
      vertex 40.6159 35.2027 0
      vertex 40.652 35.2777 0.49
      vertex 40.652 35.2777 0
    endloop
  endfacet
  facet normal -0.901054 0.433707 0
    outer loop
      vertex 40.652 35.2777 0.49
      vertex 40.6159 35.2027 0
      vertex 40.6159 35.2027 0.49
    endloop
  endfacet
  facet normal -0.939725 0.341932 0
    outer loop
      vertex 40.5869 35.123 0
      vertex 40.6159 35.2027 0.49
      vertex 40.6159 35.2027 0
    endloop
  endfacet
  facet normal -0.939725 0.341932 0
    outer loop
      vertex 40.6159 35.2027 0.49
      vertex 40.5869 35.123 0
      vertex 40.5869 35.123 0.49
    endloop
  endfacet
  facet normal 0.26343 0.964679 -0
    outer loop
      vertex 40.5869 35.123 0
      vertex 39.8816 35.3156 0.49
      vertex 40.5869 35.123 0.49
    endloop
  endfacet
  facet normal 0.26343 0.964679 0
    outer loop
      vertex 39.8816 35.3156 0.49
      vertex 40.5869 35.123 0
      vertex 39.8816 35.3156 0
    endloop
  endfacet
  facet normal 0.936782 -0.349914 0
    outer loop
      vertex 39.8816 35.3156 0.49
      vertex 39.9355 35.4599 0
      vertex 39.9355 35.4599 0.49
    endloop
  endfacet
  facet normal 0.936782 -0.349914 0
    outer loop
      vertex 39.9355 35.4599 0
      vertex 39.8816 35.3156 0.49
      vertex 39.8816 35.3156 0
    endloop
  endfacet
  facet normal 0.901701 -0.432359 0
    outer loop
      vertex 39.9355 35.4599 0.49
      vertex 39.9998 35.594 0
      vertex 39.9998 35.594 0.49
    endloop
  endfacet
  facet normal 0.901701 -0.432359 0
    outer loop
      vertex 39.9998 35.594 0
      vertex 39.9355 35.4599 0.49
      vertex 39.9355 35.4599 0
    endloop
  endfacet
  facet normal 0.85633 -0.516429 0
    outer loop
      vertex 39.9998 35.594 0.49
      vertex 40.0744 35.7177 0
      vertex 40.0744 35.7177 0.49
    endloop
  endfacet
  facet normal 0.85633 -0.516429 0
    outer loop
      vertex 40.0744 35.7177 0
      vertex 39.9998 35.594 0.49
      vertex 39.9998 35.594 0
    endloop
  endfacet
  facet normal 0.800254 -0.599661 0
    outer loop
      vertex 40.0744 35.7177 0.49
      vertex 40.1593 35.831 0
      vertex 40.1593 35.831 0.49
    endloop
  endfacet
  facet normal 0.800254 -0.599661 0
    outer loop
      vertex 40.1593 35.831 0
      vertex 40.0744 35.7177 0.49
      vertex 40.0744 35.7177 0
    endloop
  endfacet
  facet normal 0.734721 -0.678369 0
    outer loop
      vertex 40.1593 35.831 0.49
      vertex 40.2544 35.934 0
      vertex 40.2544 35.934 0.49
    endloop
  endfacet
  facet normal 0.734721 -0.678369 0
    outer loop
      vertex 40.2544 35.934 0
      vertex 40.1593 35.831 0.49
      vertex 40.1593 35.831 0
    endloop
  endfacet
  facet normal 0.660066 -0.751208 0
    outer loop
      vertex 40.2544 35.934 0
      vertex 40.3599 36.0267 0.49
      vertex 40.2544 35.934 0.49
    endloop
  endfacet
  facet normal 0.660066 -0.751208 0
    outer loop
      vertex 40.3599 36.0267 0.49
      vertex 40.2544 35.934 0
      vertex 40.3599 36.0267 0
    endloop
  endfacet
  facet normal 0.57917 -0.815207 0
    outer loop
      vertex 40.3599 36.0267 0
      vertex 40.4756 36.1089 0.49
      vertex 40.3599 36.0267 0.49
    endloop
  endfacet
  facet normal 0.57917 -0.815207 0
    outer loop
      vertex 40.4756 36.1089 0.49
      vertex 40.3599 36.0267 0
      vertex 40.4756 36.1089 0
    endloop
  endfacet
  facet normal 0.494578 -0.869133 0
    outer loop
      vertex 40.4756 36.1089 0
      vertex 40.6016 36.1806 0.49
      vertex 40.4756 36.1089 0.49
    endloop
  endfacet
  facet normal 0.494578 -0.869133 0
    outer loop
      vertex 40.6016 36.1806 0.49
      vertex 40.4756 36.1089 0
      vertex 40.6016 36.1806 0
    endloop
  endfacet
  facet normal 0.406512 -0.913645 0
    outer loop
      vertex 40.6016 36.1806 0
      vertex 40.7378 36.2412 0.49
      vertex 40.6016 36.1806 0.49
    endloop
  endfacet
  facet normal 0.406512 -0.913645 0
    outer loop
      vertex 40.7378 36.2412 0.49
      vertex 40.6016 36.1806 0
      vertex 40.7378 36.2412 0
    endloop
  endfacet
  facet normal 0.320301 -0.947316 0
    outer loop
      vertex 40.7378 36.2412 0
      vertex 40.8842 36.2907 0.49
      vertex 40.7378 36.2412 0.49
    endloop
  endfacet
  facet normal 0.320301 -0.947316 0
    outer loop
      vertex 40.8842 36.2907 0.49
      vertex 40.7378 36.2412 0
      vertex 40.8842 36.2907 0
    endloop
  endfacet
  facet normal 0.239469 -0.970904 0
    outer loop
      vertex 40.8842 36.2907 0
      vertex 41.0407 36.3293 0.49
      vertex 40.8842 36.2907 0.49
    endloop
  endfacet
  facet normal 0.239469 -0.970904 0
    outer loop
      vertex 41.0407 36.3293 0.49
      vertex 40.8842 36.2907 0
      vertex 41.0407 36.3293 0
    endloop
  endfacet
  facet normal 0.162672 -0.98668 0
    outer loop
      vertex 41.0407 36.3293 0
      vertex 41.2075 36.3568 0.49
      vertex 41.0407 36.3293 0.49
    endloop
  endfacet
  facet normal 0.162672 -0.98668 0
    outer loop
      vertex 41.2075 36.3568 0.49
      vertex 41.0407 36.3293 0
      vertex 41.2075 36.3568 0
    endloop
  endfacet
  facet normal 0.0934279 -0.995626 0
    outer loop
      vertex 41.2075 36.3568 0
      vertex 41.3844 36.3734 0.49
      vertex 41.2075 36.3568 0.49
    endloop
  endfacet
  facet normal 0.0934279 -0.995626 0
    outer loop
      vertex 41.3844 36.3734 0.49
      vertex 41.2075 36.3568 0
      vertex 41.3844 36.3734 0
    endloop
  endfacet
  facet normal 0.0293834 -0.999568 0
    outer loop
      vertex 41.3844 36.3734 0
      vertex 41.5715 36.3789 0.49
      vertex 41.3844 36.3734 0.49
    endloop
  endfacet
  facet normal 0.0293834 -0.999568 0
    outer loop
      vertex 41.5715 36.3789 0.49
      vertex 41.3844 36.3734 0
      vertex 41.5715 36.3789 0
    endloop
  endfacet
  facet normal -0.0404226 -0.999183 0
    outer loop
      vertex 41.5715 36.3789 0
      vertex 41.8261 36.3686 0.49
      vertex 41.5715 36.3789 0.49
    endloop
  endfacet
  facet normal -0.0404226 -0.999183 -0
    outer loop
      vertex 41.8261 36.3686 0.49
      vertex 41.5715 36.3789 0
      vertex 41.8261 36.3686 0
    endloop
  endfacet
  facet normal -0.129447 -0.991586 0
    outer loop
      vertex 41.8261 36.3686 0
      vertex 42.0628 36.3377 0.49
      vertex 41.8261 36.3686 0.49
    endloop
  endfacet
  facet normal -0.129447 -0.991586 -0
    outer loop
      vertex 42.0628 36.3377 0.49
      vertex 41.8261 36.3686 0
      vertex 42.0628 36.3377 0
    endloop
  endfacet
  facet normal -0.228915 -0.973446 0
    outer loop
      vertex 42.0628 36.3377 0
      vertex 42.2818 36.2862 0.49
      vertex 42.0628 36.3377 0.49
    endloop
  endfacet
  facet normal -0.228915 -0.973446 -0
    outer loop
      vertex 42.2818 36.2862 0.49
      vertex 42.0628 36.3377 0
      vertex 42.2818 36.2862 0
    endloop
  endfacet
  facet normal -0.337493 -0.941328 0
    outer loop
      vertex 42.2818 36.2862 0
      vertex 42.4829 36.2141 0.49
      vertex 42.2818 36.2862 0.49
    endloop
  endfacet
  facet normal -0.337493 -0.941328 -0
    outer loop
      vertex 42.4829 36.2141 0.49
      vertex 42.2818 36.2862 0
      vertex 42.4829 36.2141 0
    endloop
  endfacet
  facet normal -0.450911 -0.892569 0
    outer loop
      vertex 42.4829 36.2141 0
      vertex 42.6662 36.1215 0.49
      vertex 42.4829 36.2141 0.49
    endloop
  endfacet
  facet normal -0.450911 -0.892569 -0
    outer loop
      vertex 42.6662 36.1215 0.49
      vertex 42.4829 36.2141 0
      vertex 42.6662 36.1215 0
    endloop
  endfacet
  facet normal -0.565131 -0.825001 0
    outer loop
      vertex 42.6662 36.1215 0
      vertex 42.8316 36.0082 0.49
      vertex 42.6662 36.1215 0.49
    endloop
  endfacet
  facet normal -0.565131 -0.825001 -0
    outer loop
      vertex 42.8316 36.0082 0.49
      vertex 42.6662 36.1215 0
      vertex 42.8316 36.0082 0
    endloop
  endfacet
  facet normal -0.671373 -0.74112 0
    outer loop
      vertex 42.8316 36.0082 0
      vertex 42.9793 35.8744 0.49
      vertex 42.8316 36.0082 0.49
    endloop
  endfacet
  facet normal -0.671373 -0.74112 -0
    outer loop
      vertex 42.9793 35.8744 0.49
      vertex 42.8316 36.0082 0
      vertex 42.9793 35.8744 0
    endloop
  endfacet
  facet normal -0.765222 -0.643766 0
    outer loop
      vertex 43.1081 35.7213 0
      vertex 42.9793 35.8744 0.49
      vertex 42.9793 35.8744 0
    endloop
  endfacet
  facet normal -0.765222 -0.643766 0
    outer loop
      vertex 42.9793 35.8744 0.49
      vertex 43.1081 35.7213 0
      vertex 43.1081 35.7213 0.49
    endloop
  endfacet
  facet normal -0.843113 -0.537737 0
    outer loop
      vertex 43.2171 35.5504 0
      vertex 43.1081 35.7213 0.49
      vertex 43.1081 35.7213 0
    endloop
  endfacet
  facet normal -0.843113 -0.537737 0
    outer loop
      vertex 43.1081 35.7213 0.49
      vertex 43.2171 35.5504 0
      vertex 43.2171 35.5504 0.49
    endloop
  endfacet
  facet normal -0.904079 -0.427365 0
    outer loop
      vertex 43.3063 35.3617 0
      vertex 43.2171 35.5504 0.49
      vertex 43.2171 35.5504 0
    endloop
  endfacet
  facet normal -0.904079 -0.427365 0
    outer loop
      vertex 43.2171 35.5504 0.49
      vertex 43.3063 35.3617 0
      vertex 43.3063 35.3617 0.49
    endloop
  endfacet
  facet normal -0.948039 -0.318155 0
    outer loop
      vertex 43.3756 35.1552 0
      vertex 43.3063 35.3617 0.49
      vertex 43.3063 35.3617 0
    endloop
  endfacet
  facet normal -0.948039 -0.318155 0
    outer loop
      vertex 43.3063 35.3617 0.49
      vertex 43.3756 35.1552 0
      vertex 43.3756 35.1552 0.49
    endloop
  endfacet
  facet normal -0.976432 -0.215825 0
    outer loop
      vertex 43.4252 34.9308 0
      vertex 43.3756 35.1552 0.49
      vertex 43.3756 35.1552 0
    endloop
  endfacet
  facet normal -0.976432 -0.215825 0
    outer loop
      vertex 43.3756 35.1552 0.49
      vertex 43.4252 34.9308 0
      vertex 43.4252 34.9308 0.49
    endloop
  endfacet
  facet normal -0.992565 -0.121714 0
    outer loop
      vertex 43.4549 34.6886 0
      vertex 43.4252 34.9308 0.49
      vertex 43.4252 34.9308 0
    endloop
  endfacet
  facet normal -0.992565 -0.121714 0
    outer loop
      vertex 43.4252 34.9308 0.49
      vertex 43.4549 34.6886 0
      vertex 43.4549 34.6886 0.49
    endloop
  endfacet
  facet normal -0.999276 -0.0380494 0
    outer loop
      vertex 43.4648 34.4286 0
      vertex 43.4549 34.6886 0.49
      vertex 43.4549 34.6886 0
    endloop
  endfacet
  facet normal -0.999276 -0.0380494 0
    outer loop
      vertex 43.4549 34.6886 0.49
      vertex 43.4648 34.4286 0
      vertex 43.4648 34.4286 0.49
    endloop
  endfacet
  facet normal -0.999214 0.03963 0
    outer loop
      vertex 43.4545 34.1689 0
      vertex 43.4648 34.4286 0.49
      vertex 43.4648 34.4286 0
    endloop
  endfacet
  facet normal -0.999214 0.03963 0
    outer loop
      vertex 43.4648 34.4286 0.49
      vertex 43.4545 34.1689 0
      vertex 43.4545 34.1689 0.49
    endloop
  endfacet
  facet normal -0.992037 0.125947 0
    outer loop
      vertex 43.4237 33.9263 0
      vertex 43.4545 34.1689 0.49
      vertex 43.4545 34.1689 0
    endloop
  endfacet
  facet normal -0.992037 0.125947 0
    outer loop
      vertex 43.4545 34.1689 0.49
      vertex 43.4237 33.9263 0
      vertex 43.4237 33.9263 0.49
    endloop
  endfacet
  facet normal -0.975129 0.22164 0
    outer loop
      vertex 43.3724 33.7006 0
      vertex 43.4237 33.9263 0.49
      vertex 43.4237 33.9263 0
    endloop
  endfacet
  facet normal -0.975129 0.22164 0
    outer loop
      vertex 43.4237 33.9263 0.49
      vertex 43.3724 33.7006 0
      vertex 43.3724 33.7006 0.49
    endloop
  endfacet
  facet normal -0.945416 0.325865 0
    outer loop
      vertex 43.3005 33.492 0
      vertex 43.3724 33.7006 0.49
      vertex 43.3724 33.7006 0
    endloop
  endfacet
  facet normal -0.945416 0.325865 0
    outer loop
      vertex 43.3724 33.7006 0.49
      vertex 43.3005 33.492 0
      vertex 43.3005 33.492 0.49
    endloop
  endfacet
  facet normal -0.900818 0.434197 0
    outer loop
      vertex 43.2081 33.3003 0
      vertex 43.3005 33.492 0.49
      vertex 43.3005 33.492 0
    endloop
  endfacet
  facet normal -0.900818 0.434197 0
    outer loop
      vertex 43.3005 33.492 0.49
      vertex 43.2081 33.3003 0
      vertex 43.2081 33.3003 0.49
    endloop
  endfacet
  facet normal -0.83966 0.543112 0
    outer loop
      vertex 43.0951 33.1256 0
      vertex 43.2081 33.3003 0.49
      vertex 43.2081 33.3003 0
    endloop
  endfacet
  facet normal -0.83966 0.543112 0
    outer loop
      vertex 43.2081 33.3003 0.49
      vertex 43.0951 33.1256 0
      vertex 43.0951 33.1256 0.49
    endloop
  endfacet
  facet normal -0.763478 0.645834 0
    outer loop
      vertex 42.9617 32.9679 0
      vertex 43.0951 33.1256 0.49
      vertex 43.0951 33.1256 0
    endloop
  endfacet
  facet normal -0.763478 0.645834 0
    outer loop
      vertex 43.0951 33.1256 0.49
      vertex 42.9617 32.9679 0
      vertex 42.9617 32.9679 0.49
    endloop
  endfacet
  facet normal -0.672552 0.74005 0
    outer loop
      vertex 42.9617 32.9679 0
      vertex 42.8093 32.8294 0.49
      vertex 42.9617 32.9679 0.49
    endloop
  endfacet
  facet normal -0.672552 0.74005 0
    outer loop
      vertex 42.8093 32.8294 0.49
      vertex 42.9617 32.9679 0
      vertex 42.8093 32.8294 0
    endloop
  endfacet
  facet normal -0.568958 0.822367 0
    outer loop
      vertex 42.8093 32.8294 0
      vertex 42.6399 32.7122 0.49
      vertex 42.8093 32.8294 0.49
    endloop
  endfacet
  facet normal -0.568958 0.822367 0
    outer loop
      vertex 42.6399 32.7122 0.49
      vertex 42.8093 32.8294 0
      vertex 42.6399 32.7122 0
    endloop
  endfacet
  facet normal -0.457294 0.889316 0
    outer loop
      vertex 42.6399 32.7122 0
      vertex 42.4534 32.6163 0.49
      vertex 42.6399 32.7122 0.49
    endloop
  endfacet
  facet normal -0.457294 0.889316 0
    outer loop
      vertex 42.4534 32.6163 0.49
      vertex 42.6399 32.7122 0
      vertex 42.4534 32.6163 0
    endloop
  endfacet
  facet normal -0.343889 0.93901 0
    outer loop
      vertex 42.4534 32.6163 0
      vertex 42.2497 32.5417 0.49
      vertex 42.4534 32.6163 0.49
    endloop
  endfacet
  facet normal -0.343889 0.93901 0
    outer loop
      vertex 42.2497 32.5417 0.49
      vertex 42.4534 32.6163 0
      vertex 42.2497 32.5417 0
    endloop
  endfacet
  facet normal -0.234755 0.972054 0
    outer loop
      vertex 42.2497 32.5417 0
      vertex 42.029 32.4884 0.49
      vertex 42.2497 32.5417 0.49
    endloop
  endfacet
  facet normal -0.234755 0.972054 0
    outer loop
      vertex 42.029 32.4884 0.49
      vertex 42.2497 32.5417 0
      vertex 42.029 32.4884 0
    endloop
  endfacet
  facet normal -0.133365 0.991067 0
    outer loop
      vertex 42.029 32.4884 0
      vertex 41.7912 32.4564 0.49
      vertex 42.029 32.4884 0.49
    endloop
  endfacet
  facet normal -0.133365 0.991067 0
    outer loop
      vertex 41.7912 32.4564 0.49
      vertex 42.029 32.4884 0
      vertex 41.7912 32.4564 0
    endloop
  endfacet
  facet normal -0.0415328 0.999137 0
    outer loop
      vertex 41.7912 32.4564 0
      vertex 41.5362 32.4458 0.49
      vertex 41.7912 32.4564 0.49
    endloop
  endfacet
  facet normal -0.0415328 0.999137 0
    outer loop
      vertex 41.5362 32.4458 0.49
      vertex 41.7912 32.4564 0
      vertex 41.5362 32.4458 0
    endloop
  endfacet
  facet normal 0.032317 0.999478 -0
    outer loop
      vertex 41.5362 32.4458 0
      vertex 41.3661 32.4513 0.49
      vertex 41.5362 32.4458 0.49
    endloop
  endfacet
  facet normal 0.032317 0.999478 0
    outer loop
      vertex 41.3661 32.4513 0.49
      vertex 41.5362 32.4458 0
      vertex 41.3661 32.4513 0
    endloop
  endfacet
  facet normal 0 -1 0
    outer loop
      vertex 49.2484 33.1184 0
      vertex 51.5649 33.1184 0.49
      vertex 49.2484 33.1184 0.49
    endloop
  endfacet
  facet normal 0 -1 -0
    outer loop
      vertex 51.5649 33.1184 0.49
      vertex 49.2484 33.1184 0
      vertex 51.5649 33.1184 0
    endloop
  endfacet
  facet normal 1 -0 0
    outer loop
      vertex 51.5649 33.1184 0.49
      vertex 51.5649 34.1248 0
      vertex 51.5649 34.1248 0.49
    endloop
  endfacet
  facet normal 1 0 0
    outer loop
      vertex 51.5649 34.1248 0
      vertex 51.5649 33.1184 0.49
      vertex 51.5649 33.1184 0
    endloop
  endfacet
  facet normal 0 1 -0
    outer loop
      vertex 51.5649 34.1248 0
      vertex 49.5251 34.1248 0.49
      vertex 51.5649 34.1248 0.49
    endloop
  endfacet
  facet normal 0 1 0
    outer loop
      vertex 49.5251 34.1248 0.49
      vertex 51.5649 34.1248 0
      vertex 49.5251 34.1248 0
    endloop
  endfacet
  facet normal 1 -0 0
    outer loop
      vertex 49.5251 34.1248 0.49
      vertex 49.5251 34.7432 0
      vertex 49.5251 34.7432 0.49
    endloop
  endfacet
  facet normal 1 0 0
    outer loop
      vertex 49.5251 34.7432 0
      vertex 49.5251 34.1248 0.49
      vertex 49.5251 34.1248 0
    endloop
  endfacet
  facet normal 0 -1 0
    outer loop
      vertex 49.5251 34.7432 0
      vertex 51.5649 34.7432 0.49
      vertex 49.5251 34.7432 0.49
    endloop
  endfacet
  facet normal 0 -1 -0
    outer loop
      vertex 51.5649 34.7432 0.49
      vertex 49.5251 34.7432 0
      vertex 51.5649 34.7432 0
    endloop
  endfacet
  facet normal 1 -0 0
    outer loop
      vertex 51.5649 34.7432 0.49
      vertex 51.5649 35.7035 0
      vertex 51.5649 35.7035 0.49
    endloop
  endfacet
  facet normal 1 0 0
    outer loop
      vertex 51.5649 35.7035 0
      vertex 51.5649 34.7432 0.49
      vertex 51.5649 34.7432 0
    endloop
  endfacet
  facet normal 0 1 -0
    outer loop
      vertex 51.5649 35.7035 0
      vertex 49.3596 35.7035 0.49
      vertex 51.5649 35.7035 0.49
    endloop
  endfacet
  facet normal 0 1 0
    outer loop
      vertex 49.3596 35.7035 0.49
      vertex 51.5649 35.7035 0
      vertex 49.3596 35.7035 0
    endloop
  endfacet
  facet normal 1 -0 0
    outer loop
      vertex 49.3596 35.7035 0.49
      vertex 49.3596 36.3219 0
      vertex 49.3596 36.3219 0.49
    endloop
  endfacet
  facet normal 1 0 0
    outer loop
      vertex 49.3596 36.3219 0
      vertex 49.3596 35.7035 0.49
      vertex 49.3596 35.7035 0
    endloop
  endfacet
  facet normal 0 -1 0
    outer loop
      vertex 49.3596 36.3219 0
      vertex 52.3651 36.3219 0.49
      vertex 49.3596 36.3219 0.49
    endloop
  endfacet
  facet normal 0 -1 -0
    outer loop
      vertex 52.3651 36.3219 0.49
      vertex 49.3596 36.3219 0
      vertex 52.3651 36.3219 0
    endloop
  endfacet
  facet normal -1 0 0
    outer loop
      vertex 52.3651 32.5 0
      vertex 52.3651 36.3219 0.49
      vertex 52.3651 36.3219 0
    endloop
  endfacet
  facet normal -1 -0 0
    outer loop
      vertex 52.3651 36.3219 0.49
      vertex 52.3651 32.5 0
      vertex 52.3651 32.5 0.49
    endloop
  endfacet
  facet normal 0 1 -0
    outer loop
      vertex 52.3651 32.5 0
      vertex 49.2484 32.5 0.49
      vertex 52.3651 32.5 0.49
    endloop
  endfacet
  facet normal 0 1 0
    outer loop
      vertex 49.2484 32.5 0.49
      vertex 52.3651 32.5 0
      vertex 49.2484 32.5 0
    endloop
  endfacet
  facet normal 1 -0 0
    outer loop
      vertex 49.2484 32.5 0.49
      vertex 49.2484 33.1184 0
      vertex 49.2484 33.1184 0.49
    endloop
  endfacet
  facet normal 1 0 0
    outer loop
      vertex 49.2484 33.1184 0
      vertex 49.2484 32.5 0.49
      vertex 49.2484 32.5 0
    endloop
  endfacet
  facet normal 0 1 -0
    outer loop
      vertex 17.0897 33.4765 0
      vertex 15.6331 33.4765 0.49
      vertex 17.0897 33.4765 0.49
    endloop
  endfacet
  facet normal 0 1 0
    outer loop
      vertex 15.6331 33.4765 0.49
      vertex 17.0897 33.4765 0
      vertex 15.6331 33.4765 0
    endloop
  endfacet
  facet normal -0.944662 0.328044 0
    outer loop
      vertex 15.294 32.5 0
      vertex 15.6331 33.4765 0.49
      vertex 15.6331 33.4765 0
    endloop
  endfacet
  facet normal -0.944662 0.328044 0
    outer loop
      vertex 15.6331 33.4765 0.49
      vertex 15.294 32.5 0
      vertex 15.294 32.5 0.49
    endloop
  endfacet
  facet normal 0 1 -0
    outer loop
      vertex 15.294 32.5 0
      vertex 14.502 32.5 0.49
      vertex 15.294 32.5 0.49
    endloop
  endfacet
  facet normal 0 1 0
    outer loop
      vertex 14.502 32.5 0.49
      vertex 15.294 32.5 0
      vertex 14.502 32.5 0
    endloop
  endfacet
  facet normal 0.939871 -0.34153 0
    outer loop
      vertex 14.502 32.5 0.49
      vertex 15.8908 36.3219 0
      vertex 15.8908 36.3219 0.49
    endloop
  endfacet
  facet normal 0.939871 -0.34153 0
    outer loop
      vertex 15.8908 36.3219 0
      vertex 14.502 32.5 0.49
      vertex 14.502 32.5 0
    endloop
  endfacet
  facet normal 0 -1 0
    outer loop
      vertex 15.8908 36.3219 0
      vertex 16.8347 36.3219 0.49
      vertex 15.8908 36.3219 0.49
    endloop
  endfacet
  facet normal 0 -1 -0
    outer loop
      vertex 16.8347 36.3219 0.49
      vertex 15.8908 36.3219 0
      vertex 16.8347 36.3219 0
    endloop
  endfacet
  facet normal -0.939436 -0.342724 0
    outer loop
      vertex 18.229 32.5 0
      vertex 16.8347 36.3219 0.49
      vertex 16.8347 36.3219 0
    endloop
  endfacet
  facet normal -0.939436 -0.342724 0
    outer loop
      vertex 16.8347 36.3219 0.49
      vertex 18.229 32.5 0
      vertex 18.229 32.5 0.49
    endloop
  endfacet
  facet normal 0 1 -0
    outer loop
      vertex 18.229 32.5 0
      vertex 17.4288 32.5 0.49
      vertex 18.229 32.5 0.49
    endloop
  endfacet
  facet normal 0 1 0
    outer loop
      vertex 17.4288 32.5 0.49
      vertex 18.229 32.5 0
      vertex 17.4288 32.5 0
    endloop
  endfacet
  facet normal 0.944662 0.328044 0
    outer loop
      vertex 17.4288 32.5 0.49
      vertex 17.0897 33.4765 0
      vertex 17.0897 33.4765 0.49
    endloop
  endfacet
  facet normal 0.944662 0.328044 0
    outer loop
      vertex 17.0897 33.4765 0
      vertex 17.4288 32.5 0.49
      vertex 17.4288 32.5 0
    endloop
  endfacet
  facet normal 0.945839 0.324636 0
    outer loop
      vertex 16.9107 34.0787 0.49
      vertex 16.7962 34.4123 0
      vertex 16.7962 34.4123 0.49
    endloop
  endfacet
  facet normal 0.945839 0.324636 0
    outer loop
      vertex 16.7962 34.4123 0
      vertex 16.9107 34.0787 0.49
      vertex 16.9107 34.0787 0
    endloop
  endfacet
  facet normal 0.946087 0.323912 0
    outer loop
      vertex 16.7962 34.4123 0.49
      vertex 16.6977 34.7 0
      vertex 16.6977 34.7 0.49
    endloop
  endfacet
  facet normal 0.946087 0.323912 0
    outer loop
      vertex 16.6977 34.7 0
      vertex 16.7962 34.4123 0.49
      vertex 16.7962 34.4123 0
    endloop
  endfacet
  facet normal 0.94635 0.323144 0
    outer loop
      vertex 16.6977 34.7 0.49
      vertex 16.6151 34.9419 0
      vertex 16.6151 34.9419 0.49
    endloop
  endfacet
  facet normal 0.94635 0.323144 0
    outer loop
      vertex 16.6151 34.9419 0
      vertex 16.6977 34.7 0.49
      vertex 16.6977 34.7 0
    endloop
  endfacet
  facet normal 0.946734 0.322015 0
    outer loop
      vertex 16.6151 34.9419 0.49
      vertex 16.5484 35.138 0
      vertex 16.5484 35.138 0.49
    endloop
  endfacet
  facet normal 0.946734 0.322015 0
    outer loop
      vertex 16.5484 35.138 0
      vertex 16.6151 34.9419 0.49
      vertex 16.6151 34.9419 0
    endloop
  endfacet
  facet normal 0.947478 0.319821 0
    outer loop
      vertex 16.5484 35.138 0.49
      vertex 16.4977 35.2882 0
      vertex 16.4977 35.2882 0.49
    endloop
  endfacet
  facet normal 0.947478 0.319821 0
    outer loop
      vertex 16.4977 35.2882 0
      vertex 16.5484 35.138 0.49
      vertex 16.5484 35.138 0
    endloop
  endfacet
  facet normal 0.948956 0.31541 0
    outer loop
      vertex 16.4977 35.2882 0.49
      vertex 16.463 35.3926 0
      vertex 16.463 35.3926 0.49
    endloop
  endfacet
  facet normal 0.948956 0.31541 0
    outer loop
      vertex 16.463 35.3926 0
      vertex 16.4977 35.2882 0.49
      vertex 16.4977 35.2882 0
    endloop
  endfacet
  facet normal 0.952197 0.305483 0
    outer loop
      vertex 16.463 35.3926 0.49
      vertex 16.4442 35.4512 0
      vertex 16.4442 35.4512 0.49
    endloop
  endfacet
  facet normal 0.952197 0.305483 0
    outer loop
      vertex 16.4442 35.4512 0
      vertex 16.463 35.3926 0.49
      vertex 16.463 35.3926 0
    endloop
  endfacet
  facet normal 0.956542 0.291595 0
    outer loop
      vertex 16.4442 35.4512 0.49
      vertex 16.4335 35.4863 0
      vertex 16.4335 35.4863 0.49
    endloop
  endfacet
  facet normal 0.956542 0.291595 0
    outer loop
      vertex 16.4335 35.4863 0
      vertex 16.4442 35.4512 0.49
      vertex 16.4442 35.4512 0
    endloop
  endfacet
  facet normal 0.957826 0.287348 0
    outer loop
      vertex 16.4335 35.4863 0.49
      vertex 16.4233 35.5203 0
      vertex 16.4233 35.5203 0.49
    endloop
  endfacet
  facet normal 0.957826 0.287348 0
    outer loop
      vertex 16.4233 35.5203 0
      vertex 16.4335 35.4863 0.49
      vertex 16.4335 35.4863 0
    endloop
  endfacet
  facet normal 0.95918 0.282798 0
    outer loop
      vertex 16.4233 35.5203 0.49
      vertex 16.4136 35.5532 0
      vertex 16.4136 35.5532 0.49
    endloop
  endfacet
  facet normal 0.95918 0.282798 0
    outer loop
      vertex 16.4136 35.5532 0
      vertex 16.4233 35.5203 0.49
      vertex 16.4233 35.5203 0
    endloop
  endfacet
  facet normal 0.959558 0.281511 0
    outer loop
      vertex 16.4136 35.5532 0.49
      vertex 16.4043 35.5849 0
      vertex 16.4043 35.5849 0.49
    endloop
  endfacet
  facet normal 0.959558 0.281511 0
    outer loop
      vertex 16.4043 35.5849 0
      vertex 16.4136 35.5532 0.49
      vertex 16.4136 35.5532 0
    endloop
  endfacet
  facet normal 0.960454 0.278438 0
    outer loop
      vertex 16.4043 35.5849 0.49
      vertex 16.3954 35.6156 0
      vertex 16.3954 35.6156 0.49
    endloop
  endfacet
  facet normal 0.960454 0.278438 0
    outer loop
      vertex 16.3954 35.6156 0
      vertex 16.4043 35.5849 0.49
      vertex 16.4043 35.5849 0
    endloop
  endfacet
  facet normal 0.962013 0.273004 0
    outer loop
      vertex 16.3954 35.6156 0.49
      vertex 16.387 35.6452 0
      vertex 16.387 35.6452 0.49
    endloop
  endfacet
  facet normal 0.962013 0.273004 0
    outer loop
      vertex 16.387 35.6452 0
      vertex 16.3954 35.6156 0.49
      vertex 16.3954 35.6156 0
    endloop
  endfacet
  facet normal 0.96254 0.271138 0
    outer loop
      vertex 16.387 35.6452 0.49
      vertex 16.379 35.6736 0
      vertex 16.379 35.6736 0.49
    endloop
  endfacet
  facet normal 0.96254 0.271138 0
    outer loop
      vertex 16.379 35.6736 0
      vertex 16.387 35.6452 0.49
      vertex 16.387 35.6452 0
    endloop
  endfacet
  facet normal 0.965099 0.261886 0
    outer loop
      vertex 16.379 35.6736 0.49
      vertex 16.3628 35.7333 0
      vertex 16.3628 35.7333 0.49
    endloop
  endfacet
  facet normal 0.965099 0.261886 0
    outer loop
      vertex 16.3628 35.7333 0
      vertex 16.379 35.6736 0.49
      vertex 16.379 35.6736 0
    endloop
  endfacet
  facet normal -0.956637 0.291284 0
    outer loop
      vertex 16.3058 35.5461 0
      vertex 16.3628 35.7333 0.49
      vertex 16.3628 35.7333 0
    endloop
  endfacet
  facet normal -0.956637 0.291284 0
    outer loop
      vertex 16.3628 35.7333 0.49
      vertex 16.3058 35.5461 0
      vertex 16.3058 35.5461 0.49
    endloop
  endfacet
  facet normal -0.953505 0.301379 0
    outer loop
      vertex 16.1892 35.1772 0
      vertex 16.3058 35.5461 0.49
      vertex 16.3058 35.5461 0
    endloop
  endfacet
  facet normal -0.953505 0.301379 0
    outer loop
      vertex 16.3058 35.5461 0.49
      vertex 16.1892 35.1772 0
      vertex 16.1892 35.1772 0.49
    endloop
  endfacet
  facet normal -0.945821 0.324688 0
    outer loop
      vertex 15.8121 34.0787 0
      vertex 16.1892 35.1772 0.49
      vertex 16.1892 35.1772 0
    endloop
  endfacet
  facet normal -0.945821 0.324688 0
    outer loop
      vertex 16.1892 35.1772 0.49
      vertex 15.8121 34.0787 0
      vertex 15.8121 34.0787 0.49
    endloop
  endfacet
  facet normal 0 -1 0
    outer loop
      vertex 15.8121 34.0787 0
      vertex 16.9107 34.0787 0.49
      vertex 15.8121 34.0787 0.49
    endloop
  endfacet
  facet normal 0 -1 -0
    outer loop
      vertex 16.9107 34.0787 0.49
      vertex 15.8121 34.0787 0
      vertex 16.9107 34.0787 0
    endloop
  endfacet
  facet normal 0 -1 0
    outer loop
      vertex 29.3202 33.1184 0
      vertex 31.3708 33.1184 0.49
      vertex 29.3202 33.1184 0.49
    endloop
  endfacet
  facet normal 0 -1 -0
    outer loop
      vertex 31.3708 33.1184 0.49
      vertex 29.3202 33.1184 0
      vertex 31.3708 33.1184 0
    endloop
  endfacet
  facet normal 1 -0 0
    outer loop
      vertex 31.3708 33.1184 0.49
      vertex 31.3708 36.3219 0
      vertex 31.3708 36.3219 0.49
    endloop
  endfacet
  facet normal 1 0 0
    outer loop
      vertex 31.3708 36.3219 0
      vertex 31.3708 33.1184 0.49
      vertex 31.3708 33.1184 0
    endloop
  endfacet
  facet normal 0 -1 0
    outer loop
      vertex 31.3708 36.3219 0
      vertex 32.171 36.3219 0.49
      vertex 31.3708 36.3219 0.49
    endloop
  endfacet
  facet normal 0 -1 -0
    outer loop
      vertex 32.171 36.3219 0.49
      vertex 31.3708 36.3219 0
      vertex 32.171 36.3219 0
    endloop
  endfacet
  facet normal -1 0 0
    outer loop
      vertex 32.171 32.5 0
      vertex 32.171 36.3219 0.49
      vertex 32.171 36.3219 0
    endloop
  endfacet
  facet normal -1 -0 0
    outer loop
      vertex 32.171 36.3219 0.49
      vertex 32.171 32.5 0
      vertex 32.171 32.5 0.49
    endloop
  endfacet
  facet normal 0 1 -0
    outer loop
      vertex 32.171 32.5 0
      vertex 29.3202 32.5 0.49
      vertex 32.171 32.5 0.49
    endloop
  endfacet
  facet normal 0 1 0
    outer loop
      vertex 29.3202 32.5 0.49
      vertex 32.171 32.5 0
      vertex 29.3202 32.5 0
    endloop
  endfacet
  facet normal 1 -0 0
    outer loop
      vertex 29.3202 32.5 0.49
      vertex 29.3202 33.1184 0
      vertex 29.3202 33.1184 0.49
    endloop
  endfacet
  facet normal 1 0 0
    outer loop
      vertex 29.3202 33.1184 0
      vertex 29.3202 32.5 0.49
      vertex 29.3202 32.5 0
    endloop
  endfacet
  facet normal 0 1 -0
    outer loop
      vertex 35.2888 33.9512 0
      vertex 34.3503 33.9512 0.49
      vertex 35.2888 33.9512 0.49
    endloop
  endfacet
  facet normal 0 1 0
    outer loop
      vertex 34.3503 33.9512 0.49
      vertex 35.2888 33.9512 0
      vertex 34.3503 33.9512 0
    endloop
  endfacet
  facet normal -0.853241 0.521517 0
    outer loop
      vertex 33.4633 32.5 0
      vertex 34.3503 33.9512 0.49
      vertex 34.3503 33.9512 0
    endloop
  endfacet
  facet normal -0.853241 0.521517 0
    outer loop
      vertex 34.3503 33.9512 0.49
      vertex 33.4633 32.5 0
      vertex 33.4633 32.5 0.49
    endloop
  endfacet
  facet normal 0 1 -0
    outer loop
      vertex 33.4633 32.5 0
      vertex 32.5628 32.5 0.49
      vertex 33.4633 32.5 0.49
    endloop
  endfacet
  facet normal 0 1 0
    outer loop
      vertex 32.5628 32.5 0.49
      vertex 33.4633 32.5 0
      vertex 32.5628 32.5 0
    endloop
  endfacet
  facet normal 0.840916 -0.541165 0
    outer loop
      vertex 32.5628 32.5 0.49
      vertex 33.5962 34.1058 0
      vertex 33.5962 34.1058 0.49
    endloop
  endfacet
  facet normal 0.840916 -0.541165 0
    outer loop
      vertex 33.5962 34.1058 0
      vertex 32.5628 32.5 0.49
      vertex 32.5628 32.5 0
    endloop
  endfacet
  facet normal 0.272119 0.962264 -0
    outer loop
      vertex 33.5962 34.1058 0
      vertex 33.4887 34.1362 0.49
      vertex 33.5962 34.1058 0.49
    endloop
  endfacet
  facet normal 0.272119 0.962264 0
    outer loop
      vertex 33.4887 34.1362 0.49
      vertex 33.5962 34.1058 0
      vertex 33.4887 34.1362 0
    endloop
  endfacet
  facet normal 0.356687 0.934224 -0
    outer loop
      vertex 33.4887 34.1362 0
      vertex 33.3876 34.1748 0.49
      vertex 33.4887 34.1362 0.49
    endloop
  endfacet
  facet normal 0.356687 0.934224 0
    outer loop
      vertex 33.3876 34.1748 0.49
      vertex 33.4887 34.1362 0
      vertex 33.3876 34.1748 0
    endloop
  endfacet
  facet normal 0.443412 0.896318 -0
    outer loop
      vertex 33.3876 34.1748 0
      vertex 33.2932 34.2215 0.49
      vertex 33.3876 34.1748 0.49
    endloop
  endfacet
  facet normal 0.443412 0.896318 0
    outer loop
      vertex 33.2932 34.2215 0.49
      vertex 33.3876 34.1748 0
      vertex 33.2932 34.2215 0
    endloop
  endfacet
  facet normal 0.528611 0.848864 -0
    outer loop
      vertex 33.2932 34.2215 0
      vertex 33.2052 34.2763 0.49
      vertex 33.2932 34.2215 0.49
    endloop
  endfacet
  facet normal 0.528611 0.848864 0
    outer loop
      vertex 33.2052 34.2763 0.49
      vertex 33.2932 34.2215 0
      vertex 33.2052 34.2763 0
    endloop
  endfacet
  facet normal 0.612056 0.790815 -0
    outer loop
      vertex 33.2052 34.2763 0
      vertex 33.1238 34.3393 0.49
      vertex 33.2052 34.2763 0.49
    endloop
  endfacet
  facet normal 0.612056 0.790815 0
    outer loop
      vertex 33.1238 34.3393 0.49
      vertex 33.2052 34.2763 0
      vertex 33.1238 34.3393 0
    endloop
  endfacet
  facet normal 0.688469 0.725265 -0
    outer loop
      vertex 33.1238 34.3393 0
      vertex 33.0489 34.4104 0.49
      vertex 33.1238 34.3393 0.49
    endloop
  endfacet
  facet normal 0.688469 0.725265 0
    outer loop
      vertex 33.0489 34.4104 0.49
      vertex 33.1238 34.3393 0
      vertex 33.0489 34.4104 0
    endloop
  endfacet
  facet normal 0.756823 0.65362 0
    outer loop
      vertex 33.0489 34.4104 0.49
      vertex 32.9805 34.4896 0
      vertex 32.9805 34.4896 0.49
    endloop
  endfacet
  facet normal 0.756823 0.65362 0
    outer loop
      vertex 32.9805 34.4896 0
      vertex 33.0489 34.4104 0.49
      vertex 33.0489 34.4104 0
    endloop
  endfacet
  facet normal 0.816756 0.576983 0
    outer loop
      vertex 32.9805 34.4896 0.49
      vertex 32.9201 34.5751 0
      vertex 32.9201 34.5751 0.49
    endloop
  endfacet
  facet normal 0.816756 0.576983 0
    outer loop
      vertex 32.9201 34.5751 0
      vertex 32.9805 34.4896 0.49
      vertex 32.9805 34.4896 0
    endloop
  endfacet
  facet normal 0.869428 0.494059 0
    outer loop
      vertex 32.9201 34.5751 0.49
      vertex 32.8689 34.6652 0
      vertex 32.8689 34.6652 0.49
    endloop
  endfacet
  facet normal 0.869428 0.494059 0
    outer loop
      vertex 32.8689 34.6652 0
      vertex 32.9201 34.5751 0.49
      vertex 32.9201 34.5751 0
    endloop
  endfacet
  facet normal 0.91417 0.40533 0
    outer loop
      vertex 32.8689 34.6652 0.49
      vertex 32.827 34.7597 0
      vertex 32.827 34.7597 0.49
    endloop
  endfacet
  facet normal 0.91417 0.40533 0
    outer loop
      vertex 32.827 34.7597 0
      vertex 32.8689 34.6652 0.49
      vertex 32.8689 34.6652 0
    endloop
  endfacet
  facet normal 0.950113 0.311906 0
    outer loop
      vertex 32.827 34.7597 0.49
      vertex 32.7945 34.8587 0
      vertex 32.7945 34.8587 0.49
    endloop
  endfacet
  facet normal 0.950113 0.311906 0
    outer loop
      vertex 32.7945 34.8587 0
      vertex 32.827 34.7597 0.49
      vertex 32.827 34.7597 0
    endloop
  endfacet
  facet normal 0.975585 0.219624 0
    outer loop
      vertex 32.7945 34.8587 0.49
      vertex 32.7712 34.9622 0
      vertex 32.7712 34.9622 0.49
    endloop
  endfacet
  facet normal 0.975585 0.219624 0
    outer loop
      vertex 32.7712 34.9622 0
      vertex 32.7945 34.8587 0.49
      vertex 32.7945 34.8587 0
    endloop
  endfacet
  facet normal 0.991819 0.127651 0
    outer loop
      vertex 32.7712 34.9622 0.49
      vertex 32.7573 35.0702 0
      vertex 32.7573 35.0702 0.49
    endloop
  endfacet
  facet normal 0.991819 0.127651 0
    outer loop
      vertex 32.7573 35.0702 0
      vertex 32.7712 34.9622 0.49
      vertex 32.7712 34.9622 0
    endloop
  endfacet
  facet normal 0.999128 0.0417414 0
    outer loop
      vertex 32.7573 35.0702 0.49
      vertex 32.7526 35.1827 0
      vertex 32.7526 35.1827 0.49
    endloop
  endfacet
  facet normal 0.999128 0.0417414 0
    outer loop
      vertex 32.7526 35.1827 0
      vertex 32.7573 35.0702 0.49
      vertex 32.7573 35.0702 0
    endloop
  endfacet
  facet normal 0.998754 -0.0499049 0
    outer loop
      vertex 32.7526 35.1827 0.49
      vertex 32.7602 35.3348 0
      vertex 32.7602 35.3348 0.49
    endloop
  endfacet
  facet normal 0.998754 -0.0499049 0
    outer loop
      vertex 32.7602 35.3348 0
      vertex 32.7526 35.1827 0.49
      vertex 32.7526 35.1827 0
    endloop
  endfacet
  facet normal 0.987284 -0.158969 0
    outer loop
      vertex 32.7602 35.3348 0.49
      vertex 32.783 35.4764 0
      vertex 32.783 35.4764 0.49
    endloop
  endfacet
  facet normal 0.987284 -0.158969 0
    outer loop
      vertex 32.783 35.4764 0
      vertex 32.7602 35.3348 0.49
      vertex 32.7602 35.3348 0
    endloop
  endfacet
  facet normal 0.960719 -0.277525 0
    outer loop
      vertex 32.783 35.4764 0.49
      vertex 32.8209 35.6076 0
      vertex 32.8209 35.6076 0.49
    endloop
  endfacet
  facet normal 0.960719 -0.277525 0
    outer loop
      vertex 32.8209 35.6076 0
      vertex 32.783 35.4764 0.49
      vertex 32.783 35.4764 0
    endloop
  endfacet
  facet normal 0.915337 -0.402688 0
    outer loop
      vertex 32.8209 35.6076 0.49
      vertex 32.874 35.7283 0
      vertex 32.874 35.7283 0.49
    endloop
  endfacet
  facet normal 0.915337 -0.402688 0
    outer loop
      vertex 32.874 35.7283 0
      vertex 32.8209 35.6076 0.49
      vertex 32.8209 35.6076 0
    endloop
  endfacet
  facet normal 0.850331 -0.526248 0
    outer loop
      vertex 32.874 35.7283 0.49
      vertex 32.9422 35.8385 0
      vertex 32.9422 35.8385 0.49
    endloop
  endfacet
  facet normal 0.850331 -0.526248 0
    outer loop
      vertex 32.9422 35.8385 0
      vertex 32.874 35.7283 0.49
      vertex 32.874 35.7283 0
    endloop
  endfacet
  facet normal 0.76696 -0.641695 0
    outer loop
      vertex 32.9422 35.8385 0.49
      vertex 33.0257 35.9383 0
      vertex 33.0257 35.9383 0.49
    endloop
  endfacet
  facet normal 0.76696 -0.641695 0
    outer loop
      vertex 33.0257 35.9383 0
      vertex 32.9422 35.8385 0.49
      vertex 32.9422 35.8385 0
    endloop
  endfacet
  facet normal 0.671287 -0.741197 0
    outer loop
      vertex 33.0257 35.9383 0
      vertex 33.1243 36.0276 0.49
      vertex 33.0257 35.9383 0.49
    endloop
  endfacet
  facet normal 0.671287 -0.741197 0
    outer loop
      vertex 33.1243 36.0276 0.49
      vertex 33.0257 35.9383 0
      vertex 33.1243 36.0276 0
    endloop
  endfacet
  facet normal 0.570273 -0.821455 0
    outer loop
      vertex 33.1243 36.0276 0
      vertex 33.2368 36.1057 0.49
      vertex 33.1243 36.0276 0.49
    endloop
  endfacet
  facet normal 0.570273 -0.821455 0
    outer loop
      vertex 33.2368 36.1057 0.49
      vertex 33.1243 36.0276 0
      vertex 33.2368 36.1057 0
    endloop
  endfacet
  facet normal 0.46659 -0.884474 0
    outer loop
      vertex 33.2368 36.1057 0
      vertex 33.3621 36.1718 0.49
      vertex 33.2368 36.1057 0.49
    endloop
  endfacet
  facet normal 0.46659 -0.884474 0
    outer loop
      vertex 33.3621 36.1718 0.49
      vertex 33.2368 36.1057 0
      vertex 33.3621 36.1718 0
    endloop
  endfacet
  facet normal 0.364399 -0.931243 0
    outer loop
      vertex 33.3621 36.1718 0
      vertex 33.5001 36.2258 0.49
      vertex 33.3621 36.1718 0.49
    endloop
  endfacet
  facet normal 0.364399 -0.931243 0
    outer loop
      vertex 33.5001 36.2258 0.49
      vertex 33.3621 36.1718 0
      vertex 33.5001 36.2258 0
    endloop
  endfacet
  facet normal 0.269061 -0.963123 0
    outer loop
      vertex 33.5001 36.2258 0
      vertex 33.6508 36.2679 0.49
      vertex 33.5001 36.2258 0.49
    endloop
  endfacet
  facet normal 0.269061 -0.963123 0
    outer loop
      vertex 33.6508 36.2679 0.49
      vertex 33.5001 36.2258 0
      vertex 33.6508 36.2679 0
    endloop
  endfacet
  facet normal 0.180473 -0.98358 0
    outer loop
      vertex 33.6508 36.2679 0
      vertex 33.8143 36.2979 0.49
      vertex 33.6508 36.2679 0.49
    endloop
  endfacet
  facet normal 0.180473 -0.98358 0
    outer loop
      vertex 33.8143 36.2979 0.49
      vertex 33.6508 36.2679 0
      vertex 33.8143 36.2979 0
    endloop
  endfacet
  facet normal 0.101628 -0.994822 0
    outer loop
      vertex 33.8143 36.2979 0
      vertex 33.9905 36.3159 0.49
      vertex 33.8143 36.2979 0.49
    endloop
  endfacet
  facet normal 0.101628 -0.994822 0
    outer loop
      vertex 33.9905 36.3159 0.49
      vertex 33.8143 36.2979 0
      vertex 33.9905 36.3159 0
    endloop
  endfacet
  facet normal 0.0317468 -0.999496 0
    outer loop
      vertex 33.9905 36.3159 0
      vertex 34.1794 36.3219 0.49
      vertex 33.9905 36.3159 0.49
    endloop
  endfacet
  facet normal 0.0317468 -0.999496 0
    outer loop
      vertex 34.1794 36.3219 0.49
      vertex 33.9905 36.3159 0
      vertex 34.1794 36.3219 0
    endloop
  endfacet
  facet normal 0 -1 0
    outer loop
      vertex 34.1794 36.3219 0
      vertex 36.089 36.3219 0.49
      vertex 34.1794 36.3219 0.49
    endloop
  endfacet
  facet normal 0 -1 -0
    outer loop
      vertex 36.089 36.3219 0.49
      vertex 34.1794 36.3219 0
      vertex 36.089 36.3219 0
    endloop
  endfacet
  facet normal -1 0 0
    outer loop
      vertex 36.089 32.5 0
      vertex 36.089 36.3219 0.49
      vertex 36.089 36.3219 0
    endloop
  endfacet
  facet normal -1 -0 0
    outer loop
      vertex 36.089 36.3219 0.49
      vertex 36.089 32.5 0
      vertex 36.089 32.5 0.49
    endloop
  endfacet
  facet normal 0 1 -0
    outer loop
      vertex 36.089 32.5 0
      vertex 35.2888 32.5 0.49
      vertex 36.089 32.5 0.49
    endloop
  endfacet
  facet normal 0 1 0
    outer loop
      vertex 35.2888 32.5 0.49
      vertex 36.089 32.5 0
      vertex 35.2888 32.5 0
    endloop
  endfacet
  facet normal 1 -0 0
    outer loop
      vertex 35.2888 32.5 0.49
      vertex 35.2888 33.9512 0
      vertex 35.2888 33.9512 0.49
    endloop
  endfacet
  facet normal 1 0 0
    outer loop
      vertex 35.2888 33.9512 0
      vertex 35.2888 32.5 0.49
      vertex 35.2888 32.5 0
    endloop
  endfacet
  facet normal 1 -0 0
    outer loop
      vertex 35.2888 34.5724 0.49
      vertex 35.2888 35.7008 0
      vertex 35.2888 35.7008 0.49
    endloop
  endfacet
  facet normal 1 0 0
    outer loop
      vertex 35.2888 35.7008 0
      vertex 35.2888 34.5724 0.49
      vertex 35.2888 34.5724 0
    endloop
  endfacet
  facet normal 0 1 -0
    outer loop
      vertex 35.2888 35.7008 0
      vertex 34.2635 35.7008 0.49
      vertex 35.2888 35.7008 0.49
    endloop
  endfacet
  facet normal 0 1 0
    outer loop
      vertex 34.2635 35.7008 0.49
      vertex 35.2888 35.7008 0
      vertex 34.2635 35.7008 0
    endloop
  endfacet
  facet normal -0.0602857 0.998181 0
    outer loop
      vertex 34.2635 35.7008 0
      vertex 34.0764 35.6895 0.49
      vertex 34.2635 35.7008 0.49
    endloop
  endfacet
  facet normal -0.0602857 0.998181 0
    outer loop
      vertex 34.0764 35.6895 0.49
      vertex 34.2635 35.7008 0
      vertex 34.0764 35.6895 0
    endloop
  endfacet
  facet normal -0.208221 0.978082 0
    outer loop
      vertex 34.0764 35.6895 0
      vertex 33.9181 35.6558 0.49
      vertex 34.0764 35.6895 0.49
    endloop
  endfacet
  facet normal -0.208221 0.978082 0
    outer loop
      vertex 33.9181 35.6558 0.49
      vertex 34.0764 35.6895 0
      vertex 33.9181 35.6558 0
    endloop
  endfacet
  facet normal -0.398104 0.91734 0
    outer loop
      vertex 33.9181 35.6558 0
      vertex 33.7886 35.5996 0.49
      vertex 33.9181 35.6558 0.49
    endloop
  endfacet
  facet normal -0.398104 0.91734 0
    outer loop
      vertex 33.7886 35.5996 0.49
      vertex 33.9181 35.6558 0
      vertex 33.7886 35.5996 0
    endloop
  endfacet
  facet normal -0.614915 0.788593 0
    outer loop
      vertex 33.7886 35.5996 0
      vertex 33.6878 35.521 0.49
      vertex 33.7886 35.5996 0.49
    endloop
  endfacet
  facet normal -0.614915 0.788593 0
    outer loop
      vertex 33.6878 35.521 0.49
      vertex 33.7886 35.5996 0
      vertex 33.6878 35.521 0
    endloop
  endfacet
  facet normal -0.81482 0.579714 0
    outer loop
      vertex 33.6158 35.4198 0
      vertex 33.6878 35.521 0.49
      vertex 33.6878 35.521 0
    endloop
  endfacet
  facet normal -0.81482 0.579714 0
    outer loop
      vertex 33.6878 35.521 0.49
      vertex 33.6158 35.4198 0
      vertex 33.6158 35.4198 0.49
    endloop
  endfacet
  facet normal -0.944239 0.329261 0
    outer loop
      vertex 33.5727 35.2962 0
      vertex 33.6158 35.4198 0.49
      vertex 33.6158 35.4198 0
    endloop
  endfacet
  facet normal -0.944239 0.329261 0
    outer loop
      vertex 33.6158 35.4198 0.49
      vertex 33.5727 35.2962 0
      vertex 33.5727 35.2962 0.49
    endloop
  endfacet
  facet normal -0.995178 0.0980873 0
    outer loop
      vertex 33.5583 35.1501 0
      vertex 33.5727 35.2962 0.49
      vertex 33.5727 35.2962 0
    endloop
  endfacet
  facet normal -0.995178 0.0980873 0
    outer loop
      vertex 33.5727 35.2962 0.49
      vertex 33.5583 35.1501 0
      vertex 33.5583 35.1501 0.49
    endloop
  endfacet
  facet normal -0.998936 -0.046125 0
    outer loop
      vertex 33.5618 35.0743 0
      vertex 33.5583 35.1501 0.49
      vertex 33.5583 35.1501 0
    endloop
  endfacet
  facet normal -0.998936 -0.046125 0
    outer loop
      vertex 33.5583 35.1501 0.49
      vertex 33.5618 35.0743 0
      vertex 33.5618 35.0743 0.49
    endloop
  endfacet
  facet normal -0.988977 -0.148067 0
    outer loop
      vertex 33.5724 35.0035 0
      vertex 33.5618 35.0743 0.49
      vertex 33.5618 35.0743 0
    endloop
  endfacet
  facet normal -0.988977 -0.148067 0
    outer loop
      vertex 33.5618 35.0743 0.49
      vertex 33.5724 35.0035 0
      vertex 33.5724 35.0035 0.49
    endloop
  endfacet
  facet normal -0.965303 -0.261131 0
    outer loop
      vertex 33.5902 34.9377 0
      vertex 33.5724 35.0035 0.49
      vertex 33.5724 35.0035 0
    endloop
  endfacet
  facet normal -0.965303 -0.261131 0
    outer loop
      vertex 33.5724 35.0035 0.49
      vertex 33.5902 34.9377 0
      vertex 33.5902 34.9377 0.49
    endloop
  endfacet
  facet normal -0.925935 -0.377684 0
    outer loop
      vertex 33.615 34.8769 0
      vertex 33.5902 34.9377 0.49
      vertex 33.5902 34.9377 0
    endloop
  endfacet
  facet normal -0.925935 -0.377684 0
    outer loop
      vertex 33.5902 34.9377 0.49
      vertex 33.615 34.8769 0
      vertex 33.615 34.8769 0.49
    endloop
  endfacet
  facet normal -0.86853 -0.495637 0
    outer loop
      vertex 33.6469 34.821 0
      vertex 33.615 34.8769 0.49
      vertex 33.615 34.8769 0
    endloop
  endfacet
  facet normal -0.86853 -0.495637 0
    outer loop
      vertex 33.615 34.8769 0.49
      vertex 33.6469 34.821 0
      vertex 33.6469 34.821 0.49
    endloop
  endfacet
  facet normal -0.794535 -0.607218 0
    outer loop
      vertex 33.6858 34.7701 0
      vertex 33.6469 34.821 0.49
      vertex 33.6469 34.821 0
    endloop
  endfacet
  facet normal -0.794535 -0.607218 0
    outer loop
      vertex 33.6469 34.821 0.49
      vertex 33.6858 34.7701 0
      vertex 33.6858 34.7701 0.49
    endloop
  endfacet
  facet normal -0.705568 -0.708642 0
    outer loop
      vertex 33.6858 34.7701 0
      vertex 33.7319 34.7242 0.49
      vertex 33.6858 34.7701 0.49
    endloop
  endfacet
  facet normal -0.705568 -0.708642 -0
    outer loop
      vertex 33.7319 34.7242 0.49
      vertex 33.6858 34.7701 0
      vertex 33.7319 34.7242 0
    endloop
  endfacet
  facet normal -0.605998 -0.795466 0
    outer loop
      vertex 33.7319 34.7242 0
      vertex 33.7848 34.6839 0.49
      vertex 33.7319 34.7242 0.49
    endloop
  endfacet
  facet normal -0.605998 -0.795466 -0
    outer loop
      vertex 33.7848 34.6839 0.49
      vertex 33.7319 34.7242 0
      vertex 33.7848 34.6839 0
    endloop
  endfacet
  facet normal -0.496609 -0.867974 0
    outer loop
      vertex 33.7848 34.6839 0
      vertex 33.8444 34.6498 0.49
      vertex 33.7848 34.6839 0.49
    endloop
  endfacet
  facet normal -0.496609 -0.867974 -0
    outer loop
      vertex 33.8444 34.6498 0.49
      vertex 33.7848 34.6839 0
      vertex 33.8444 34.6498 0
    endloop
  endfacet
  facet normal -0.388368 -0.921504 0
    outer loop
      vertex 33.8444 34.6498 0
      vertex 33.9106 34.6219 0.49
      vertex 33.8444 34.6498 0.49
    endloop
  endfacet
  facet normal -0.388368 -0.921504 -0
    outer loop
      vertex 33.9106 34.6219 0.49
      vertex 33.8444 34.6498 0
      vertex 33.9106 34.6219 0
    endloop
  endfacet
  facet normal -0.284447 -0.958692 0
    outer loop
      vertex 33.9106 34.6219 0
      vertex 33.9834 34.6003 0.49
      vertex 33.9106 34.6219 0.49
    endloop
  endfacet
  facet normal -0.284447 -0.958692 -0
    outer loop
      vertex 33.9834 34.6003 0.49
      vertex 33.9106 34.6219 0
      vertex 33.9834 34.6003 0
    endloop
  endfacet
  facet normal -0.192554 -0.981286 0
    outer loop
      vertex 33.9834 34.6003 0
      vertex 34.0629 34.5847 0.49
      vertex 33.9834 34.6003 0.49
    endloop
  endfacet
  facet normal -0.192554 -0.981286 -0
    outer loop
      vertex 34.0629 34.5847 0.49
      vertex 33.9834 34.6003 0
      vertex 34.0629 34.5847 0
    endloop
  endfacet
  facet normal -0.106248 -0.99434 0
    outer loop
      vertex 34.0629 34.5847 0
      vertex 34.149 34.5755 0.49
      vertex 34.0629 34.5847 0.49
    endloop
  endfacet
  facet normal -0.106248 -0.99434 -0
    outer loop
      vertex 34.149 34.5755 0.49
      vertex 34.0629 34.5847 0
      vertex 34.149 34.5755 0
    endloop
  endfacet
  facet normal -0.0333865 -0.999443 0
    outer loop
      vertex 34.149 34.5755 0
      vertex 34.2418 34.5724 0.49
      vertex 34.149 34.5755 0.49
    endloop
  endfacet
  facet normal -0.0333865 -0.999443 -0
    outer loop
      vertex 34.2418 34.5724 0.49
      vertex 34.149 34.5755 0
      vertex 34.2418 34.5724 0
    endloop
  endfacet
  facet normal 0 -1 0
    outer loop
      vertex 34.2418 34.5724 0
      vertex 35.2888 34.5724 0.49
      vertex 34.2418 34.5724 0.49
    endloop
  endfacet
  facet normal 0 -1 -0
    outer loop
      vertex 35.2888 34.5724 0.49
      vertex 34.2418 34.5724 0
      vertex 35.2888 34.5724 0
    endloop
  endfacet
  facet normal 0 1 -0
    outer loop
      vertex 37.6779 35.7035 0
      vertex 36.441 35.7035 0.49
      vertex 37.6779 35.7035 0.49
    endloop
  endfacet
  facet normal 0 1 0
    outer loop
      vertex 36.441 35.7035 0.49
      vertex 37.6779 35.7035 0
      vertex 36.441 35.7035 0
    endloop
  endfacet
  facet normal 1 -0 0
    outer loop
      vertex 36.441 35.7035 0.49
      vertex 36.441 36.3219 0
      vertex 36.441 36.3219 0.49
    endloop
  endfacet
  facet normal 1 0 0
    outer loop
      vertex 36.441 36.3219 0
      vertex 36.441 35.7035 0.49
      vertex 36.441 35.7035 0
    endloop
  endfacet
  facet normal 0 -1 0
    outer loop
      vertex 36.441 36.3219 0
      vertex 39.7122 36.3219 0.49
      vertex 36.441 36.3219 0.49
    endloop
  endfacet
  facet normal 0 -1 -0
    outer loop
      vertex 39.7122 36.3219 0.49
      vertex 36.441 36.3219 0
      vertex 39.7122 36.3219 0
    endloop
  endfacet
  facet normal -1 0 0
    outer loop
      vertex 39.7122 35.7035 0
      vertex 39.7122 36.3219 0.49
      vertex 39.7122 36.3219 0
    endloop
  endfacet
  facet normal -1 -0 0
    outer loop
      vertex 39.7122 36.3219 0.49
      vertex 39.7122 35.7035 0
      vertex 39.7122 35.7035 0.49
    endloop
  endfacet
  facet normal 0 1 -0
    outer loop
      vertex 39.7122 35.7035 0
      vertex 38.4781 35.7035 0.49
      vertex 39.7122 35.7035 0.49
    endloop
  endfacet
  facet normal 0 1 0
    outer loop
      vertex 38.4781 35.7035 0.49
      vertex 39.7122 35.7035 0
      vertex 38.4781 35.7035 0
    endloop
  endfacet
  facet normal -1 0 0
    outer loop
      vertex 38.4781 32.5 0
      vertex 38.4781 35.7035 0.49
      vertex 38.4781 35.7035 0
    endloop
  endfacet
  facet normal -1 -0 0
    outer loop
      vertex 38.4781 35.7035 0.49
      vertex 38.4781 32.5 0
      vertex 38.4781 32.5 0.49
    endloop
  endfacet
  facet normal 0 1 -0
    outer loop
      vertex 38.4781 32.5 0
      vertex 37.6779 32.5 0.49
      vertex 38.4781 32.5 0.49
    endloop
  endfacet
  facet normal 0 1 0
    outer loop
      vertex 37.6779 32.5 0.49
      vertex 38.4781 32.5 0
      vertex 37.6779 32.5 0
    endloop
  endfacet
  facet normal 1 -0 0
    outer loop
      vertex 37.6779 32.5 0.49
      vertex 37.6779 35.7035 0
      vertex 37.6779 35.7035 0.49
    endloop
  endfacet
  facet normal 1 0 0
    outer loop
      vertex 37.6779 35.7035 0
      vertex 37.6779 32.5 0.49
      vertex 37.6779 32.5 0
    endloop
  endfacet
  facet normal 0 -1 0
    outer loop
      vertex 52.8283 33.1184 0
      vertex 54.8789 33.1184 0.49
      vertex 52.8283 33.1184 0.49
    endloop
  endfacet
  facet normal 0 -1 -0
    outer loop
      vertex 54.8789 33.1184 0.49
      vertex 52.8283 33.1184 0
      vertex 54.8789 33.1184 0
    endloop
  endfacet
  facet normal 1 -0 0
    outer loop
      vertex 54.8789 33.1184 0.49
      vertex 54.8789 36.3219 0
      vertex 54.8789 36.3219 0.49
    endloop
  endfacet
  facet normal 1 0 0
    outer loop
      vertex 54.8789 36.3219 0
      vertex 54.8789 33.1184 0.49
      vertex 54.8789 33.1184 0
    endloop
  endfacet
  facet normal 0 -1 0
    outer loop
      vertex 54.8789 36.3219 0
      vertex 55.6791 36.3219 0.49
      vertex 54.8789 36.3219 0.49
    endloop
  endfacet
  facet normal 0 -1 -0
    outer loop
      vertex 55.6791 36.3219 0.49
      vertex 54.8789 36.3219 0
      vertex 55.6791 36.3219 0
    endloop
  endfacet
  facet normal -1 0 0
    outer loop
      vertex 55.6791 32.5 0
      vertex 55.6791 36.3219 0.49
      vertex 55.6791 36.3219 0
    endloop
  endfacet
  facet normal -1 -0 0
    outer loop
      vertex 55.6791 36.3219 0.49
      vertex 55.6791 32.5 0
      vertex 55.6791 32.5 0.49
    endloop
  endfacet
  facet normal 0 1 -0
    outer loop
      vertex 55.6791 32.5 0
      vertex 52.8283 32.5 0.49
      vertex 55.6791 32.5 0.49
    endloop
  endfacet
  facet normal 0 1 0
    outer loop
      vertex 52.8283 32.5 0.49
      vertex 55.6791 32.5 0
      vertex 52.8283 32.5 0
    endloop
  endfacet
  facet normal 1 -0 0
    outer loop
      vertex 52.8283 32.5 0.49
      vertex 52.8283 33.1184 0
      vertex 52.8283 33.1184 0.49
    endloop
  endfacet
  facet normal 1 0 0
    outer loop
      vertex 52.8283 33.1184 0
      vertex 52.8283 32.5 0.49
      vertex 52.8283 32.5 0
    endloop
  endfacet
  facet normal 0.0948722 0.995489 -0
    outer loop
      vertex 47.0462 32.5048 0
      vertex 46.8972 32.519 0.49
      vertex 47.0462 32.5048 0.49
    endloop
  endfacet
  facet normal 0.0948722 0.995489 0
    outer loop
      vertex 46.8972 32.519 0.49
      vertex 47.0462 32.5048 0
      vertex 46.8972 32.519 0
    endloop
  endfacet
  facet normal 0.163176 0.986597 -0
    outer loop
      vertex 46.8972 32.519 0
      vertex 46.7533 32.5428 0.49
      vertex 46.8972 32.519 0.49
    endloop
  endfacet
  facet normal 0.163176 0.986597 0
    outer loop
      vertex 46.7533 32.5428 0.49
      vertex 46.8972 32.519 0
      vertex 46.7533 32.5428 0
    endloop
  endfacet
  facet normal 0.233797 0.972286 -0
    outer loop
      vertex 46.7533 32.5428 0
      vertex 46.6144 32.5762 0.49
      vertex 46.7533 32.5428 0.49
    endloop
  endfacet
  facet normal 0.233797 0.972286 0
    outer loop
      vertex 46.6144 32.5762 0.49
      vertex 46.7533 32.5428 0
      vertex 46.6144 32.5762 0
    endloop
  endfacet
  facet normal 0.304466 0.952523 -0
    outer loop
      vertex 46.6144 32.5762 0
      vertex 46.4805 32.619 0.49
      vertex 46.6144 32.5762 0.49
    endloop
  endfacet
  facet normal 0.304466 0.952523 0
    outer loop
      vertex 46.4805 32.619 0.49
      vertex 46.6144 32.5762 0
      vertex 46.4805 32.619 0
    endloop
  endfacet
  facet normal 0.376589 0.92638 -0
    outer loop
      vertex 46.4805 32.619 0
      vertex 46.3516 32.6714 0.49
      vertex 46.4805 32.619 0.49
    endloop
  endfacet
  facet normal 0.376589 0.92638 0
    outer loop
      vertex 46.3516 32.6714 0.49
      vertex 46.4805 32.619 0
      vertex 46.3516 32.6714 0
    endloop
  endfacet
  facet normal 0.447214 0.894427 -0
    outer loop
      vertex 46.3516 32.6714 0
      vertex 46.2278 32.7333 0.49
      vertex 46.3516 32.6714 0.49
    endloop
  endfacet
  facet normal 0.447214 0.894427 0
    outer loop
      vertex 46.2278 32.7333 0.49
      vertex 46.3516 32.6714 0
      vertex 46.2278 32.7333 0
    endloop
  endfacet
  facet normal 0.517283 0.855815 -0
    outer loop
      vertex 46.2278 32.7333 0
      vertex 46.1105 32.8042 0.49
      vertex 46.2278 32.7333 0.49
    endloop
  endfacet
  facet normal 0.517283 0.855815 0
    outer loop
      vertex 46.1105 32.8042 0.49
      vertex 46.2278 32.7333 0
      vertex 46.1105 32.8042 0
    endloop
  endfacet
  facet normal 0.586543 0.809918 -0
    outer loop
      vertex 46.1105 32.8042 0
      vertex 46.001 32.8835 0.49
      vertex 46.1105 32.8042 0.49
    endloop
  endfacet
  facet normal 0.586543 0.809918 0
    outer loop
      vertex 46.001 32.8835 0.49
      vertex 46.1105 32.8042 0
      vertex 46.001 32.8835 0
    endloop
  endfacet
  facet normal 0.653484 0.75694 -0
    outer loop
      vertex 46.001 32.8835 0
      vertex 45.8993 32.9713 0.49
      vertex 46.001 32.8835 0.49
    endloop
  endfacet
  facet normal 0.653484 0.75694 0
    outer loop
      vertex 45.8993 32.9713 0.49
      vertex 46.001 32.8835 0
      vertex 45.8993 32.9713 0
    endloop
  endfacet
  facet normal 0.716716 0.697365 0
    outer loop
      vertex 45.8993 32.9713 0.49
      vertex 45.8056 33.0676 0
      vertex 45.8056 33.0676 0.49
    endloop
  endfacet
  facet normal 0.716716 0.697365 0
    outer loop
      vertex 45.8056 33.0676 0
      vertex 45.8993 32.9713 0.49
      vertex 45.8993 32.9713 0
    endloop
  endfacet
  facet normal 0.773398 0.633921 0
    outer loop
      vertex 45.8056 33.0676 0.49
      vertex 45.7197 33.1724 0
      vertex 45.7197 33.1724 0.49
    endloop
  endfacet
  facet normal 0.773398 0.633921 0
    outer loop
      vertex 45.7197 33.1724 0
      vertex 45.8056 33.0676 0.49
      vertex 45.8056 33.0676 0
    endloop
  endfacet
  facet normal 0.823107 0.567886 0
    outer loop
      vertex 45.7197 33.1724 0.49
      vertex 45.6416 33.2856 0
      vertex 45.6416 33.2856 0.49
    endloop
  endfacet
  facet normal 0.823107 0.567886 0
    outer loop
      vertex 45.6416 33.2856 0
      vertex 45.7197 33.1724 0.49
      vertex 45.7197 33.1724 0
    endloop
  endfacet
  facet normal 0.866221 0.499661 0
    outer loop
      vertex 45.6416 33.2856 0.49
      vertex 45.5714 33.4073 0
      vertex 45.5714 33.4073 0.49
    endloop
  endfacet
  facet normal 0.866221 0.499661 0
    outer loop
      vertex 45.5714 33.4073 0
      vertex 45.6416 33.2856 0.49
      vertex 45.6416 33.2856 0
    endloop
  endfacet
  facet normal 0.902666 0.430341 0
    outer loop
      vertex 45.5714 33.4073 0.49
      vertex 45.5099 33.5363 0
      vertex 45.5099 33.5363 0.49
    endloop
  endfacet
  facet normal 0.902666 0.430341 0
    outer loop
      vertex 45.5099 33.5363 0
      vertex 45.5714 33.4073 0.49
      vertex 45.5714 33.4073 0
    endloop
  endfacet
  facet normal 0.933114 0.35958 0
    outer loop
      vertex 45.5099 33.5363 0.49
      vertex 45.4578 33.6715 0
      vertex 45.4578 33.6715 0.49
    endloop
  endfacet
  facet normal 0.933114 0.35958 0
    outer loop
      vertex 45.4578 33.6715 0
      vertex 45.5099 33.5363 0.49
      vertex 45.5099 33.5363 0
    endloop
  endfacet
  facet normal 0.957434 0.288653 0
    outer loop
      vertex 45.4578 33.6715 0.49
      vertex 45.4152 33.8128 0
      vertex 45.4152 33.8128 0.49
    endloop
  endfacet
  facet normal 0.957434 0.288653 0
    outer loop
      vertex 45.4152 33.8128 0
      vertex 45.4578 33.6715 0.49
      vertex 45.4578 33.6715 0
    endloop
  endfacet
  facet normal 0.975702 0.219103 0
    outer loop
      vertex 45.4152 33.8128 0.49
      vertex 45.3821 33.9602 0
      vertex 45.3821 33.9602 0.49
    endloop
  endfacet
  facet normal 0.975702 0.219103 0
    outer loop
      vertex 45.3821 33.9602 0
      vertex 45.4152 33.8128 0.49
      vertex 45.4152 33.8128 0
    endloop
  endfacet
  facet normal 0.988305 0.152492 0
    outer loop
      vertex 45.3821 33.9602 0.49
      vertex 45.3584 34.1138 0
      vertex 45.3584 34.1138 0.49
    endloop
  endfacet
  facet normal 0.988305 0.152492 0
    outer loop
      vertex 45.3584 34.1138 0
      vertex 45.3821 33.9602 0.49
      vertex 45.3821 33.9602 0
    endloop
  endfacet
  facet normal 0.996075 0.0885123 0
    outer loop
      vertex 45.3584 34.1138 0.49
      vertex 45.3442 34.2736 0
      vertex 45.3442 34.2736 0.49
    endloop
  endfacet
  facet normal 0.996075 0.0885123 0
    outer loop
      vertex 45.3442 34.2736 0
      vertex 45.3584 34.1138 0.49
      vertex 45.3584 34.1138 0
    endloop
  endfacet
  facet normal 0.999598 0.028336 0
    outer loop
      vertex 45.3442 34.2736 0.49
      vertex 45.3395 34.4394 0
      vertex 45.3395 34.4394 0.49
    endloop
  endfacet
  facet normal 0.999598 0.028336 0
    outer loop
      vertex 45.3395 34.4394 0
      vertex 45.3442 34.2736 0.49
      vertex 45.3442 34.2736 0
    endloop
  endfacet
  facet normal 0.999076 -0.0429881 0
    outer loop
      vertex 45.3395 34.4394 0.49
      vertex 45.3503 34.6904 0
      vertex 45.3503 34.6904 0.49
    endloop
  endfacet
  facet normal 0.999076 -0.0429881 0
    outer loop
      vertex 45.3503 34.6904 0
      vertex 45.3395 34.4394 0.49
      vertex 45.3395 34.4394 0
    endloop
  endfacet
  facet normal 0.990534 -0.137268 0
    outer loop
      vertex 45.3503 34.6904 0.49
      vertex 45.3827 34.9242 0
      vertex 45.3827 34.9242 0.49
    endloop
  endfacet
  facet normal 0.990534 -0.137268 0
    outer loop
      vertex 45.3827 34.9242 0
      vertex 45.3503 34.6904 0.49
      vertex 45.3503 34.6904 0
    endloop
  endfacet
  facet normal 0.970405 -0.241481 0
    outer loop
      vertex 45.3827 34.9242 0.49
      vertex 45.4366 35.1408 0
      vertex 45.4366 35.1408 0.49
    endloop
  endfacet
  facet normal 0.970405 -0.241481 0
    outer loop
      vertex 45.4366 35.1408 0
      vertex 45.3827 34.9242 0.49
      vertex 45.3827 34.9242 0
    endloop
  endfacet
  facet normal 0.935051 -0.354513 0
    outer loop
      vertex 45.4366 35.1408 0.49
      vertex 45.5122 35.3402 0
      vertex 45.5122 35.3402 0.49
    endloop
  endfacet
  facet normal 0.935051 -0.354513 0
    outer loop
      vertex 45.5122 35.3402 0
      vertex 45.4366 35.1408 0.49
      vertex 45.4366 35.1408 0
    endloop
  endfacet
  facet normal 0.882192 -0.47089 0
    outer loop
      vertex 45.5122 35.3402 0.49
      vertex 45.6094 35.5223 0
      vertex 45.6094 35.5223 0.49
    endloop
  endfacet
  facet normal 0.882192 -0.47089 0
    outer loop
      vertex 45.6094 35.5223 0
      vertex 45.5122 35.3402 0.49
      vertex 45.5122 35.3402 0
    endloop
  endfacet
  facet normal 0.811768 -0.583981 0
    outer loop
      vertex 45.6094 35.5223 0.49
      vertex 45.7281 35.6873 0
      vertex 45.7281 35.6873 0.49
    endloop
  endfacet
  facet normal 0.811768 -0.583981 0
    outer loop
      vertex 45.7281 35.6873 0
      vertex 45.6094 35.5223 0.49
      vertex 45.6094 35.5223 0
    endloop
  endfacet
  facet normal 0.725036 -0.688711 0
    outer loop
      vertex 45.7281 35.6873 0.49
      vertex 45.8684 35.835 0
      vertex 45.8684 35.835 0.49
    endloop
  endfacet
  facet normal 0.725036 -0.688711 0
    outer loop
      vertex 45.8684 35.835 0
      vertex 45.7281 35.6873 0.49
      vertex 45.7281 35.6873 0
    endloop
  endfacet
  facet normal 0.628009 -0.778206 0
    outer loop
      vertex 45.8684 35.835 0
      vertex 46.0285 35.9642 0.49
      vertex 45.8684 35.835 0.49
    endloop
  endfacet
  facet normal 0.628009 -0.778206 0
    outer loop
      vertex 46.0285 35.9642 0.49
      vertex 45.8684 35.835 0
      vertex 46.0285 35.9642 0
    endloop
  endfacet
  facet normal 0.523696 -0.851905 0
    outer loop
      vertex 46.0285 35.9642 0
      vertex 46.2063 36.0735 0.49
      vertex 46.0285 35.9642 0.49
    endloop
  endfacet
  facet normal 0.523696 -0.851905 0
    outer loop
      vertex 46.2063 36.0735 0.49
      vertex 46.0285 35.9642 0
      vertex 46.2063 36.0735 0
    endloop
  endfacet
  facet normal 0.415518 -0.909585 0
    outer loop
      vertex 46.2063 36.0735 0
      vertex 46.402 36.1629 0.49
      vertex 46.2063 36.0735 0.49
    endloop
  endfacet
  facet normal 0.415518 -0.909585 0
    outer loop
      vertex 46.402 36.1629 0.49
      vertex 46.2063 36.0735 0
      vertex 46.402 36.1629 0
    endloop
  endfacet
  facet normal 0.309942 -0.950756 0
    outer loop
      vertex 46.402 36.1629 0
      vertex 46.6155 36.2325 0.49
      vertex 46.402 36.1629 0.49
    endloop
  endfacet
  facet normal 0.309942 -0.950756 0
    outer loop
      vertex 46.6155 36.2325 0.49
      vertex 46.402 36.1629 0
      vertex 46.6155 36.2325 0
    endloop
  endfacet
  facet normal 0.209991 -0.977703 0
    outer loop
      vertex 46.6155 36.2325 0
      vertex 46.8469 36.2822 0.49
      vertex 46.6155 36.2325 0.49
    endloop
  endfacet
  facet normal 0.209991 -0.977703 0
    outer loop
      vertex 46.8469 36.2822 0.49
      vertex 46.6155 36.2325 0
      vertex 46.8469 36.2822 0
    endloop
  endfacet
  facet normal 0.118784 -0.99292 0
    outer loop
      vertex 46.8469 36.2822 0
      vertex 47.096 36.312 0.49
      vertex 46.8469 36.2822 0.49
    endloop
  endfacet
  facet normal 0.118784 -0.99292 0
    outer loop
      vertex 47.096 36.312 0.49
      vertex 46.8469 36.2822 0
      vertex 47.096 36.312 0
    endloop
  endfacet
  facet normal 0.0370532 -0.999313 0
    outer loop
      vertex 47.096 36.312 0
      vertex 47.363 36.3219 0.49
      vertex 47.096 36.312 0.49
    endloop
  endfacet
  facet normal 0.0370532 -0.999313 0
    outer loop
      vertex 47.363 36.3219 0.49
      vertex 47.096 36.312 0
      vertex 47.363 36.3219 0
    endloop
  endfacet
  facet normal 0 -1 0
    outer loop
      vertex 47.363 36.3219 0
      vertex 48.7464 36.3219 0.49
      vertex 47.363 36.3219 0.49
    endloop
  endfacet
  facet normal 0 -1 -0
    outer loop
      vertex 48.7464 36.3219 0.49
      vertex 47.363 36.3219 0
      vertex 48.7464 36.3219 0
    endloop
  endfacet
  facet normal -1 0 0
    outer loop
      vertex 48.7464 32.5 0
      vertex 48.7464 36.3219 0.49
      vertex 48.7464 36.3219 0
    endloop
  endfacet
  facet normal -1 -0 0
    outer loop
      vertex 48.7464 36.3219 0.49
      vertex 48.7464 32.5 0
      vertex 48.7464 32.5 0.49
    endloop
  endfacet
  facet normal 0 1 -0
    outer loop
      vertex 48.7464 32.5 0
      vertex 47.2003 32.5 0.49
      vertex 48.7464 32.5 0.49
    endloop
  endfacet
  facet normal 0 1 0
    outer loop
      vertex 47.2003 32.5 0.49
      vertex 48.7464 32.5 0
      vertex 47.2003 32.5 0
    endloop
  endfacet
  facet normal 0.0311335 0.999515 -0
    outer loop
      vertex 47.2003 32.5 0
      vertex 47.0462 32.5048 0.49
      vertex 47.2003 32.5 0.49
    endloop
  endfacet
  facet normal 0.0311335 0.999515 0
    outer loop
      vertex 47.0462 32.5048 0.49
      vertex 47.2003 32.5 0
      vertex 47.0462 32.5048 0
    endloop
  endfacet
  facet normal 1 -0 0
    outer loop
      vertex 47.9462 33.1184 0.49
      vertex 47.9462 35.7035 0
      vertex 47.9462 35.7035 0.49
    endloop
  endfacet
  facet normal 1 0 0
    outer loop
      vertex 47.9462 35.7035 0
      vertex 47.9462 33.1184 0.49
      vertex 47.9462 33.1184 0
    endloop
  endfacet
  facet normal 0 1 -0
    outer loop
      vertex 47.9462 35.7035 0
      vertex 47.3793 35.7035 0.49
      vertex 47.9462 35.7035 0.49
    endloop
  endfacet
  facet normal 0 1 0
    outer loop
      vertex 47.3793 35.7035 0.49
      vertex 47.9462 35.7035 0
      vertex 47.3793 35.7035 0
    endloop
  endfacet
  facet normal -0.0401625 0.999193 0
    outer loop
      vertex 47.3793 35.7035 0
      vertex 47.2151 35.6969 0.49
      vertex 47.3793 35.7035 0.49
    endloop
  endfacet
  facet normal -0.0401625 0.999193 0
    outer loop
      vertex 47.2151 35.6969 0.49
      vertex 47.3793 35.7035 0
      vertex 47.2151 35.6969 0
    endloop
  endfacet
  facet normal -0.129062 0.991637 0
    outer loop
      vertex 47.2151 35.6969 0
      vertex 47.0622 35.677 0.49
      vertex 47.2151 35.6969 0.49
    endloop
  endfacet
  facet normal -0.129062 0.991637 0
    outer loop
      vertex 47.0622 35.677 0.49
      vertex 47.2151 35.6969 0
      vertex 47.0622 35.677 0
    endloop
  endfacet
  facet normal -0.227316 0.973821 0
    outer loop
      vertex 47.0622 35.677 0
      vertex 46.9204 35.6439 0.49
      vertex 47.0622 35.677 0.49
    endloop
  endfacet
  facet normal -0.227316 0.973821 0
    outer loop
      vertex 46.9204 35.6439 0.49
      vertex 47.0622 35.677 0
      vertex 46.9204 35.6439 0
    endloop
  endfacet
  facet normal -0.334141 0.942523 0
    outer loop
      vertex 46.9204 35.6439 0
      vertex 46.7898 35.5976 0.49
      vertex 46.9204 35.6439 0.49
    endloop
  endfacet
  facet normal -0.334141 0.942523 0
    outer loop
      vertex 46.7898 35.5976 0.49
      vertex 46.9204 35.6439 0
      vertex 46.7898 35.5976 0
    endloop
  endfacet
  facet normal -0.446014 0.895026 0
    outer loop
      vertex 46.7898 35.5976 0
      vertex 46.6704 35.5381 0.49
      vertex 46.7898 35.5976 0.49
    endloop
  endfacet
  facet normal -0.446014 0.895026 0
    outer loop
      vertex 46.6704 35.5381 0.49
      vertex 46.7898 35.5976 0
      vertex 46.6704 35.5381 0
    endloop
  endfacet
  facet normal -0.558234 0.829683 0
    outer loop
      vertex 46.6704 35.5381 0
      vertex 46.5622 35.4653 0.49
      vertex 46.6704 35.5381 0.49
    endloop
  endfacet
  facet normal -0.558234 0.829683 0
    outer loop
      vertex 46.5622 35.4653 0.49
      vertex 46.6704 35.5381 0
      vertex 46.5622 35.4653 0
    endloop
  endfacet
  facet normal -0.663406 0.74826 0
    outer loop
      vertex 46.5622 35.4653 0
      vertex 46.4652 35.3793 0.49
      vertex 46.5622 35.4653 0.49
    endloop
  endfacet
  facet normal -0.663406 0.74826 0
    outer loop
      vertex 46.4652 35.3793 0.49
      vertex 46.5622 35.4653 0
      vertex 46.4652 35.3793 0
    endloop
  endfacet
  facet normal -0.75741 0.65294 0
    outer loop
      vertex 46.3802 35.2807 0
      vertex 46.4652 35.3793 0.49
      vertex 46.4652 35.3793 0
    endloop
  endfacet
  facet normal -0.75741 0.65294 0
    outer loop
      vertex 46.4652 35.3793 0.49
      vertex 46.3802 35.2807 0
      vertex 46.3802 35.2807 0.49
    endloop
  endfacet
  facet normal -0.838305 0.545202 0
    outer loop
      vertex 46.3084 35.1703 0
      vertex 46.3802 35.2807 0.49
      vertex 46.3802 35.2807 0
    endloop
  endfacet
  facet normal -0.838305 0.545202 0
    outer loop
      vertex 46.3802 35.2807 0.49
      vertex 46.3084 35.1703 0
      vertex 46.3084 35.1703 0.49
    endloop
  endfacet
  facet normal -0.901385 0.433018 0
    outer loop
      vertex 46.2496 35.0479 0
      vertex 46.3084 35.1703 0.49
      vertex 46.3084 35.1703 0
    endloop
  endfacet
  facet normal -0.901385 0.433018 0
    outer loop
      vertex 46.3084 35.1703 0.49
      vertex 46.2496 35.0479 0
      vertex 46.2496 35.0479 0.49
    endloop
  endfacet
  facet normal -0.946691 0.322143 0
    outer loop
      vertex 46.2039 34.9136 0
      vertex 46.2496 35.0479 0.49
      vertex 46.2496 35.0479 0
    endloop
  endfacet
  facet normal -0.946691 0.322143 0
    outer loop
      vertex 46.2496 35.0479 0.49
      vertex 46.2039 34.9136 0
      vertex 46.2039 34.9136 0.49
    endloop
  endfacet
  facet normal -0.975856 0.218415 0
    outer loop
      vertex 46.1712 34.7675 0
      vertex 46.2039 34.9136 0.49
      vertex 46.2039 34.9136 0
    endloop
  endfacet
  facet normal -0.975856 0.218415 0
    outer loop
      vertex 46.2039 34.9136 0.49
      vertex 46.1712 34.7675 0
      vertex 46.1712 34.7675 0.49
    endloop
  endfacet
  facet normal -0.992403 0.12303 0
    outer loop
      vertex 46.1516 34.6094 0
      vertex 46.1712 34.7675 0.49
      vertex 46.1712 34.7675 0
    endloop
  endfacet
  facet normal -0.992403 0.12303 0
    outer loop
      vertex 46.1712 34.7675 0.49
      vertex 46.1516 34.6094 0
      vertex 46.1516 34.6094 0.49
    endloop
  endfacet
  facet normal -0.99927 0.0382074 0
    outer loop
      vertex 46.1451 34.4394 0
      vertex 46.1516 34.6094 0.49
      vertex 46.1516 34.6094 0
    endloop
  endfacet
  facet normal -0.99927 0.0382074 0
    outer loop
      vertex 46.1516 34.6094 0.49
      vertex 46.1451 34.4394 0
      vertex 46.1451 34.4394 0.49
    endloop
  endfacet
  facet normal -0.999329 -0.0366401 0
    outer loop
      vertex 46.1513 34.2703 0
      vertex 46.1451 34.4394 0.49
      vertex 46.1451 34.4394 0
    endloop
  endfacet
  facet normal -0.999329 -0.0366401 0
    outer loop
      vertex 46.1451 34.4394 0.49
      vertex 46.1513 34.2703 0
      vertex 46.1513 34.2703 0.49
    endloop
  endfacet
  facet normal -0.99321 -0.116333 0
    outer loop
      vertex 46.1699 34.1115 0
      vertex 46.1513 34.2703 0.49
      vertex 46.1513 34.2703 0
    endloop
  endfacet
  facet normal -0.99321 -0.116333 0
    outer loop
      vertex 46.1513 34.2703 0.49
      vertex 46.1699 34.1115 0
      vertex 46.1699 34.1115 0.49
    endloop
  endfacet
  facet normal -0.978871 -0.204481 0
    outer loop
      vertex 46.2009 33.9631 0
      vertex 46.1699 34.1115 0.49
      vertex 46.1699 34.1115 0
    endloop
  endfacet
  facet normal -0.978871 -0.204481 0
    outer loop
      vertex 46.1699 34.1115 0.49
      vertex 46.2009 33.9631 0
      vertex 46.2009 33.9631 0.49
    endloop
  endfacet
  facet normal -0.953875 -0.300204 0
    outer loop
      vertex 46.2443 33.8252 0
      vertex 46.2009 33.9631 0.49
      vertex 46.2009 33.9631 0
    endloop
  endfacet
  facet normal -0.953875 -0.300204 0
    outer loop
      vertex 46.2009 33.9631 0.49
      vertex 46.2443 33.8252 0
      vertex 46.2443 33.8252 0.49
    endloop
  endfacet
  facet normal -0.916223 -0.400668 0
    outer loop
      vertex 46.3001 33.6976 0
      vertex 46.2443 33.8252 0.49
      vertex 46.2443 33.8252 0
    endloop
  endfacet
  facet normal -0.916223 -0.400668 0
    outer loop
      vertex 46.2443 33.8252 0.49
      vertex 46.3001 33.6976 0
      vertex 46.3001 33.6976 0.49
    endloop
  endfacet
  facet normal -0.864127 -0.503274 0
    outer loop
      vertex 46.3683 33.5805 0
      vertex 46.3001 33.6976 0.49
      vertex 46.3001 33.6976 0
    endloop
  endfacet
  facet normal -0.864127 -0.503274 0
    outer loop
      vertex 46.3001 33.6976 0.49
      vertex 46.3683 33.5805 0
      vertex 46.3683 33.5805 0.49
    endloop
  endfacet
  facet normal -0.797931 -0.602748 0
    outer loop
      vertex 46.4489 33.4738 0
      vertex 46.3683 33.5805 0.49
      vertex 46.3683 33.5805 0
    endloop
  endfacet
  facet normal -0.797931 -0.602748 0
    outer loop
      vertex 46.3683 33.5805 0.49
      vertex 46.4489 33.4738 0
      vertex 46.4489 33.4738 0.49
    endloop
  endfacet
  facet normal -0.719204 -0.694799 0
    outer loop
      vertex 46.54 33.3795 0
      vertex 46.4489 33.4738 0.49
      vertex 46.4489 33.4738 0
    endloop
  endfacet
  facet normal -0.719204 -0.694799 0
    outer loop
      vertex 46.4489 33.4738 0.49
      vertex 46.54 33.3795 0
      vertex 46.54 33.3795 0.49
    endloop
  endfacet
  facet normal -0.624504 -0.781021 0
    outer loop
      vertex 46.54 33.3795 0
      vertex 46.6398 33.2997 0.49
      vertex 46.54 33.3795 0.49
    endloop
  endfacet
  facet normal -0.624504 -0.781021 -0
    outer loop
      vertex 46.6398 33.2997 0.49
      vertex 46.54 33.3795 0
      vertex 46.6398 33.2997 0
    endloop
  endfacet
  facet normal -0.515775 -0.856724 0
    outer loop
      vertex 46.6398 33.2997 0
      vertex 46.7481 33.2345 0.49
      vertex 46.6398 33.2997 0.49
    endloop
  endfacet
  facet normal -0.515775 -0.856724 -0
    outer loop
      vertex 46.7481 33.2345 0.49
      vertex 46.6398 33.2997 0
      vertex 46.7481 33.2345 0
    endloop
  endfacet
  facet normal -0.397981 -0.917394 0
    outer loop
      vertex 46.7481 33.2345 0
      vertex 46.8652 33.1837 0.49
      vertex 46.7481 33.2345 0.49
    endloop
  endfacet
  facet normal -0.397981 -0.917394 -0
    outer loop
      vertex 46.8652 33.1837 0.49
      vertex 46.7481 33.2345 0
      vertex 46.8652 33.1837 0
    endloop
  endfacet
  facet normal -0.277649 -0.960682 0
    outer loop
      vertex 46.8652 33.1837 0
      vertex 46.9908 33.1474 0.49
      vertex 46.8652 33.1837 0.49
    endloop
  endfacet
  facet normal -0.277649 -0.960682 -0
    outer loop
      vertex 46.9908 33.1474 0.49
      vertex 46.8652 33.1837 0
      vertex 46.9908 33.1474 0
    endloop
  endfacet
  facet normal -0.15951 -0.987196 0
    outer loop
      vertex 46.9908 33.1474 0
      vertex 47.1251 33.1257 0.49
      vertex 46.9908 33.1474 0.49
    endloop
  endfacet
  facet normal -0.15951 -0.987196 -0
    outer loop
      vertex 47.1251 33.1257 0.49
      vertex 46.9908 33.1474 0
      vertex 47.1251 33.1257 0
    endloop
  endfacet
  facet normal -0.0509826 -0.9987 0
    outer loop
      vertex 47.1251 33.1257 0
      vertex 47.2681 33.1184 0.49
      vertex 47.1251 33.1257 0.49
    endloop
  endfacet
  facet normal -0.0509826 -0.9987 -0
    outer loop
      vertex 47.2681 33.1184 0.49
      vertex 47.1251 33.1257 0
      vertex 47.2681 33.1184 0
    endloop
  endfacet
  facet normal 0 -1 0
    outer loop
      vertex 47.2681 33.1184 0
      vertex 47.9462 33.1184 0.49
      vertex 47.2681 33.1184 0.49
    endloop
  endfacet
  facet normal 0 -1 -0
    outer loop
      vertex 47.9462 33.1184 0.49
      vertex 47.2681 33.1184 0
      vertex 47.9462 33.1184 0
    endloop
  endfacet
  facet normal 0.999672 0.0256121 0
    outer loop
      vertex 26.6691 33.9403 0.49
      vertex 26.6659 34.0652 0
      vertex 26.6659 34.0652 0.49
    endloop
  endfacet
  facet normal 0.999672 0.0256121 0
    outer loop
      vertex 26.6659 34.0652 0
      vertex 26.6691 33.9403 0.49
      vertex 26.6691 33.9403 0
    endloop
  endfacet
  facet normal 0.99651 0.0834728 0
    outer loop
      vertex 26.6659 34.0652 0.49
      vertex 26.6562 34.181 0
      vertex 26.6562 34.181 0.49
    endloop
  endfacet
  facet normal 0.99651 0.0834728 0
    outer loop
      vertex 26.6562 34.181 0
      vertex 26.6659 34.0652 0.49
      vertex 26.6659 34.0652 0
    endloop
  endfacet
  facet normal 0.98867 0.150107 0
    outer loop
      vertex 26.6562 34.181 0.49
      vertex 26.64 34.2877 0
      vertex 26.64 34.2877 0.49
    endloop
  endfacet
  facet normal 0.98867 0.150107 0
    outer loop
      vertex 26.64 34.2877 0
      vertex 26.6562 34.181 0.49
      vertex 26.6562 34.181 0
    endloop
  endfacet
  facet normal 0.974054 0.226316 0
    outer loop
      vertex 26.64 34.2877 0.49
      vertex 26.6173 34.3854 0
      vertex 26.6173 34.3854 0.49
    endloop
  endfacet
  facet normal 0.974054 0.226316 0
    outer loop
      vertex 26.6173 34.3854 0
      vertex 26.64 34.2877 0.49
      vertex 26.64 34.2877 0
    endloop
  endfacet
  facet normal 0.950068 0.312043 0
    outer loop
      vertex 26.6173 34.3854 0.49
      vertex 26.5882 34.474 0
      vertex 26.5882 34.474 0.49
    endloop
  endfacet
  facet normal 0.950068 0.312043 0
    outer loop
      vertex 26.5882 34.474 0
      vertex 26.6173 34.3854 0.49
      vertex 26.6173 34.3854 0
    endloop
  endfacet
  facet normal 0.912672 0.408693 0
    outer loop
      vertex 26.5882 34.474 0.49
      vertex 26.5526 34.5535 0
      vertex 26.5526 34.5535 0.49
    endloop
  endfacet
  facet normal 0.912672 0.408693 0
    outer loop
      vertex 26.5526 34.5535 0
      vertex 26.5882 34.474 0.49
      vertex 26.5882 34.474 0
    endloop
  endfacet
  facet normal 0.858245 0.51324 0
    outer loop
      vertex 26.5526 34.5535 0.49
      vertex 26.5105 34.6239 0
      vertex 26.5105 34.6239 0.49
    endloop
  endfacet
  facet normal 0.858245 0.51324 0
    outer loop
      vertex 26.5105 34.6239 0
      vertex 26.5526 34.5535 0.49
      vertex 26.5526 34.5535 0
    endloop
  endfacet
  facet normal 0.786988 0.616968 0
    outer loop
      vertex 26.5105 34.6239 0.49
      vertex 26.4626 34.685 0
      vertex 26.4626 34.685 0.49
    endloop
  endfacet
  facet normal 0.786988 0.616968 0
    outer loop
      vertex 26.4626 34.685 0
      vertex 26.5105 34.6239 0.49
      vertex 26.5105 34.6239 0
    endloop
  endfacet
  facet normal 0.69829 0.715815 -0
    outer loop
      vertex 26.4626 34.685 0
      vertex 26.4095 34.7368 0.49
      vertex 26.4626 34.685 0.49
    endloop
  endfacet
  facet normal 0.69829 0.715815 0
    outer loop
      vertex 26.4095 34.7368 0.49
      vertex 26.4626 34.685 0
      vertex 26.4095 34.7368 0
    endloop
  endfacet
  facet normal 0.587924 0.808916 -0
    outer loop
      vertex 26.4095 34.7368 0
      vertex 26.3513 34.7791 0.49
      vertex 26.4095 34.7368 0.49
    endloop
  endfacet
  facet normal 0.587924 0.808916 0
    outer loop
      vertex 26.3513 34.7791 0.49
      vertex 26.4095 34.7368 0
      vertex 26.3513 34.7791 0
    endloop
  endfacet
  facet normal 0.461705 0.887033 -0
    outer loop
      vertex 26.3513 34.7791 0
      vertex 26.2879 34.8121 0.49
      vertex 26.3513 34.7791 0.49
    endloop
  endfacet
  facet normal 0.461705 0.887033 0
    outer loop
      vertex 26.2879 34.8121 0.49
      vertex 26.3513 34.7791 0
      vertex 26.2879 34.8121 0
    endloop
  endfacet
  facet normal 0.324501 0.945885 -0
    outer loop
      vertex 26.2879 34.8121 0
      vertex 26.2194 34.8356 0.49
      vertex 26.2879 34.8121 0.49
    endloop
  endfacet
  facet normal 0.324501 0.945885 0
    outer loop
      vertex 26.2194 34.8356 0.49
      vertex 26.2879 34.8121 0
      vertex 26.2194 34.8356 0
    endloop
  endfacet
  facet normal 0.188154 0.982139 -0
    outer loop
      vertex 26.2194 34.8356 0
      vertex 26.1458 34.8497 0.49
      vertex 26.2194 34.8356 0.49
    endloop
  endfacet
  facet normal 0.188154 0.982139 0
    outer loop
      vertex 26.1458 34.8497 0.49
      vertex 26.2194 34.8356 0
      vertex 26.1458 34.8497 0
    endloop
  endfacet
  facet normal 0.0595389 0.998226 -0
    outer loop
      vertex 26.1458 34.8497 0
      vertex 26.067 34.8544 0.49
      vertex 26.1458 34.8497 0.49
    endloop
  endfacet
  facet normal 0.0595389 0.998226 0
    outer loop
      vertex 26.067 34.8544 0.49
      vertex 26.1458 34.8497 0
      vertex 26.067 34.8544 0
    endloop
  endfacet
  facet normal -0.0194138 0.999812 0
    outer loop
      vertex 26.067 34.8544 0
      vertex 26.0258 34.8536 0.49
      vertex 26.067 34.8544 0.49
    endloop
  endfacet
  facet normal -0.0194138 0.999812 0
    outer loop
      vertex 26.0258 34.8536 0.49
      vertex 26.067 34.8544 0
      vertex 26.0258 34.8536 0
    endloop
  endfacet
  facet normal -0.0580415 0.998314 0
    outer loop
      vertex 26.0258 34.8536 0
      vertex 25.9828 34.8511 0.49
      vertex 26.0258 34.8536 0.49
    endloop
  endfacet
  facet normal -0.0580415 0.998314 0
    outer loop
      vertex 25.9828 34.8511 0.49
      vertex 26.0258 34.8536 0
      vertex 25.9828 34.8511 0
    endloop
  endfacet
  facet normal -0.0913392 0.99582 0
    outer loop
      vertex 25.9828 34.8511 0
      vertex 25.9381 34.847 0.49
      vertex 25.9828 34.8511 0.49
    endloop
  endfacet
  facet normal -0.0913392 0.99582 0
    outer loop
      vertex 25.9381 34.847 0.49
      vertex 25.9828 34.8511 0
      vertex 25.9381 34.847 0
    endloop
  endfacet
  facet normal -0.123772 0.992311 0
    outer loop
      vertex 25.9381 34.847 0
      vertex 25.8916 34.8412 0.49
      vertex 25.9381 34.847 0.49
    endloop
  endfacet
  facet normal -0.123772 0.992311 0
    outer loop
      vertex 25.8916 34.8412 0.49
      vertex 25.9381 34.847 0
      vertex 25.8916 34.8412 0
    endloop
  endfacet
  facet normal -0.153751 0.98811 0
    outer loop
      vertex 25.8916 34.8412 0
      vertex 25.8434 34.8337 0.49
      vertex 25.8916 34.8412 0.49
    endloop
  endfacet
  facet normal -0.153751 0.98811 0
    outer loop
      vertex 25.8434 34.8337 0.49
      vertex 25.8916 34.8412 0
      vertex 25.8434 34.8337 0
    endloop
  endfacet
  facet normal -0.180613 0.983554 0
    outer loop
      vertex 25.8434 34.8337 0
      vertex 25.7933 34.8245 0.49
      vertex 25.8434 34.8337 0.49
    endloop
  endfacet
  facet normal -0.180613 0.983554 0
    outer loop
      vertex 25.7933 34.8245 0.49
      vertex 25.8434 34.8337 0
      vertex 25.7933 34.8245 0
    endloop
  endfacet
  facet normal -0.202293 0.979325 0
    outer loop
      vertex 25.7933 34.8245 0
      vertex 25.7415 34.8138 0.49
      vertex 25.7933 34.8245 0.49
    endloop
  endfacet
  facet normal -0.202293 0.979325 0
    outer loop
      vertex 25.7415 34.8138 0.49
      vertex 25.7933 34.8245 0
      vertex 25.7415 34.8138 0
    endloop
  endfacet
  facet normal 1 -0 0
    outer loop
      vertex 25.7415 34.8138 0.49
      vertex 25.7415 35.4512 0
      vertex 25.7415 35.4512 0.49
    endloop
  endfacet
  facet normal 1 0 0
    outer loop
      vertex 25.7415 35.4512 0
      vertex 25.7415 34.8138 0.49
      vertex 25.7415 34.8138 0
    endloop
  endfacet
  facet normal 0.37498 -0.927033 0
    outer loop
      vertex 25.7415 35.4512 0
      vertex 25.7682 35.462 0.49
      vertex 25.7415 35.4512 0.49
    endloop
  endfacet
  facet normal 0.37498 -0.927033 0
    outer loop
      vertex 25.7682 35.462 0.49
      vertex 25.7415 35.4512 0
      vertex 25.7682 35.462 0
    endloop
  endfacet
  facet normal 0.298462 -0.954422 0
    outer loop
      vertex 25.7682 35.462 0
      vertex 25.7973 35.4711 0.49
      vertex 25.7682 35.462 0.49
    endloop
  endfacet
  facet normal 0.298462 -0.954422 0
    outer loop
      vertex 25.7973 35.4711 0.49
      vertex 25.7682 35.462 0
      vertex 25.7973 35.4711 0
    endloop
  endfacet
  facet normal 0.232318 -0.97264 0
    outer loop
      vertex 25.7973 35.4711 0
      vertex 25.8287 35.4786 0.49
      vertex 25.7973 35.4711 0.49
    endloop
  endfacet
  facet normal 0.232318 -0.97264 0
    outer loop
      vertex 25.8287 35.4786 0.49
      vertex 25.7973 35.4711 0
      vertex 25.8287 35.4786 0
    endloop
  endfacet
  facet normal 0.169613 -0.985511 0
    outer loop
      vertex 25.8287 35.4786 0
      vertex 25.8624 35.4844 0.49
      vertex 25.8287 35.4786 0.49
    endloop
  endfacet
  facet normal 0.169613 -0.985511 0
    outer loop
      vertex 25.8624 35.4844 0.49
      vertex 25.8287 35.4786 0
      vertex 25.8624 35.4844 0
    endloop
  endfacet
  facet normal 0.115881 -0.993263 0
    outer loop
      vertex 25.8624 35.4844 0
      vertex 25.8984 35.4886 0.49
      vertex 25.8624 35.4844 0.49
    endloop
  endfacet
  facet normal 0.115881 -0.993263 0
    outer loop
      vertex 25.8984 35.4886 0.49
      vertex 25.8624 35.4844 0
      vertex 25.8984 35.4886 0
    endloop
  endfacet
  facet normal 0.0623783 -0.998053 0
    outer loop
      vertex 25.8984 35.4886 0
      vertex 25.9368 35.491 0.49
      vertex 25.8984 35.4886 0.49
    endloop
  endfacet
  facet normal 0.0623783 -0.998053 0
    outer loop
      vertex 25.9368 35.491 0.49
      vertex 25.8984 35.4886 0
      vertex 25.9368 35.491 0
    endloop
  endfacet
  facet normal 0.0221076 -0.999756 0
    outer loop
      vertex 25.9368 35.491 0
      vertex 25.9775 35.4919 0.49
      vertex 25.9368 35.491 0.49
    endloop
  endfacet
  facet normal 0.0221076 -0.999756 0
    outer loop
      vertex 25.9775 35.4919 0.49
      vertex 25.9368 35.491 0
      vertex 25.9775 35.4919 0
    endloop
  endfacet
  facet normal -0.0260433 -0.999661 0
    outer loop
      vertex 25.9775 35.4919 0
      vertex 26.0274 35.4906 0.49
      vertex 25.9775 35.4919 0.49
    endloop
  endfacet
  facet normal -0.0260433 -0.999661 -0
    outer loop
      vertex 26.0274 35.4906 0.49
      vertex 25.9775 35.4919 0
      vertex 26.0274 35.4906 0
    endloop
  endfacet
  facet normal -0.0776595 -0.99698 0
    outer loop
      vertex 26.0274 35.4906 0
      vertex 26.0749 35.4869 0.49
      vertex 26.0274 35.4906 0.49
    endloop
  endfacet
  facet normal -0.0776595 -0.99698 -0
    outer loop
      vertex 26.0749 35.4869 0.49
      vertex 26.0274 35.4906 0
      vertex 26.0749 35.4869 0
    endloop
  endfacet
  facet normal -0.136191 -0.990683 0
    outer loop
      vertex 26.0749 35.4869 0
      vertex 26.12 35.4807 0.49
      vertex 26.0749 35.4869 0.49
    endloop
  endfacet
  facet normal -0.136191 -0.990683 -0
    outer loop
      vertex 26.12 35.4807 0.49
      vertex 26.0749 35.4869 0
      vertex 26.12 35.4807 0
    endloop
  endfacet
  facet normal -0.202302 -0.979323 0
    outer loop
      vertex 26.12 35.4807 0
      vertex 26.1626 35.4719 0.49
      vertex 26.12 35.4807 0.49
    endloop
  endfacet
  facet normal -0.202302 -0.979323 -0
    outer loop
      vertex 26.1626 35.4719 0.49
      vertex 26.12 35.4807 0
      vertex 26.1626 35.4719 0
    endloop
  endfacet
  facet normal -0.268385 -0.963312 0
    outer loop
      vertex 26.1626 35.4719 0
      vertex 26.2028 35.4607 0.49
      vertex 26.1626 35.4719 0.49
    endloop
  endfacet
  facet normal -0.268385 -0.963312 -0
    outer loop
      vertex 26.2028 35.4607 0.49
      vertex 26.1626 35.4719 0
      vertex 26.2028 35.4607 0
    endloop
  endfacet
  facet normal -0.341543 -0.939866 0
    outer loop
      vertex 26.2028 35.4607 0
      vertex 26.2405 35.447 0.49
      vertex 26.2028 35.4607 0.49
    endloop
  endfacet
  facet normal -0.341543 -0.939866 -0
    outer loop
      vertex 26.2405 35.447 0.49
      vertex 26.2028 35.4607 0
      vertex 26.2405 35.447 0
    endloop
  endfacet
  facet normal -0.416124 -0.909308 0
    outer loop
      vertex 26.2405 35.447 0
      vertex 26.2759 35.4308 0.49
      vertex 26.2405 35.447 0.49
    endloop
  endfacet
  facet normal -0.416124 -0.909308 -0
    outer loop
      vertex 26.2759 35.4308 0.49
      vertex 26.2405 35.447 0
      vertex 26.2759 35.4308 0
    endloop
  endfacet
  facet normal -0.488524 -0.872551 0
    outer loop
      vertex 26.2759 35.4308 0
      vertex 26.3093 35.4121 0.49
      vertex 26.2759 35.4308 0.49
    endloop
  endfacet
  facet normal -0.488524 -0.872551 -0
    outer loop
      vertex 26.3093 35.4121 0.49
      vertex 26.2759 35.4308 0
      vertex 26.3093 35.4121 0
    endloop
  endfacet
  facet normal -0.5547 -0.83205 0
    outer loop
      vertex 26.3093 35.4121 0
      vertex 26.3414 35.3907 0.49
      vertex 26.3093 35.4121 0.49
    endloop
  endfacet
  facet normal -0.5547 -0.83205 -0
    outer loop
      vertex 26.3414 35.3907 0.49
      vertex 26.3093 35.4121 0
      vertex 26.3414 35.3907 0
    endloop
  endfacet
  facet normal -0.616239 -0.787559 0
    outer loop
      vertex 26.3414 35.3907 0
      vertex 26.3722 35.3666 0.49
      vertex 26.3414 35.3907 0.49
    endloop
  endfacet
  facet normal -0.616239 -0.787559 -0
    outer loop
      vertex 26.3722 35.3666 0.49
      vertex 26.3414 35.3907 0
      vertex 26.3722 35.3666 0
    endloop
  endfacet
  facet normal -0.673673 -0.739029 0
    outer loop
      vertex 26.3722 35.3666 0
      vertex 26.4016 35.3398 0.49
      vertex 26.3722 35.3666 0.49
    endloop
  endfacet
  facet normal -0.673673 -0.739029 -0
    outer loop
      vertex 26.4016 35.3398 0.49
      vertex 26.3722 35.3666 0
      vertex 26.4016 35.3398 0
    endloop
  endfacet
  facet normal -0.722909 -0.690943 0
    outer loop
      vertex 26.4297 35.3104 0
      vertex 26.4016 35.3398 0.49
      vertex 26.4016 35.3398 0
    endloop
  endfacet
  facet normal -0.722909 -0.690943 0
    outer loop
      vertex 26.4016 35.3398 0.49
      vertex 26.4297 35.3104 0
      vertex 26.4297 35.3104 0.49
    endloop
  endfacet
  facet normal -0.766648 -0.642068 0
    outer loop
      vertex 26.4565 35.2784 0
      vertex 26.4297 35.3104 0.49
      vertex 26.4297 35.3104 0
    endloop
  endfacet
  facet normal -0.766648 -0.642068 0
    outer loop
      vertex 26.4297 35.3104 0.49
      vertex 26.4565 35.2784 0
      vertex 26.4565 35.2784 0.49
    endloop
  endfacet
  facet normal -0.805814 -0.592169 0
    outer loop
      vertex 26.482 35.2437 0
      vertex 26.4565 35.2784 0.49
      vertex 26.4565 35.2784 0
    endloop
  endfacet
  facet normal -0.805814 -0.592169 0
    outer loop
      vertex 26.4565 35.2784 0.49
      vertex 26.482 35.2437 0
      vertex 26.482 35.2437 0.49
    endloop
  endfacet
  facet normal -0.843923 -0.536464 0
    outer loop
      vertex 26.5073 35.2039 0
      vertex 26.482 35.2437 0.49
      vertex 26.482 35.2437 0
    endloop
  endfacet
  facet normal -0.843923 -0.536464 0
    outer loop
      vertex 26.482 35.2437 0.49
      vertex 26.5073 35.2039 0
      vertex 26.5073 35.2039 0.49
    endloop
  endfacet
  facet normal -0.873545 -0.486743 0
    outer loop
      vertex 26.5336 35.1567 0
      vertex 26.5073 35.2039 0.49
      vertex 26.5073 35.2039 0
    endloop
  endfacet
  facet normal -0.873545 -0.486743 0
    outer loop
      vertex 26.5073 35.2039 0.49
      vertex 26.5336 35.1567 0
      vertex 26.5336 35.1567 0.49
    endloop
  endfacet
  facet normal -0.89508 -0.445906 0
    outer loop
      vertex 26.5609 35.1019 0
      vertex 26.5336 35.1567 0.49
      vertex 26.5336 35.1567 0
    endloop
  endfacet
  facet normal -0.89508 -0.445906 0
    outer loop
      vertex 26.5336 35.1567 0.49
      vertex 26.5609 35.1019 0
      vertex 26.5609 35.1019 0.49
    endloop
  endfacet
  facet normal -0.910216 -0.414134 0
    outer loop
      vertex 26.5892 35.0397 0
      vertex 26.5609 35.1019 0.49
      vertex 26.5609 35.1019 0
    endloop
  endfacet
  facet normal -0.910216 -0.414134 0
    outer loop
      vertex 26.5609 35.1019 0.49
      vertex 26.5892 35.0397 0
      vertex 26.5892 35.0397 0.49
    endloop
  endfacet
  facet normal -0.92166 -0.387998 0
    outer loop
      vertex 26.6185 34.9701 0
      vertex 26.5892 35.0397 0.49
      vertex 26.5892 35.0397 0
    endloop
  endfacet
  facet normal -0.92166 -0.387998 0
    outer loop
      vertex 26.5892 35.0397 0.49
      vertex 26.6185 34.9701 0
      vertex 26.6185 34.9701 0.49
    endloop
  endfacet
  facet normal -0.931278 -0.364308 0
    outer loop
      vertex 26.6487 34.8929 0
      vertex 26.6185 34.9701 0.49
      vertex 26.6185 34.9701 0
    endloop
  endfacet
  facet normal -0.931278 -0.364308 0
    outer loop
      vertex 26.6185 34.9701 0.49
      vertex 26.6487 34.8929 0
      vertex 26.6487 34.8929 0.49
    endloop
  endfacet
  facet normal -0.937869 -0.346989 0
    outer loop
      vertex 26.68 34.8083 0
      vertex 26.6487 34.8929 0.49
      vertex 26.6487 34.8929 0
    endloop
  endfacet
  facet normal -0.937869 -0.346989 0
    outer loop
      vertex 26.6487 34.8929 0.49
      vertex 26.68 34.8083 0
      vertex 26.68 34.8083 0.49
    endloop
  endfacet
  facet normal 0 -1 0
    outer loop
      vertex 26.68 34.8083 0
      vertex 26.6909 34.8083 0.49
      vertex 26.68 34.8083 0.49
    endloop
  endfacet
  facet normal 0 -1 -0
    outer loop
      vertex 26.6909 34.8083 0.49
      vertex 26.68 34.8083 0
      vertex 26.6909 34.8083 0
    endloop
  endfacet
  facet normal 0.999972 -0.00749043 0
    outer loop
      vertex 26.6909 34.8083 0.49
      vertex 26.6911 34.835 0
      vertex 26.6911 34.835 0.49
    endloop
  endfacet
  facet normal 0.999972 -0.00749043 0
    outer loop
      vertex 26.6911 34.835 0
      vertex 26.6909 34.8083 0.49
      vertex 26.6909 34.8083 0
    endloop
  endfacet
  facet normal 0.999637 -0.0269363 0
    outer loop
      vertex 26.6911 34.835 0.49
      vertex 26.692 34.8684 0
      vertex 26.692 34.8684 0.49
    endloop
  endfacet
  facet normal 0.999637 -0.0269363 0
    outer loop
      vertex 26.692 34.8684 0
      vertex 26.6911 34.835 0.49
      vertex 26.6911 34.835 0
    endloop
  endfacet
  facet normal 0.999397 -0.0347185 0
    outer loop
      vertex 26.692 34.8684 0.49
      vertex 26.6934 34.9087 0
      vertex 26.6934 34.9087 0.49
    endloop
  endfacet
  facet normal 0.999397 -0.0347185 0
    outer loop
      vertex 26.6934 34.9087 0
      vertex 26.692 34.8684 0.49
      vertex 26.692 34.8684 0
    endloop
  endfacet
  facet normal 0.999187 -0.0403069 0
    outer loop
      vertex 26.6934 34.9087 0.49
      vertex 26.6953 34.9558 0
      vertex 26.6953 34.9558 0.49
    endloop
  endfacet
  facet normal 0.999187 -0.0403069 0
    outer loop
      vertex 26.6953 34.9558 0
      vertex 26.6934 34.9087 0.49
      vertex 26.6934 34.9087 0
    endloop
  endfacet
  facet normal 0.998926 -0.0463324 0
    outer loop
      vertex 26.6953 34.9558 0.49
      vertex 26.6978 35.0097 0
      vertex 26.6978 35.0097 0.49
    endloop
  endfacet
  facet normal 0.998926 -0.0463324 0
    outer loop
      vertex 26.6978 35.0097 0
      vertex 26.6953 34.9558 0.49
      vertex 26.6953 34.9558 0
    endloop
  endfacet
  facet normal 0.998781 -0.0493631 0
    outer loop
      vertex 26.6978 35.0097 0.49
      vertex 26.7008 35.0704 0
      vertex 26.7008 35.0704 0.49
    endloop
  endfacet
  facet normal 0.998781 -0.0493631 0
    outer loop
      vertex 26.7008 35.0704 0
      vertex 26.6978 35.0097 0.49
      vertex 26.6978 35.0097 0
    endloop
  endfacet
  facet normal 0.998581 -0.0532576 0
    outer loop
      vertex 26.7008 35.0704 0.49
      vertex 26.7044 35.1379 0
      vertex 26.7044 35.1379 0.49
    endloop
  endfacet
  facet normal 0.998581 -0.0532576 0
    outer loop
      vertex 26.7044 35.1379 0
      vertex 26.7008 35.0704 0.49
      vertex 26.7008 35.0704 0
    endloop
  endfacet
  facet normal 0.998391 -0.0567098 0
    outer loop
      vertex 26.7044 35.1379 0.49
      vertex 26.7082 35.2048 0
      vertex 26.7082 35.2048 0.49
    endloop
  endfacet
  facet normal 0.998391 -0.0567098 0
    outer loop
      vertex 26.7082 35.2048 0
      vertex 26.7044 35.1379 0.49
      vertex 26.7044 35.1379 0
    endloop
  endfacet
  facet normal 0.998227 -0.0595195 0
    outer loop
      vertex 26.7082 35.2048 0.49
      vertex 26.7117 35.2635 0
      vertex 26.7117 35.2635 0.49
    endloop
  endfacet
  facet normal 0.998227 -0.0595195 0
    outer loop
      vertex 26.7117 35.2635 0
      vertex 26.7082 35.2048 0.49
      vertex 26.7082 35.2048 0
    endloop
  endfacet
  facet normal 0.997741 -0.0671747 0
    outer loop
      vertex 26.7117 35.2635 0.49
      vertex 26.7151 35.314 0
      vertex 26.7151 35.314 0.49
    endloop
  endfacet
  facet normal 0.997741 -0.0671747 0
    outer loop
      vertex 26.7151 35.314 0
      vertex 26.7117 35.2635 0.49
      vertex 26.7117 35.2635 0
    endloop
  endfacet
  facet normal 0.99735 -0.0727479 0
    outer loop
      vertex 26.7151 35.314 0.49
      vertex 26.7182 35.3565 0
      vertex 26.7182 35.3565 0.49
    endloop
  endfacet
  facet normal 0.99735 -0.0727479 0
    outer loop
      vertex 26.7182 35.3565 0
      vertex 26.7151 35.314 0.49
      vertex 26.7151 35.314 0
    endloop
  endfacet
  facet normal 0.996665 -0.0815983 0
    outer loop
      vertex 26.7182 35.3565 0.49
      vertex 26.721 35.3907 0
      vertex 26.721 35.3907 0.49
    endloop
  endfacet
  facet normal 0.996665 -0.0815983 0
    outer loop
      vertex 26.721 35.3907 0
      vertex 26.7182 35.3565 0.49
      vertex 26.7182 35.3565 0
    endloop
  endfacet
  facet normal 0.994732 -0.102511 0
    outer loop
      vertex 26.721 35.3907 0.49
      vertex 26.7237 35.4169 0
      vertex 26.7237 35.4169 0.49
    endloop
  endfacet
  facet normal 0.994732 -0.102511 0
    outer loop
      vertex 26.7237 35.4169 0
      vertex 26.721 35.3907 0.49
      vertex 26.721 35.3907 0
    endloop
  endfacet
  facet normal 0.990492 -0.137568 0
    outer loop
      vertex 26.7237 35.4169 0.49
      vertex 26.7262 35.4349 0
      vertex 26.7262 35.4349 0.49
    endloop
  endfacet
  facet normal 0.990492 -0.137568 0
    outer loop
      vertex 26.7262 35.4349 0
      vertex 26.7237 35.4169 0.49
      vertex 26.7237 35.4169 0
    endloop
  endfacet
  facet normal 0 -1 0
    outer loop
      vertex 26.7262 35.4349 0
      vertex 27.4531 35.4349 0.49
      vertex 26.7262 35.4349 0.49
    endloop
  endfacet
  facet normal 0 -1 -0
    outer loop
      vertex 27.4531 35.4349 0.49
      vertex 26.7262 35.4349 0
      vertex 27.4531 35.4349 0
    endloop
  endfacet
  facet normal -0.99801 0.0630611 0
    outer loop
      vertex 27.4508 35.3985 0
      vertex 27.4531 35.4349 0.49
      vertex 27.4531 35.4349 0
    endloop
  endfacet
  facet normal -0.99801 0.0630611 0
    outer loop
      vertex 27.4531 35.4349 0.49
      vertex 27.4508 35.3985 0
      vertex 27.4508 35.3985 0.49
    endloop
  endfacet
  facet normal -0.998164 0.0605746 0
    outer loop
      vertex 27.4485 35.3606 0
      vertex 27.4508 35.3985 0.49
      vertex 27.4508 35.3985 0
    endloop
  endfacet
  facet normal -0.998164 0.0605746 0
    outer loop
      vertex 27.4508 35.3985 0.49
      vertex 27.4485 35.3606 0
      vertex 27.4485 35.3606 0.49
    endloop
  endfacet
  facet normal -0.998583 0.0532239 0
    outer loop
      vertex 27.4464 35.3212 0
      vertex 27.4485 35.3606 0.49
      vertex 27.4485 35.3606 0
    endloop
  endfacet
  facet normal -0.998583 0.0532239 0
    outer loop
      vertex 27.4485 35.3606 0.49
      vertex 27.4464 35.3212 0
      vertex 27.4464 35.3212 0.49
    endloop
  endfacet
  facet normal -0.998549 0.0538433 0
    outer loop
      vertex 27.4442 35.2804 0
      vertex 27.4464 35.3212 0.49
      vertex 27.4464 35.3212 0
    endloop
  endfacet
  facet normal -0.998549 0.0538433 0
    outer loop
      vertex 27.4464 35.3212 0.49
      vertex 27.4442 35.2804 0
      vertex 27.4442 35.2804 0.49
    endloop
  endfacet
  facet normal -0.998889 0.0471174 0
    outer loop
      vertex 27.4422 35.238 0
      vertex 27.4442 35.2804 0.49
      vertex 27.4442 35.2804 0
    endloop
  endfacet
  facet normal -0.998889 0.0471174 0
    outer loop
      vertex 27.4442 35.2804 0.49
      vertex 27.4422 35.238 0
      vertex 27.4422 35.238 0.49
    endloop
  endfacet
  facet normal -0.998858 0.0477814 0
    outer loop
      vertex 27.4401 35.1941 0
      vertex 27.4422 35.238 0.49
      vertex 27.4422 35.238 0
    endloop
  endfacet
  facet normal -0.998858 0.0477814 0
    outer loop
      vertex 27.4422 35.238 0.49
      vertex 27.4401 35.1941 0
      vertex 27.4401 35.1941 0.49
    endloop
  endfacet
  facet normal -0.999122 0.0419058 0
    outer loop
      vertex 27.4382 35.1488 0
      vertex 27.4401 35.1941 0.49
      vertex 27.4401 35.1941 0
    endloop
  endfacet
  facet normal -0.999122 0.0419058 0
    outer loop
      vertex 27.4401 35.1941 0.49
      vertex 27.4382 35.1488 0
      vertex 27.4382 35.1488 0.49
    endloop
  endfacet
  facet normal -0.999292 0.0376302 0
    outer loop
      vertex 27.4364 35.101 0
      vertex 27.4382 35.1488 0.49
      vertex 27.4382 35.1488 0
    endloop
  endfacet
  facet normal -0.999292 0.0376302 0
    outer loop
      vertex 27.4382 35.1488 0.49
      vertex 27.4364 35.101 0
      vertex 27.4364 35.101 0.49
    endloop
  endfacet
  facet normal -0.999568 0.0293991 0
    outer loop
      vertex 27.4349 35.05 0
      vertex 27.4364 35.101 0.49
      vertex 27.4364 35.101 0
    endloop
  endfacet
  facet normal -0.999568 0.0293991 0
    outer loop
      vertex 27.4364 35.101 0.49
      vertex 27.4349 35.05 0
      vertex 27.4349 35.05 0.49
    endloop
  endfacet
  facet normal -0.999714 0.0239342 0
    outer loop
      vertex 27.4336 34.9957 0
      vertex 27.4349 35.05 0.49
      vertex 27.4349 35.05 0
    endloop
  endfacet
  facet normal -0.999714 0.0239342 0
    outer loop
      vertex 27.4349 35.05 0.49
      vertex 27.4336 34.9957 0
      vertex 27.4336 34.9957 0.49
    endloop
  endfacet
  facet normal -0.999849 0.0173887 0
    outer loop
      vertex 27.4326 34.9382 0
      vertex 27.4336 34.9957 0.49
      vertex 27.4336 34.9957 0
    endloop
  endfacet
  facet normal -0.999849 0.0173887 0
    outer loop
      vertex 27.4336 34.9957 0.49
      vertex 27.4326 34.9382 0
      vertex 27.4326 34.9382 0.49
    endloop
  endfacet
  facet normal -0.999934 0.0115124 0
    outer loop
      vertex 27.4319 34.8774 0
      vertex 27.4326 34.9382 0.49
      vertex 27.4326 34.9382 0
    endloop
  endfacet
  facet normal -0.999934 0.0115124 0
    outer loop
      vertex 27.4326 34.9382 0.49
      vertex 27.4319 34.8774 0
      vertex 27.4319 34.8774 0.49
    endloop
  endfacet
  facet normal -0.999981 0.00624013 0
    outer loop
      vertex 27.4315 34.8133 0
      vertex 27.4319 34.8774 0.49
      vertex 27.4319 34.8774 0
    endloop
  endfacet
  facet normal -0.999981 0.00624013 0
    outer loop
      vertex 27.4319 34.8774 0.49
      vertex 27.4315 34.8133 0
      vertex 27.4315 34.8133 0.49
    endloop
  endfacet
  facet normal -0.999999 0.00148588 0
    outer loop
      vertex 27.4314 34.746 0
      vertex 27.4315 34.8133 0.49
      vertex 27.4315 34.8133 0
    endloop
  endfacet
  facet normal -0.999999 0.00148588 0
    outer loop
      vertex 27.4315 34.8133 0.49
      vertex 27.4314 34.746 0
      vertex 27.4314 34.746 0.49
    endloop
  endfacet
  facet normal -1 0 0
    outer loop
      vertex 27.4314 32.5 0
      vertex 27.4314 34.746 0.49
      vertex 27.4314 34.746 0
    endloop
  endfacet
  facet normal -1 -0 0
    outer loop
      vertex 27.4314 34.746 0.49
      vertex 27.4314 32.5 0
      vertex 27.4314 32.5 0.49
    endloop
  endfacet
  facet normal 0 1 -0
    outer loop
      vertex 27.4314 32.5 0
      vertex 26.6691 32.5 0.49
      vertex 27.4314 32.5 0.49
    endloop
  endfacet
  facet normal 0 1 0
    outer loop
      vertex 26.6691 32.5 0.49
      vertex 27.4314 32.5 0
      vertex 26.6691 32.5 0
    endloop
  endfacet
  facet normal 1 -0 0
    outer loop
      vertex 26.6691 32.5 0.49
      vertex 26.6691 33.9403 0
      vertex 26.6691 33.9403 0.49
    endloop
  endfacet
  facet normal 1 0 0
    outer loop
      vertex 26.6691 33.9403 0
      vertex 26.6691 32.5 0.49
      vertex 26.6691 32.5 0
    endloop
  endfacet
  facet normal 0.204658 0.978834 -0
    outer loop
      vertex 23.8587 32.462 0
      vertex 23.6253 32.5108 0.49
      vertex 23.8587 32.462 0.49
    endloop
  endfacet
  facet normal 0.204658 0.978834 0
    outer loop
      vertex 23.6253 32.5108 0.49
      vertex 23.8587 32.462 0
      vertex 23.6253 32.5108 0
    endloop
  endfacet
  facet normal 0.365652 0.930751 -0
    outer loop
      vertex 23.6253 32.5108 0
      vertex 23.4181 32.5922 0.49
      vertex 23.6253 32.5108 0.49
    endloop
  endfacet
  facet normal 0.365652 0.930751 0
    outer loop
      vertex 23.4181 32.5922 0.49
      vertex 23.6253 32.5108 0
      vertex 23.4181 32.5922 0
    endloop
  endfacet
  facet normal 0.532937 0.846155 -0
    outer loop
      vertex 23.4181 32.5922 0
      vertex 23.2371 32.7062 0.49
      vertex 23.4181 32.5922 0.49
    endloop
  endfacet
  facet normal 0.532937 0.846155 0
    outer loop
      vertex 23.2371 32.7062 0.49
      vertex 23.4181 32.5922 0
      vertex 23.2371 32.7062 0
    endloop
  endfacet
  facet normal 0.687354 0.726323 -0
    outer loop
      vertex 23.2371 32.7062 0
      vertex 23.0824 32.8526 0.49
      vertex 23.2371 32.7062 0.49
    endloop
  endfacet
  facet normal 0.687354 0.726323 0
    outer loop
      vertex 23.0824 32.8526 0.49
      vertex 23.2371 32.7062 0
      vertex 23.0824 32.8526 0
    endloop
  endfacet
  facet normal 0.812506 0.582953 0
    outer loop
      vertex 23.0824 32.8526 0.49
      vertex 22.9539 33.0317 0
      vertex 22.9539 33.0317 0.49
    endloop
  endfacet
  facet normal 0.812506 0.582953 0
    outer loop
      vertex 22.9539 33.0317 0
      vertex 23.0824 32.8526 0.49
      vertex 23.0824 32.8526 0
    endloop
  endfacet
  facet normal 0.900391 0.435082 0
    outer loop
      vertex 22.9539 33.0317 0.49
      vertex 22.8517 33.2432 0
      vertex 22.8517 33.2432 0.49
    endloop
  endfacet
  facet normal 0.900391 0.435082 0
    outer loop
      vertex 22.8517 33.2432 0
      vertex 22.9539 33.0317 0.49
      vertex 22.9539 33.0317 0
    endloop
  endfacet
  facet normal 0.0864861 -0.996253 0
    outer loop
      vertex 22.8517 33.2432 0
      vertex 23.5705 33.3056 0.49
      vertex 22.8517 33.2432 0.49
    endloop
  endfacet
  facet normal 0.0864861 -0.996253 0
    outer loop
      vertex 23.5705 33.3056 0.49
      vertex 22.8517 33.2432 0
      vertex 23.5705 33.3056 0
    endloop
  endfacet
  facet normal -0.931287 -0.364286 0
    outer loop
      vertex 23.6068 33.2128 0
      vertex 23.5705 33.3056 0.49
      vertex 23.5705 33.3056 0
    endloop
  endfacet
  facet normal -0.931287 -0.364286 0
    outer loop
      vertex 23.5705 33.3056 0.49
      vertex 23.6068 33.2128 0
      vertex 23.6068 33.2128 0.49
    endloop
  endfacet
  facet normal -0.851026 -0.525124 0
    outer loop
      vertex 23.6553 33.1342 0
      vertex 23.6068 33.2128 0.49
      vertex 23.6068 33.2128 0
    endloop
  endfacet
  facet normal -0.851026 -0.525124 0
    outer loop
      vertex 23.6068 33.2128 0.49
      vertex 23.6553 33.1342 0
      vertex 23.6553 33.1342 0.49
    endloop
  endfacet
  facet normal -0.726636 -0.687022 0
    outer loop
      vertex 23.716 33.07 0
      vertex 23.6553 33.1342 0.49
      vertex 23.6553 33.1342 0
    endloop
  endfacet
  facet normal -0.726636 -0.687022 0
    outer loop
      vertex 23.6553 33.1342 0.49
      vertex 23.716 33.07 0
      vertex 23.716 33.07 0.49
    endloop
  endfacet
  facet normal -0.566144 -0.824306 0
    outer loop
      vertex 23.716 33.07 0
      vertex 23.7888 33.02 0.49
      vertex 23.716 33.07 0.49
    endloop
  endfacet
  facet normal -0.566144 -0.824306 -0
    outer loop
      vertex 23.7888 33.02 0.49
      vertex 23.716 33.07 0
      vertex 23.7888 33.02 0
    endloop
  endfacet
  facet normal -0.387232 -0.921982 0
    outer loop
      vertex 23.7888 33.02 0
      vertex 23.8738 32.9843 0.49
      vertex 23.7888 33.02 0.49
    endloop
  endfacet
  facet normal -0.387232 -0.921982 -0
    outer loop
      vertex 23.8738 32.9843 0.49
      vertex 23.7888 33.02 0
      vertex 23.8738 32.9843 0
    endloop
  endfacet
  facet normal -0.215015 -0.976611 0
    outer loop
      vertex 23.8738 32.9843 0
      vertex 23.971 32.9629 0.49
      vertex 23.8738 32.9843 0.49
    endloop
  endfacet
  facet normal -0.215015 -0.976611 -0
    outer loop
      vertex 23.971 32.9629 0.49
      vertex 23.8738 32.9843 0
      vertex 23.971 32.9629 0
    endloop
  endfacet
  facet normal -0.0656715 -0.997841 0
    outer loop
      vertex 23.971 32.9629 0
      vertex 24.0804 32.9557 0.49
      vertex 23.971 32.9629 0.49
    endloop
  endfacet
  facet normal -0.0656715 -0.997841 -0
    outer loop
      vertex 24.0804 32.9557 0.49
      vertex 23.971 32.9629 0
      vertex 24.0804 32.9557 0
    endloop
  endfacet
  facet normal 0.05547 -0.99846 0
    outer loop
      vertex 24.0804 32.9557 0
      vertex 24.1614 32.9602 0.49
      vertex 24.0804 32.9557 0.49
    endloop
  endfacet
  facet normal 0.05547 -0.99846 0
    outer loop
      vertex 24.1614 32.9602 0.49
      vertex 24.0804 32.9557 0
      vertex 24.1614 32.9602 0
    endloop
  endfacet
  facet normal 0.173488 -0.984836 0
    outer loop
      vertex 24.1614 32.9602 0
      vertex 24.2369 32.9735 0.49
      vertex 24.1614 32.9602 0.49
    endloop
  endfacet
  facet normal 0.173488 -0.984836 0
    outer loop
      vertex 24.2369 32.9735 0.49
      vertex 24.1614 32.9602 0
      vertex 24.2369 32.9735 0
    endloop
  endfacet
  facet normal 0.303541 -0.952818 0
    outer loop
      vertex 24.2369 32.9735 0
      vertex 24.3069 32.9958 0.49
      vertex 24.2369 32.9735 0.49
    endloop
  endfacet
  facet normal 0.303541 -0.952818 0
    outer loop
      vertex 24.3069 32.9958 0.49
      vertex 24.2369 32.9735 0
      vertex 24.3069 32.9958 0
    endloop
  endfacet
  facet normal 0.435451 -0.900212 0
    outer loop
      vertex 24.3069 32.9958 0
      vertex 24.3714 33.027 0.49
      vertex 24.3069 32.9958 0.49
    endloop
  endfacet
  facet normal 0.435451 -0.900212 0
    outer loop
      vertex 24.3714 33.027 0.49
      vertex 24.3069 32.9958 0
      vertex 24.3714 33.027 0
    endloop
  endfacet
  facet normal 0.562118 -0.827057 0
    outer loop
      vertex 24.3714 33.027 0
      vertex 24.4304 33.0671 0.49
      vertex 24.3714 33.027 0.49
    endloop
  endfacet
  facet normal 0.562118 -0.827057 0
    outer loop
      vertex 24.4304 33.0671 0.49
      vertex 24.3714 33.027 0
      vertex 24.4304 33.0671 0
    endloop
  endfacet
  facet normal 0.674726 -0.738068 0
    outer loop
      vertex 24.4304 33.0671 0
      vertex 24.484 33.1161 0.49
      vertex 24.4304 33.0671 0.49
    endloop
  endfacet
  facet normal 0.674726 -0.738068 0
    outer loop
      vertex 24.484 33.1161 0.49
      vertex 24.4304 33.0671 0
      vertex 24.484 33.1161 0
    endloop
  endfacet
  facet normal 0.7692 -0.639008 0
    outer loop
      vertex 24.484 33.1161 0.49
      vertex 24.5321 33.174 0
      vertex 24.5321 33.174 0.49
    endloop
  endfacet
  facet normal 0.7692 -0.639008 0
    outer loop
      vertex 24.5321 33.174 0
      vertex 24.484 33.1161 0.49
      vertex 24.484 33.1161 0
    endloop
  endfacet
  facet normal 0.84564 -0.533754 0
    outer loop
      vertex 24.5321 33.174 0.49
      vertex 24.5742 33.2407 0
      vertex 24.5742 33.2407 0.49
    endloop
  endfacet
  facet normal 0.84564 -0.533754 0
    outer loop
      vertex 24.5742 33.2407 0
      vertex 24.5321 33.174 0.49
      vertex 24.5321 33.174 0
    endloop
  endfacet
  facet normal 0.904055 -0.427415 0
    outer loop
      vertex 24.5742 33.2407 0.49
      vertex 24.6098 33.316 0
      vertex 24.6098 33.316 0.49
    endloop
  endfacet
  facet normal 0.904055 -0.427415 0
    outer loop
      vertex 24.6098 33.316 0
      vertex 24.5742 33.2407 0.49
      vertex 24.5742 33.2407 0
    endloop
  endfacet
  facet normal 0.944664 -0.32804 0
    outer loop
      vertex 24.6098 33.316 0.49
      vertex 24.6389 33.3998 0
      vertex 24.6389 33.3998 0.49
    endloop
  endfacet
  facet normal 0.944664 -0.32804 0
    outer loop
      vertex 24.6389 33.3998 0
      vertex 24.6098 33.316 0.49
      vertex 24.6098 33.316 0
    endloop
  endfacet
  facet normal 0.971124 -0.238577 0
    outer loop
      vertex 24.6389 33.3998 0.49
      vertex 24.6616 33.4922 0
      vertex 24.6616 33.4922 0.49
    endloop
  endfacet
  facet normal 0.971124 -0.238577 0
    outer loop
      vertex 24.6616 33.4922 0
      vertex 24.6389 33.3998 0.49
      vertex 24.6389 33.3998 0
    endloop
  endfacet
  facet normal 0.98738 -0.158372 0
    outer loop
      vertex 24.6616 33.4922 0.49
      vertex 24.6778 33.5932 0
      vertex 24.6778 33.5932 0.49
    endloop
  endfacet
  facet normal 0.98738 -0.158372 0
    outer loop
      vertex 24.6778 33.5932 0
      vertex 24.6616 33.4922 0.49
      vertex 24.6616 33.4922 0
    endloop
  endfacet
  facet normal 0.996106 -0.0881591 0
    outer loop
      vertex 24.6778 33.5932 0.49
      vertex 24.6875 33.7028 0
      vertex 24.6875 33.7028 0.49
    endloop
  endfacet
  facet normal 0.996106 -0.0881591 0
    outer loop
      vertex 24.6875 33.7028 0
      vertex 24.6778 33.5932 0.49
      vertex 24.6778 33.5932 0
    endloop
  endfacet
  facet normal 0.999634 -0.0270628 0
    outer loop
      vertex 24.6875 33.7028 0.49
      vertex 24.6907 33.821 0
      vertex 24.6907 33.821 0.49
    endloop
  endfacet
  facet normal 0.999634 -0.0270628 0
    outer loop
      vertex 24.6907 33.821 0
      vertex 24.6875 33.7028 0.49
      vertex 24.6875 33.7028 0
    endloop
  endfacet
  facet normal 0 1 -0
    outer loop
      vertex 24.6907 33.821 0
      vertex 22.8083 33.821 0.49
      vertex 24.6907 33.821 0.49
    endloop
  endfacet
  facet normal 0 1 0
    outer loop
      vertex 22.8083 33.821 0.49
      vertex 24.6907 33.821 0
      vertex 22.8083 33.821 0
    endloop
  endfacet
  facet normal 1 -0 0
    outer loop
      vertex 22.8083 33.821 0.49
      vertex 22.8083 33.8427 0
      vertex 22.8083 33.8427 0.49
    endloop
  endfacet
  facet normal 1 0 0
    outer loop
      vertex 22.8083 33.8427 0
      vertex 22.8083 33.821 0.49
      vertex 22.8083 33.821 0
    endloop
  endfacet
  facet normal 0.999535 -0.0304791 0
    outer loop
      vertex 22.8083 33.8427 0.49
      vertex 22.8151 34.0657 0
      vertex 22.8151 34.0657 0.49
    endloop
  endfacet
  facet normal 0.999535 -0.0304791 0
    outer loop
      vertex 22.8151 34.0657 0
      vertex 22.8083 33.8427 0.49
      vertex 22.8083 33.8427 0
    endloop
  endfacet
  facet normal 0.995184 -0.0980287 0
    outer loop
      vertex 22.8151 34.0657 0.49
      vertex 22.8355 34.2728 0
      vertex 22.8355 34.2728 0.49
    endloop
  endfacet
  facet normal 0.995184 -0.0980287 0
    outer loop
      vertex 22.8355 34.2728 0
      vertex 22.8151 34.0657 0.49
      vertex 22.8151 34.0657 0
    endloop
  endfacet
  facet normal 0.984555 -0.175078 0
    outer loop
      vertex 22.8355 34.2728 0.49
      vertex 22.8695 34.464 0
      vertex 22.8695 34.464 0.49
    endloop
  endfacet
  facet normal 0.984555 -0.175078 0
    outer loop
      vertex 22.8695 34.464 0
      vertex 22.8355 34.2728 0.49
      vertex 22.8355 34.2728 0
    endloop
  endfacet
  facet normal 0.964954 -0.262419 0
    outer loop
      vertex 22.8695 34.464 0.49
      vertex 22.9172 34.6394 0
      vertex 22.9172 34.6394 0.49
    endloop
  endfacet
  facet normal 0.964954 -0.262419 0
    outer loop
      vertex 22.9172 34.6394 0
      vertex 22.8695 34.464 0.49
      vertex 22.8695 34.464 0
    endloop
  endfacet
  facet normal 0.933361 -0.35894 0
    outer loop
      vertex 22.9172 34.6394 0.49
      vertex 22.9785 34.7988 0
      vertex 22.9785 34.7988 0.49
    endloop
  endfacet
  facet normal 0.933361 -0.35894 0
    outer loop
      vertex 22.9785 34.7988 0
      vertex 22.9172 34.6394 0.49
      vertex 22.9172 34.6394 0
    endloop
  endfacet
  facet normal 0.88664 -0.46246 0
    outer loop
      vertex 22.9785 34.7988 0.49
      vertex 23.0534 34.9424 0
      vertex 23.0534 34.9424 0.49
    endloop
  endfacet
  facet normal 0.88664 -0.46246 0
    outer loop
      vertex 23.0534 34.9424 0
      vertex 22.9785 34.7988 0.49
      vertex 22.9785 34.7988 0
    endloop
  endfacet
  facet normal 0.821914 -0.569612 0
    outer loop
      vertex 23.0534 34.9424 0.49
      vertex 23.1419 35.0701 0
      vertex 23.1419 35.0701 0.49
    endloop
  endfacet
  facet normal 0.821914 -0.569612 0
    outer loop
      vertex 23.1419 35.0701 0
      vertex 23.0534 34.9424 0.49
      vertex 23.0534 34.9424 0
    endloop
  endfacet
  facet normal 0.738917 -0.673797 0
    outer loop
      vertex 23.1419 35.0701 0.49
      vertex 23.2433 35.1813 0
      vertex 23.2433 35.1813 0.49
    endloop
  endfacet
  facet normal 0.738917 -0.673797 0
    outer loop
      vertex 23.2433 35.1813 0
      vertex 23.1419 35.0701 0.49
      vertex 23.1419 35.0701 0
    endloop
  endfacet
  facet normal 0.637512 -0.77044 0
    outer loop
      vertex 23.2433 35.1813 0
      vertex 23.3569 35.2753 0.49
      vertex 23.2433 35.1813 0.49
    endloop
  endfacet
  facet normal 0.637512 -0.77044 0
    outer loop
      vertex 23.3569 35.2753 0.49
      vertex 23.2433 35.1813 0
      vertex 23.3569 35.2753 0
    endloop
  endfacet
  facet normal 0.522053 -0.852913 0
    outer loop
      vertex 23.3569 35.2753 0
      vertex 23.4827 35.3523 0.49
      vertex 23.3569 35.2753 0.49
    endloop
  endfacet
  facet normal 0.522053 -0.852913 0
    outer loop
      vertex 23.4827 35.3523 0.49
      vertex 23.3569 35.2753 0
      vertex 23.4827 35.3523 0
    endloop
  endfacet
  facet normal 0.39841 -0.917207 0
    outer loop
      vertex 23.4827 35.3523 0
      vertex 23.6206 35.4122 0.49
      vertex 23.4827 35.3523 0.49
    endloop
  endfacet
  facet normal 0.39841 -0.917207 0
    outer loop
      vertex 23.6206 35.4122 0.49
      vertex 23.4827 35.3523 0
      vertex 23.6206 35.4122 0
    endloop
  endfacet
  facet normal 0.273452 -0.961886 0
    outer loop
      vertex 23.6206 35.4122 0
      vertex 23.7708 35.4549 0.49
      vertex 23.6206 35.4122 0.49
    endloop
  endfacet
  facet normal 0.273452 -0.961886 0
    outer loop
      vertex 23.7708 35.4549 0.49
      vertex 23.6206 35.4122 0
      vertex 23.7708 35.4549 0
    endloop
  endfacet
  facet normal 0.1564 -0.987694 0
    outer loop
      vertex 23.7708 35.4549 0
      vertex 23.9331 35.4806 0.49
      vertex 23.7708 35.4549 0.49
    endloop
  endfacet
  facet normal 0.1564 -0.987694 0
    outer loop
      vertex 23.9331 35.4806 0.49
      vertex 23.7708 35.4549 0
      vertex 23.9331 35.4806 0
    endloop
  endfacet
  facet normal 0.0492239 -0.998788 0
    outer loop
      vertex 23.9331 35.4806 0
      vertex 24.1076 35.4892 0.49
      vertex 23.9331 35.4806 0.49
    endloop
  endfacet
  facet normal 0.0492239 -0.998788 0
    outer loop
      vertex 24.1076 35.4892 0.49
      vertex 23.9331 35.4806 0
      vertex 24.1076 35.4892 0
    endloop
  endfacet
  facet normal -0.043698 -0.999045 0
    outer loop
      vertex 24.1076 35.4892 0
      vertex 24.2905 35.4812 0.49
      vertex 24.1076 35.4892 0.49
    endloop
  endfacet
  facet normal -0.043698 -0.999045 -0
    outer loop
      vertex 24.2905 35.4812 0.49
      vertex 24.1076 35.4892 0
      vertex 24.2905 35.4812 0
    endloop
  endfacet
  facet normal -0.138659 -0.99034 0
    outer loop
      vertex 24.2905 35.4812 0
      vertex 24.4612 35.4573 0.49
      vertex 24.2905 35.4812 0.49
    endloop
  endfacet
  facet normal -0.138659 -0.99034 -0
    outer loop
      vertex 24.4612 35.4573 0.49
      vertex 24.2905 35.4812 0
      vertex 24.4612 35.4573 0
    endloop
  endfacet
  facet normal -0.244264 -0.969709 0
    outer loop
      vertex 24.4612 35.4573 0
      vertex 24.6196 35.4174 0.49
      vertex 24.4612 35.4573 0.49
    endloop
  endfacet
  facet normal -0.244264 -0.969709 -0
    outer loop
      vertex 24.6196 35.4174 0.49
      vertex 24.4612 35.4573 0
      vertex 24.6196 35.4174 0
    endloop
  endfacet
  facet normal -0.356793 -0.934184 0
    outer loop
      vertex 24.6196 35.4174 0
      vertex 24.7657 35.3616 0.49
      vertex 24.6196 35.4174 0.49
    endloop
  endfacet
  facet normal -0.356793 -0.934184 -0
    outer loop
      vertex 24.7657 35.3616 0.49
      vertex 24.6196 35.4174 0
      vertex 24.7657 35.3616 0
    endloop
  endfacet
  facet normal -0.472605 -0.881274 0
    outer loop
      vertex 24.7657 35.3616 0
      vertex 24.8994 35.2899 0.49
      vertex 24.7657 35.3616 0.49
    endloop
  endfacet
  facet normal -0.472605 -0.881274 -0
    outer loop
      vertex 24.8994 35.2899 0.49
      vertex 24.7657 35.3616 0
      vertex 24.8994 35.2899 0
    endloop
  endfacet
  facet normal -0.584955 -0.811066 0
    outer loop
      vertex 24.8994 35.2899 0
      vertex 25.021 35.2022 0.49
      vertex 24.8994 35.2899 0.49
    endloop
  endfacet
  facet normal -0.584955 -0.811066 -0
    outer loop
      vertex 25.021 35.2022 0.49
      vertex 24.8994 35.2899 0
      vertex 25.021 35.2022 0
    endloop
  endfacet
  facet normal -0.68826 -0.725464 0
    outer loop
      vertex 25.021 35.2022 0
      vertex 25.1302 35.0986 0.49
      vertex 25.021 35.2022 0.49
    endloop
  endfacet
  facet normal -0.68826 -0.725464 -0
    outer loop
      vertex 25.1302 35.0986 0.49
      vertex 25.021 35.2022 0
      vertex 25.1302 35.0986 0
    endloop
  endfacet
  facet normal -0.777978 -0.628291 0
    outer loop
      vertex 25.2259 34.9801 0
      vertex 25.1302 35.0986 0.49
      vertex 25.1302 35.0986 0
    endloop
  endfacet
  facet normal -0.777978 -0.628291 0
    outer loop
      vertex 25.1302 35.0986 0.49
      vertex 25.2259 34.9801 0
      vertex 25.2259 34.9801 0.49
    endloop
  endfacet
  facet normal -0.852675 -0.522441 0
    outer loop
      vertex 25.3069 34.8479 0
      vertex 25.2259 34.9801 0.49
      vertex 25.2259 34.9801 0
    endloop
  endfacet
  facet normal -0.852675 -0.522441 0
    outer loop
      vertex 25.2259 34.9801 0.49
      vertex 25.3069 34.8479 0
      vertex 25.3069 34.8479 0.49
    endloop
  endfacet
  facet normal -0.910644 -0.413192 0
    outer loop
      vertex 25.3731 34.702 0
      vertex 25.3069 34.8479 0.49
      vertex 25.3069 34.8479 0
    endloop
  endfacet
  facet normal -0.910644 -0.413192 0
    outer loop
      vertex 25.3069 34.8479 0.49
      vertex 25.3731 34.702 0
      vertex 25.3731 34.702 0.49
    endloop
  endfacet
  facet normal -0.951562 -0.307455 0
    outer loop
      vertex 25.4247 34.5423 0
      vertex 25.3731 34.702 0.49
      vertex 25.3731 34.702 0
    endloop
  endfacet
  facet normal -0.951562 -0.307455 0
    outer loop
      vertex 25.3731 34.702 0.49
      vertex 25.4247 34.5423 0
      vertex 25.4247 34.5423 0.49
    endloop
  endfacet
  facet normal -0.978189 -0.207717 0
    outer loop
      vertex 25.4615 34.369 0
      vertex 25.4247 34.5423 0.49
      vertex 25.4247 34.5423 0
    endloop
  endfacet
  facet normal -0.978189 -0.207717 0
    outer loop
      vertex 25.4247 34.5423 0.49
      vertex 25.4615 34.369 0
      vertex 25.4615 34.369 0.49
    endloop
  endfacet
  facet normal -0.993096 -0.117303 0
    outer loop
      vertex 25.4836 34.1819 0
      vertex 25.4615 34.369 0.49
      vertex 25.4615 34.369 0
    endloop
  endfacet
  facet normal -0.993096 -0.117303 0
    outer loop
      vertex 25.4615 34.369 0.49
      vertex 25.4836 34.1819 0
      vertex 25.4836 34.1819 0.49
    endloop
  endfacet
  facet normal -0.99934 -0.0363125 0
    outer loop
      vertex 25.4909 33.981 0
      vertex 25.4836 34.1819 0.49
      vertex 25.4836 34.1819 0
    endloop
  endfacet
  facet normal -0.99934 -0.0363125 0
    outer loop
      vertex 25.4836 34.1819 0.49
      vertex 25.4909 33.981 0
      vertex 25.4909 33.981 0.49
    endloop
  endfacet
  facet normal -0.999397 0.0347113 0
    outer loop
      vertex 25.4837 33.7737 0
      vertex 25.4909 33.981 0.49
      vertex 25.4909 33.981 0
    endloop
  endfacet
  facet normal -0.999397 0.0347113 0
    outer loop
      vertex 25.4909 33.981 0.49
      vertex 25.4837 33.7737 0
      vertex 25.4837 33.7737 0.49
    endloop
  endfacet
  facet normal -0.993662 0.112412 0
    outer loop
      vertex 25.4619 33.581 0
      vertex 25.4837 33.7737 0.49
      vertex 25.4837 33.7737 0
    endloop
  endfacet
  facet normal -0.993662 0.112412 0
    outer loop
      vertex 25.4837 33.7737 0.49
      vertex 25.4619 33.581 0
      vertex 25.4619 33.581 0.49
    endloop
  endfacet
  facet normal -0.97994 0.199291 0
    outer loop
      vertex 25.4257 33.403 0
      vertex 25.4619 33.581 0.49
      vertex 25.4619 33.581 0
    endloop
  endfacet
  facet normal -0.97994 0.199291 0
    outer loop
      vertex 25.4619 33.581 0.49
      vertex 25.4257 33.403 0
      vertex 25.4257 33.403 0.49
    endloop
  endfacet
  facet normal -0.954864 0.297043 0
    outer loop
      vertex 25.3749 33.2397 0
      vertex 25.4257 33.403 0.49
      vertex 25.4257 33.403 0
    endloop
  endfacet
  facet normal -0.954864 0.297043 0
    outer loop
      vertex 25.4257 33.403 0.49
      vertex 25.3749 33.2397 0
      vertex 25.3749 33.2397 0.49
    endloop
  endfacet
  facet normal -0.915605 0.402078 0
    outer loop
      vertex 25.3096 33.091 0
      vertex 25.3749 33.2397 0.49
      vertex 25.3749 33.2397 0
    endloop
  endfacet
  facet normal -0.915605 0.402078 0
    outer loop
      vertex 25.3749 33.2397 0.49
      vertex 25.3096 33.091 0
      vertex 25.3096 33.091 0.49
    endloop
  endfacet
  facet normal -0.859467 0.511191 0
    outer loop
      vertex 25.2299 32.957 0
      vertex 25.3096 33.091 0.49
      vertex 25.3096 33.091 0
    endloop
  endfacet
  facet normal -0.859467 0.511191 0
    outer loop
      vertex 25.3096 33.091 0.49
      vertex 25.2299 32.957 0
      vertex 25.2299 32.957 0.49
    endloop
  endfacet
  facet normal -0.784512 0.620113 0
    outer loop
      vertex 25.1356 32.8377 0
      vertex 25.2299 32.957 0.49
      vertex 25.2299 32.957 0
    endloop
  endfacet
  facet normal -0.784512 0.620113 0
    outer loop
      vertex 25.2299 32.957 0.49
      vertex 25.1356 32.8377 0
      vertex 25.1356 32.8377 0.49
    endloop
  endfacet
  facet normal -0.694309 0.719677 0
    outer loop
      vertex 25.1356 32.8377 0
      vertex 25.0278 32.7337 0.49
      vertex 25.1356 32.8377 0.49
    endloop
  endfacet
  facet normal -0.694309 0.719677 0
    outer loop
      vertex 25.0278 32.7337 0.49
      vertex 25.1356 32.8377 0
      vertex 25.0278 32.7337 0
    endloop
  endfacet
  facet normal -0.590403 0.807108 0
    outer loop
      vertex 25.0278 32.7337 0
      vertex 24.9075 32.6457 0.49
      vertex 25.0278 32.7337 0.49
    endloop
  endfacet
  facet normal -0.590403 0.807108 0
    outer loop
      vertex 24.9075 32.6457 0.49
      vertex 25.0278 32.7337 0
      vertex 24.9075 32.6457 0
    endloop
  endfacet
  facet normal -0.476624 0.879107 0
    outer loop
      vertex 24.9075 32.6457 0
      vertex 24.7747 32.5737 0.49
      vertex 24.9075 32.6457 0.49
    endloop
  endfacet
  facet normal -0.476624 0.879107 0
    outer loop
      vertex 24.7747 32.5737 0.49
      vertex 24.9075 32.6457 0
      vertex 24.7747 32.5737 0
    endloop
  endfacet
  facet normal -0.359624 0.933097 0
    outer loop
      vertex 24.7747 32.5737 0
      vertex 24.6294 32.5177 0.49
      vertex 24.7747 32.5737 0.49
    endloop
  endfacet
  facet normal -0.359624 0.933097 0
    outer loop
      vertex 24.6294 32.5177 0.49
      vertex 24.7747 32.5737 0
      vertex 24.6294 32.5177 0
    endloop
  endfacet
  facet normal -0.245137 0.969488 0
    outer loop
      vertex 24.6294 32.5177 0
      vertex 24.4716 32.4778 0.49
      vertex 24.6294 32.5177 0.49
    endloop
  endfacet
  facet normal -0.245137 0.969488 0
    outer loop
      vertex 24.4716 32.4778 0.49
      vertex 24.6294 32.5177 0
      vertex 24.4716 32.4778 0
    endloop
  endfacet
  facet normal -0.139549 0.990215 0
    outer loop
      vertex 24.4716 32.4778 0
      vertex 24.3013 32.4538 0.49
      vertex 24.4716 32.4778 0.49
    endloop
  endfacet
  facet normal -0.139549 0.990215 0
    outer loop
      vertex 24.3013 32.4538 0.49
      vertex 24.4716 32.4778 0
      vertex 24.3013 32.4538 0
    endloop
  endfacet
  facet normal -0.043698 0.999045 0
    outer loop
      vertex 24.3013 32.4538 0
      vertex 24.1184 32.4458 0.49
      vertex 24.3013 32.4538 0.49
    endloop
  endfacet
  facet normal -0.043698 0.999045 0
    outer loop
      vertex 24.1184 32.4458 0.49
      vertex 24.3013 32.4538 0
      vertex 24.1184 32.4458 0
    endloop
  endfacet
  facet normal 0.0622587 0.99806 -0
    outer loop
      vertex 24.1184 32.4458 0
      vertex 23.8587 32.462 0.49
      vertex 24.1184 32.4458 0.49
    endloop
  endfacet
  facet normal 0.0622587 0.99806 0
    outer loop
      vertex 23.8587 32.462 0.49
      vertex 24.1184 32.4458 0
      vertex 23.8587 32.462 0
    endloop
  endfacet
  facet normal 0.9985 0.0547564 0
    outer loop
      vertex 24.6853 34.2984 0.49
      vertex 24.6802 34.3914 0
      vertex 24.6802 34.3914 0.49
    endloop
  endfacet
  facet normal 0.9985 0.0547564 0
    outer loop
      vertex 24.6802 34.3914 0
      vertex 24.6853 34.2984 0.49
      vertex 24.6853 34.2984 0
    endloop
  endfacet
  facet normal 0.992522 0.122069 0
    outer loop
      vertex 24.6802 34.3914 0.49
      vertex 24.6695 34.4784 0
      vertex 24.6695 34.4784 0.49
    endloop
  endfacet
  facet normal 0.992522 0.122069 0
    outer loop
      vertex 24.6695 34.4784 0
      vertex 24.6802 34.3914 0.49
      vertex 24.6802 34.3914 0
    endloop
  endfacet
  facet normal 0.9803 0.197514 0
    outer loop
      vertex 24.6695 34.4784 0.49
      vertex 24.6532 34.5593 0
      vertex 24.6532 34.5593 0.49
    endloop
  endfacet
  facet normal 0.9803 0.197514 0
    outer loop
      vertex 24.6532 34.5593 0
      vertex 24.6695 34.4784 0.49
      vertex 24.6695 34.4784 0
    endloop
  endfacet
  facet normal 0.959611 0.281332 0
    outer loop
      vertex 24.6532 34.5593 0.49
      vertex 24.6313 34.634 0
      vertex 24.6313 34.634 0.49
    endloop
  endfacet
  facet normal 0.959611 0.281332 0
    outer loop
      vertex 24.6313 34.634 0
      vertex 24.6532 34.5593 0.49
      vertex 24.6532 34.5593 0
    endloop
  endfacet
  facet normal 0.928383 0.371624 0
    outer loop
      vertex 24.6313 34.634 0.49
      vertex 24.6038 34.7027 0
      vertex 24.6038 34.7027 0.49
    endloop
  endfacet
  facet normal 0.928383 0.371624 0
    outer loop
      vertex 24.6038 34.7027 0
      vertex 24.6313 34.634 0.49
      vertex 24.6313 34.634 0
    endloop
  endfacet
  facet normal 0.884336 0.466851 0
    outer loop
      vertex 24.6038 34.7027 0.49
      vertex 24.5707 34.7654 0
      vertex 24.5707 34.7654 0.49
    endloop
  endfacet
  facet normal 0.884336 0.466851 0
    outer loop
      vertex 24.5707 34.7654 0
      vertex 24.6038 34.7027 0.49
      vertex 24.6038 34.7027 0
    endloop
  endfacet
  facet normal 0.825701 0.564107 0
    outer loop
      vertex 24.5707 34.7654 0.49
      vertex 24.5321 34.8219 0
      vertex 24.5321 34.8219 0.49
    endloop
  endfacet
  facet normal 0.825701 0.564107 0
    outer loop
      vertex 24.5321 34.8219 0
      vertex 24.5707 34.7654 0.49
      vertex 24.5707 34.7654 0
    endloop
  endfacet
  facet normal 0.748075 0.663615 0
    outer loop
      vertex 24.5321 34.8219 0.49
      vertex 24.4881 34.8715 0
      vertex 24.4881 34.8715 0.49
    endloop
  endfacet
  facet normal 0.748075 0.663615 0
    outer loop
      vertex 24.4881 34.8715 0
      vertex 24.5321 34.8219 0.49
      vertex 24.5321 34.8219 0
    endloop
  endfacet
  facet normal 0.651683 0.758491 -0
    outer loop
      vertex 24.4881 34.8715 0
      vertex 24.4391 34.9136 0.49
      vertex 24.4881 34.8715 0.49
    endloop
  endfacet
  facet normal 0.651683 0.758491 0
    outer loop
      vertex 24.4391 34.9136 0.49
      vertex 24.4881 34.8715 0
      vertex 24.4391 34.9136 0
    endloop
  endfacet
  facet normal 0.536573 0.843854 -0
    outer loop
      vertex 24.4391 34.9136 0
      vertex 24.385 34.948 0.49
      vertex 24.4391 34.9136 0.49
    endloop
  endfacet
  facet normal 0.536573 0.843854 0
    outer loop
      vertex 24.385 34.948 0.49
      vertex 24.4391 34.9136 0
      vertex 24.385 34.948 0
    endloop
  endfacet
  facet normal 0.411711 0.911315 -0
    outer loop
      vertex 24.385 34.948 0
      vertex 24.3259 34.9747 0.49
      vertex 24.385 34.948 0.49
    endloop
  endfacet
  facet normal 0.411711 0.911315 0
    outer loop
      vertex 24.3259 34.9747 0.49
      vertex 24.385 34.948 0
      vertex 24.3259 34.9747 0
    endloop
  endfacet
  facet normal 0.285564 0.95836 -0
    outer loop
      vertex 24.3259 34.9747 0
      vertex 24.2618 34.9938 0.49
      vertex 24.3259 34.9747 0.49
    endloop
  endfacet
  facet normal 0.285564 0.95836 0
    outer loop
      vertex 24.2618 34.9938 0.49
      vertex 24.3259 34.9747 0
      vertex 24.2618 34.9938 0
    endloop
  endfacet
  facet normal 0.162549 0.9867 -0
    outer loop
      vertex 24.2618 34.9938 0
      vertex 24.1926 35.0052 0.49
      vertex 24.2618 34.9938 0.49
    endloop
  endfacet
  facet normal 0.162549 0.9867 0
    outer loop
      vertex 24.1926 35.0052 0.49
      vertex 24.2618 34.9938 0
      vertex 24.1926 35.0052 0
    endloop
  endfacet
  facet normal 0.0524882 0.998622 -0
    outer loop
      vertex 24.1926 35.0052 0
      vertex 24.1184 35.0091 0.49
      vertex 24.1926 35.0052 0.49
    endloop
  endfacet
  facet normal 0.0524882 0.998622 0
    outer loop
      vertex 24.1184 35.0091 0.49
      vertex 24.1926 35.0052 0
      vertex 24.1184 35.0091 0
    endloop
  endfacet
  facet normal -0.0527835 0.998606 0
    outer loop
      vertex 24.1184 35.0091 0
      vertex 24.0484 35.0054 0.49
      vertex 24.1184 35.0091 0.49
    endloop
  endfacet
  facet normal -0.0527835 0.998606 0
    outer loop
      vertex 24.0484 35.0054 0.49
      vertex 24.1184 35.0091 0
      vertex 24.0484 35.0054 0
    endloop
  endfacet
  facet normal -0.162207 0.986757 0
    outer loop
      vertex 24.0484 35.0054 0
      vertex 23.9827 34.9946 0.49
      vertex 24.0484 35.0054 0.49
    endloop
  endfacet
  facet normal -0.162207 0.986757 0
    outer loop
      vertex 23.9827 34.9946 0.49
      vertex 24.0484 35.0054 0
      vertex 23.9827 34.9946 0
    endloop
  endfacet
  facet normal -0.283346 0.959018 0
    outer loop
      vertex 23.9827 34.9946 0
      vertex 23.9211 34.9764 0.49
      vertex 23.9827 34.9946 0.49
    endloop
  endfacet
  facet normal -0.283346 0.959018 0
    outer loop
      vertex 23.9211 34.9764 0.49
      vertex 23.9827 34.9946 0
      vertex 23.9211 34.9764 0
    endloop
  endfacet
  facet normal -0.40525 0.914206 0
    outer loop
      vertex 23.9211 34.9764 0
      vertex 23.8638 34.951 0.49
      vertex 23.9211 34.9764 0.49
    endloop
  endfacet
  facet normal -0.40525 0.914206 0
    outer loop
      vertex 23.8638 34.951 0.49
      vertex 23.9211 34.9764 0
      vertex 23.8638 34.951 0
    endloop
  endfacet
  facet normal -0.522487 0.852647 0
    outer loop
      vertex 23.8638 34.951 0
      vertex 23.8106 34.9184 0.49
      vertex 23.8638 34.951 0.49
    endloop
  endfacet
  facet normal -0.522487 0.852647 0
    outer loop
      vertex 23.8106 34.9184 0.49
      vertex 23.8638 34.951 0
      vertex 23.8106 34.9184 0
    endloop
  endfacet
  facet normal -0.632202 0.774804 0
    outer loop
      vertex 23.8106 34.9184 0
      vertex 23.7617 34.8785 0.49
      vertex 23.8106 34.9184 0.49
    endloop
  endfacet
  facet normal -0.632202 0.774804 0
    outer loop
      vertex 23.7617 34.8785 0.49
      vertex 23.8106 34.9184 0
      vertex 23.7617 34.8785 0
    endloop
  endfacet
  facet normal -0.725345 0.688385 0
    outer loop
      vertex 23.717 34.8314 0
      vertex 23.7617 34.8785 0.49
      vertex 23.7617 34.8785 0
    endloop
  endfacet
  facet normal -0.725345 0.688385 0
    outer loop
      vertex 23.7617 34.8785 0.49
      vertex 23.717 34.8314 0
      vertex 23.717 34.8314 0.49
    endloop
  endfacet
  facet normal -0.805651 0.59239 0
    outer loop
      vertex 23.677 34.777 0
      vertex 23.717 34.8314 0.49
      vertex 23.717 34.8314 0
    endloop
  endfacet
  facet normal -0.805651 0.59239 0
    outer loop
      vertex 23.717 34.8314 0.49
      vertex 23.677 34.777 0
      vertex 23.677 34.777 0.49
    endloop
  endfacet
  facet normal -0.870063 0.492941 0
    outer loop
      vertex 23.6421 34.7154 0
      vertex 23.677 34.777 0.49
      vertex 23.677 34.777 0
    endloop
  endfacet
  facet normal -0.870063 0.492941 0
    outer loop
      vertex 23.677 34.777 0.49
      vertex 23.6421 34.7154 0
      vertex 23.6421 34.7154 0.49
    endloop
  endfacet
  facet normal -0.9188 0.394724 0
    outer loop
      vertex 23.6125 34.6465 0
      vertex 23.6421 34.7154 0.49
      vertex 23.6421 34.7154 0
    endloop
  endfacet
  facet normal -0.9188 0.394724 0
    outer loop
      vertex 23.6421 34.7154 0.49
      vertex 23.6125 34.6465 0
      vertex 23.6125 34.6465 0.49
    endloop
  endfacet
  facet normal -0.952366 0.304957 0
    outer loop
      vertex 23.5881 34.5703 0
      vertex 23.6125 34.6465 0.49
      vertex 23.6125 34.6465 0
    endloop
  endfacet
  facet normal -0.952366 0.304957 0
    outer loop
      vertex 23.6125 34.6465 0.49
      vertex 23.5881 34.5703 0
      vertex 23.5881 34.5703 0.49
    endloop
  endfacet
  facet normal -0.974509 0.224347 0
    outer loop
      vertex 23.5689 34.4869 0
      vertex 23.5881 34.5703 0.49
      vertex 23.5881 34.5703 0
    endloop
  endfacet
  facet normal -0.974509 0.224347 0
    outer loop
      vertex 23.5881 34.5703 0.49
      vertex 23.5689 34.4869 0
      vertex 23.5689 34.4869 0.49
    endloop
  endfacet
  facet normal -0.988271 0.152713 0
    outer loop
      vertex 23.5549 34.3963 0
      vertex 23.5689 34.4869 0.49
      vertex 23.5689 34.4869 0
    endloop
  endfacet
  facet normal -0.988271 0.152713 0
    outer loop
      vertex 23.5689 34.4869 0.49
      vertex 23.5549 34.3963 0
      vertex 23.5549 34.3963 0.49
    endloop
  endfacet
  facet normal -0.995984 0.0895267 0
    outer loop
      vertex 23.5461 34.2984 0
      vertex 23.5549 34.3963 0.49
      vertex 23.5549 34.3963 0
    endloop
  endfacet
  facet normal -0.995984 0.0895267 0
    outer loop
      vertex 23.5549 34.3963 0.49
      vertex 23.5461 34.2984 0
      vertex 23.5461 34.2984 0.49
    endloop
  endfacet
  facet normal 0 -1 0
    outer loop
      vertex 23.5461 34.2984 0
      vertex 24.6853 34.2984 0.49
      vertex 23.5461 34.2984 0.49
    endloop
  endfacet
  facet normal 0 -1 -0
    outer loop
      vertex 24.6853 34.2984 0.49
      vertex 23.5461 34.2984 0
      vertex 24.6853 34.2984 0
    endloop
  endfacet
  facet normal 0 -1 0
    outer loop
      vertex 19.6255 35.4349 0
      vertex 20.423 35.4349 0.49
      vertex 19.6255 35.4349 0.49
    endloop
  endfacet
  facet normal 0 -1 -0
    outer loop
      vertex 20.423 35.4349 0.49
      vertex 19.6255 35.4349 0
      vertex 20.423 35.4349 0
    endloop
  endfacet
  facet normal -0.95049 -0.310754 0
    outer loop
      vertex 20.5679 34.9917 0
      vertex 20.423 35.4349 0.49
      vertex 20.423 35.4349 0
    endloop
  endfacet
  facet normal -0.95049 -0.310754 0
    outer loop
      vertex 20.423 35.4349 0.49
      vertex 20.5679 34.9917 0
      vertex 20.5679 34.9917 0.49
    endloop
  endfacet
  facet normal -0.950749 -0.309963 0
    outer loop
      vertex 20.6942 34.6043 0
      vertex 20.5679 34.9917 0.49
      vertex 20.5679 34.9917 0
    endloop
  endfacet
  facet normal -0.950749 -0.309963 0
    outer loop
      vertex 20.5679 34.9917 0.49
      vertex 20.6942 34.6043 0
      vertex 20.6942 34.6043 0.49
    endloop
  endfacet
  facet normal -0.950954 -0.309333 0
    outer loop
      vertex 20.802 34.2729 0
      vertex 20.6942 34.6043 0.49
      vertex 20.6942 34.6043 0
    endloop
  endfacet
  facet normal -0.950954 -0.309333 0
    outer loop
      vertex 20.6942 34.6043 0.49
      vertex 20.802 34.2729 0
      vertex 20.802 34.2729 0.49
    endloop
  endfacet
  facet normal -0.951477 -0.307719 0
    outer loop
      vertex 20.8911 33.9974 0
      vertex 20.802 34.2729 0.49
      vertex 20.802 34.2729 0
    endloop
  endfacet
  facet normal -0.951477 -0.307719 0
    outer loop
      vertex 20.802 34.2729 0.49
      vertex 20.8911 33.9974 0
      vertex 20.8911 33.9974 0.49
    endloop
  endfacet
  facet normal -0.952137 -0.305672 0
    outer loop
      vertex 20.9616 33.7778 0
      vertex 20.8911 33.9974 0.49
      vertex 20.8911 33.9974 0
    endloop
  endfacet
  facet normal -0.952137 -0.305672 0
    outer loop
      vertex 20.8911 33.9974 0.49
      vertex 20.9616 33.7778 0
      vertex 20.9616 33.7778 0.49
    endloop
  endfacet
  facet normal -0.953239 -0.302218 0
    outer loop
      vertex 21.0135 33.6141 0
      vertex 20.9616 33.7778 0.49
      vertex 20.9616 33.7778 0
    endloop
  endfacet
  facet normal -0.953239 -0.302218 0
    outer loop
      vertex 20.9616 33.7778 0.49
      vertex 21.0135 33.6141 0
      vertex 21.0135 33.6141 0.49
    endloop
  endfacet
  facet normal -0.955202 -0.295953 0
    outer loop
      vertex 21.0469 33.5063 0
      vertex 21.0135 33.6141 0.49
      vertex 21.0135 33.6141 0
    endloop
  endfacet
  facet normal -0.955202 -0.295953 0
    outer loop
      vertex 21.0135 33.6141 0.49
      vertex 21.0469 33.5063 0
      vertex 21.0469 33.5063 0.49
    endloop
  endfacet
  facet normal -0.95824 -0.285967 0
    outer loop
      vertex 21.0697 33.4299 0
      vertex 21.0469 33.5063 0.49
      vertex 21.0469 33.5063 0
    endloop
  endfacet
  facet normal -0.95824 -0.285967 0
    outer loop
      vertex 21.0469 33.5063 0.49
      vertex 21.0697 33.4299 0
      vertex 21.0697 33.4299 0.49
    endloop
  endfacet
  facet normal -0.95877 -0.284182 0
    outer loop
      vertex 21.0903 33.3604 0
      vertex 21.0697 33.4299 0.49
      vertex 21.0697 33.4299 0
    endloop
  endfacet
  facet normal -0.95877 -0.284182 0
    outer loop
      vertex 21.0697 33.4299 0.49
      vertex 21.0903 33.3604 0
      vertex 21.0903 33.3604 0.49
    endloop
  endfacet
  facet normal -0.960359 -0.278765 0
    outer loop
      vertex 21.1085 33.2977 0
      vertex 21.0903 33.3604 0.49
      vertex 21.0903 33.3604 0
    endloop
  endfacet
  facet normal -0.960359 -0.278765 0
    outer loop
      vertex 21.0903 33.3604 0.49
      vertex 21.1085 33.2977 0
      vertex 21.1085 33.2977 0.49
    endloop
  endfacet
  facet normal -0.961719 -0.274038 0
    outer loop
      vertex 21.1244 33.2419 0
      vertex 21.1085 33.2977 0.49
      vertex 21.1085 33.2977 0
    endloop
  endfacet
  facet normal -0.961719 -0.274038 0
    outer loop
      vertex 21.1085 33.2977 0.49
      vertex 21.1244 33.2419 0
      vertex 21.1244 33.2419 0.49
    endloop
  endfacet
  facet normal -0.96394 -0.266118 0
    outer loop
      vertex 21.1379 33.193 0
      vertex 21.1244 33.2419 0.49
      vertex 21.1244 33.2419 0
    endloop
  endfacet
  facet normal -0.96394 -0.266118 0
    outer loop
      vertex 21.1244 33.2419 0.49
      vertex 21.1379 33.193 0
      vertex 21.1379 33.193 0.49
    endloop
  endfacet
  facet normal -0.965815 -0.259233 0
    outer loop
      vertex 21.1492 33.1509 0
      vertex 21.1379 33.193 0.49
      vertex 21.1379 33.193 0
    endloop
  endfacet
  facet normal -0.965815 -0.259233 0
    outer loop
      vertex 21.1379 33.193 0.49
      vertex 21.1492 33.1509 0
      vertex 21.1492 33.1509 0.49
    endloop
  endfacet
  facet normal -0.969491 -0.245127 0
    outer loop
      vertex 21.1581 33.1157 0
      vertex 21.1492 33.1509 0.49
      vertex 21.1492 33.1509 0
    endloop
  endfacet
  facet normal -0.969491 -0.245127 0
    outer loop
      vertex 21.1492 33.1509 0.49
      vertex 21.1581 33.1157 0
      vertex 21.1581 33.1157 0.49
    endloop
  endfacet
  facet normal 0.962923 -0.269776 0
    outer loop
      vertex 21.1581 33.1157 0.49
      vertex 21.1992 33.2624 0
      vertex 21.1992 33.2624 0.49
    endloop
  endfacet
  facet normal 0.962923 -0.269776 0
    outer loop
      vertex 21.1992 33.2624 0
      vertex 21.1581 33.1157 0.49
      vertex 21.1581 33.1157 0
    endloop
  endfacet
  facet normal 0.962633 -0.27081 0
    outer loop
      vertex 21.1992 33.2624 0.49
      vertex 21.2358 33.3925 0
      vertex 21.2358 33.3925 0.49
    endloop
  endfacet
  facet normal 0.962633 -0.27081 0
    outer loop
      vertex 21.2358 33.3925 0
      vertex 21.1992 33.2624 0.49
      vertex 21.1992 33.2624 0
    endloop
  endfacet
  facet normal 0.962478 -0.271359 0
    outer loop
      vertex 21.2358 33.3925 0.49
      vertex 21.2678 33.506 0
      vertex 21.2678 33.506 0.49
    endloop
  endfacet
  facet normal 0.962478 -0.271359 0
    outer loop
      vertex 21.2678 33.506 0
      vertex 21.2358 33.3925 0.49
      vertex 21.2358 33.3925 0
    endloop
  endfacet
  facet normal 0.962009 -0.273016 0
    outer loop
      vertex 21.2678 33.506 0.49
      vertex 21.2953 33.6029 0
      vertex 21.2953 33.6029 0.49
    endloop
  endfacet
  facet normal 0.962009 -0.273016 0
    outer loop
      vertex 21.2953 33.6029 0
      vertex 21.2678 33.506 0.49
      vertex 21.2678 33.506 0
    endloop
  endfacet
  facet normal 0.961343 -0.275354 0
    outer loop
      vertex 21.2953 33.6029 0.49
      vertex 21.3183 33.6832 0
      vertex 21.3183 33.6832 0.49
    endloop
  endfacet
  facet normal 0.961343 -0.275354 0
    outer loop
      vertex 21.3183 33.6832 0
      vertex 21.2953 33.6029 0.49
      vertex 21.2953 33.6029 0
    endloop
  endfacet
  facet normal 0.960203 -0.279304 0
    outer loop
      vertex 21.3183 33.6832 0.49
      vertex 21.3368 33.7468 0
      vertex 21.3368 33.7468 0.49
    endloop
  endfacet
  facet normal 0.960203 -0.279304 0
    outer loop
      vertex 21.3368 33.7468 0
      vertex 21.3183 33.6832 0.49
      vertex 21.3183 33.6832 0
    endloop
  endfacet
  facet normal 0.959106 -0.283048 0
    outer loop
      vertex 21.3368 33.7468 0.49
      vertex 21.3507 33.7939 0
      vertex 21.3507 33.7939 0.49
    endloop
  endfacet
  facet normal 0.959106 -0.283048 0
    outer loop
      vertex 21.3507 33.7939 0
      vertex 21.3368 33.7468 0.49
      vertex 21.3368 33.7468 0
    endloop
  endfacet
  facet normal 0.954515 -0.298162 0
    outer loop
      vertex 21.3507 33.7939 0.49
      vertex 21.8633 35.4349 0
      vertex 21.8633 35.4349 0.49
    endloop
  endfacet
  facet normal 0.954515 -0.298162 0
    outer loop
      vertex 21.8633 35.4349 0
      vertex 21.3507 33.7939 0.49
      vertex 21.3507 33.7939 0
    endloop
  endfacet
  facet normal 0 -1 0
    outer loop
      vertex 21.8633 35.4349 0
      vertex 22.6689 35.4349 0.49
      vertex 21.8633 35.4349 0.49
    endloop
  endfacet
  facet normal 0 -1 -0
    outer loop
      vertex 22.6689 35.4349 0.49
      vertex 21.8633 35.4349 0
      vertex 22.6689 35.4349 0
    endloop
  endfacet
  facet normal -0.941587 0.336769 0
    outer loop
      vertex 21.6192 32.5 0
      vertex 22.6689 35.4349 0.49
      vertex 22.6689 35.4349 0
    endloop
  endfacet
  facet normal -0.941587 0.336769 0
    outer loop
      vertex 22.6689 35.4349 0.49
      vertex 21.6192 32.5 0
      vertex 21.6192 32.5 0.49
    endloop
  endfacet
  facet normal 0 1 -0
    outer loop
      vertex 21.6192 32.5 0
      vertex 20.7078 32.5 0.49
      vertex 21.6192 32.5 0.49
    endloop
  endfacet
  facet normal 0 1 0
    outer loop
      vertex 20.7078 32.5 0.49
      vertex 21.6192 32.5 0
      vertex 20.7078 32.5 0
    endloop
  endfacet
  facet normal 0.938237 0.345993 0
    outer loop
      vertex 20.7078 32.5 0.49
      vertex 19.6255 35.4349 0
      vertex 19.6255 35.4349 0.49
    endloop
  endfacet
  facet normal 0.938237 0.345993 0
    outer loop
      vertex 19.6255 35.4349 0
      vertex 20.7078 32.5 0.49
      vertex 20.7078 32.5 0
    endloop
  endfacet
endsolid OpenSCAD_Model
